CustomerID,Recency,Frequency,Monetary,AvgOrderValue,TotalQuantity,Recency_Scaled,Frequency_Scaled,Monetary_Scaled,KMeans_Cluster,DBSCAN_Cluster,Hierarchical_Cluster,Final_Cluster,Segment_Label
12348.0,248,3,90.2,15.033333333333331,140,1.7085492148605177,0.0019066252877515,-0.9114840462702324,1,0,0,1,At-Risk Customers
12349.0,18,1,999.15,17.226724137931033,523,-0.7981098475497693,-0.8594113484539994,0.7521727079563449,2,0,2,2,New/Occasional Buyers
12350.0,309,1,294.4,18.4,196,2.373358792282376,-0.8594113484539994,-0.5377355351166299,1,0,0,1,At-Risk Customers
12352.0,35,8,1010.61,13.843972602739726,437,-0.6128350472846611,2.155201559642129,0.7731480161728987,3,0,1,3,Regular Average Customers
12353.0,203,1,29.300000000000004,14.650000000000002,14,1.2181159200411136,-0.8594113484539994,-1.0229496894105576,1,0,0,1,At-Risk Customers
12354.0,231,1,682.69,17.06725,379,1.5232744145954094,-0.8594113484539994,0.1729540309746159,1,0,0,1,At-Risk Customers
12355.0,213,1,219.0,24.33333333333333,80,1.3271010966676478,-0.8594113484539994,-0.6757406170998895,1,0,0,1,At-Risk Customers
12356.0,245,2,1086.56,32.9260606060606,548,1.6758536618725572,-0.4287523615831239,0.9121597665260628,1,0,0,1,At-Risk Customers
12358.0,1,2,878.22,62.73,202,-0.9833846478148774,-0.4287523615831239,0.5308337880062708,0,0,2,0,Regular Average Customers
12360.0,51,3,1843.16,15.753504273504277,1088,-0.4384587646822064,0.0019066252877515,2.296969382289117,3,0,1,3,Regular Average Customers
12361.0,286,1,174.9,19.433333333333334,90,2.122692886041348,-0.8594113484539994,-0.7564571173049527,1,0,0,1,At-Risk Customers
12363.0,109,2,484.5,25.5,366,0.193655259751692,-0.4287523615831239,-0.1897943403551222,2,0,2,2,New/Occasional Buyers
12364.0,7,3,1106.28,14.183076923076923,1281,-0.917993541838957,0.0019066252877515,0.948253403352454,0,0,2,0,Regular Average Customers
12365.0,290,1,307.94,15.397,172,2.166286956691961,-0.8594113484539994,-0.5129531901557103,1,0,0,1,At-Risk Customers
12367.0,3,1,138.3,15.366666666666667,112,-0.9615876124895706,-0.8594113484539994,-0.8234463215567737,2,0,2,2,New/Occasional Buyers
12371.0,59,1,1300.46,22.42172413793104,508,-0.351270623380979,-0.8594113484539994,1.3036622471125252,0,0,1,0,Regular Average Customers
12372.0,71,3,938.34,21.325909090909093,670,-0.2204884114291379,0.0019066252877515,0.6408717923674587,0,0,2,0,Regular Average Customers
12373.0,310,1,299.1,24.925,166,2.384257309945029,-0.8594113484539994,-0.5291330963192648,1,0,0,1,At-Risk Customers
12374.0,24,1,531.73,18.33551724137931,331,-0.7327187415738488,-0.8594113484539994,-0.1033489819722394,2,0,2,2,New/Occasional Buyers
12375.0,2,3,281.22,20.087142857142855,141,-0.972486130152224,0.0019066252877515,-0.5618589698717937,2,0,2,2,New/Occasional Buyers
12377.0,314,2,1472.52,19.89891891891892,934,2.4278513805956434,-0.4287523615831239,1.618584719341168,1,1,0,1,At-Risk Customers
12379.0,81,3,734.49,19.328684210526315,353,-0.1115032348026037,0.0019066252877515,0.2677638883583407,0,0,2,0,Regular Average Customers
12380.0,21,5,1734.0,18.847826086956523,877,-0.7654142945618091,0.8632245990295024,2.097173165454998,3,0,1,3,Regular Average Customers
12381.0,4,6,1212.11,15.539871794871791,717,-0.9506890948269172,1.293883585900378,1.1419547007833342,3,0,1,3,Regular Average Customers
12383.0,184,6,1200.59,15.59207792207792,1030,1.0110440844506987,1.293883585900378,1.1208695741991543,0,0,0,0,Regular Average Customers
12384.0,28,3,277.16,14.587368421052632,103,-0.6891246709232351,0.0019066252877515,-0.5692900127478154,2,0,2,2,New/Occasional Buyers
12388.0,15,6,2466.7000000000003,26.523655913978494,1094,-0.8308054005377296,1.293883585900378,3.438238464780388,3,0,1,3,Regular Average Customers
12390.0,79,1,407.74,15.682307692307692,308,-0.1333002701279106,-0.8594113484539994,-0.3302886386712365,2,0,2,2,New/Occasional Buyers
12391.0,21,1,406.88,4.520888888888889,263,-0.7654142945618091,-0.8594113484539994,-0.3318627019405415,2,0,2,2,New/Occasional Buyers
12393.0,71,4,1193.5,20.57758620689655,618,-0.2204884114291379,0.432565612158627,1.107892703758023,0,0,2,0,Regular Average Customers
12394.0,216,1,331.18,17.430526315789475,178,1.3597966496556082,-0.8594113484539994,-0.470416875761931,1,0,0,1,At-Risk Customers
12397.0,35,2,1720.01,15.779908256880734,1139,-0.6128350472846611,-0.4287523615831239,2.071567182736884,0,0,1,0,Regular Average Customers
12398.0,45,1,1349.44,16.659753086419755,1311,-0.5038498706581269,-0.8594113484539994,1.393310641217831,0,0,1,0,Regular Average Customers
12399.0,118,4,729.15,15.85108695652174,699,0.2917419187155728,0.432565612158627,0.2579900536396323,0,0,0,0,Regular Average Customers
12401.0,302,1,32.85,16.425,7,2.297069168643802,-0.8594113484539994,-1.0164521026593565,1,0,0,1,At-Risk Customers
12402.0,322,1,195.6,19.56,92,2.5150395218968704,-0.8594113484539994,-0.7185697804740047,1,0,0,1,At-Risk Customers
12403.0,49,1,92.9,46.45,22,-0.4602558000075132,-0.8594113484539994,-0.9065422197270654,2,0,2,2,New/Occasional Buyers
12405.0,148,1,1104.87,26.306428571428576,493,0.6186974485951755,-0.8594113484539994,0.9456726717132448,1,0,0,1,At-Risk Customers
12407.0,49,5,1085.01,17.78704918032787,850,-0.4602558000075132,0.8632245990295024,0.9093227920290596,0,0,1,0,Regular Average Customers
12408.0,32,8,1838.49,18.95350515463917,1046,-0.6455306002726214,2.155201559642129,2.2884218526755653,3,0,3,3,Regular Average Customers
12409.0,78,7,1631.05,54.36833333333333,465,-0.144198787790564,1.7245425727712531,1.908743149670162,3,0,1,3,Regular Average Customers
12410.0,300,2,270.48,18.032,176,2.2752721333184955,-0.4287523615831239,-0.5815164576768364,1,0,0,1,At-Risk Customers
12412.0,74,3,1115.04,19.91142857142857,728,-0.1877928584411777,0.0019066252877515,0.9642868850258404,0,0,2,0,Regular Average Customers
12413.0,66,3,545.2,17.58709677419355,268,-0.2749809997424051,0.0019066252877515,-0.0786947584402167,2,0,2,2,New/Occasional Buyers
12414.0,216,3,343.65,28.6375,165,1.3597966496556082,0.0019066252877515,-0.4475929583570073,1,0,0,1,At-Risk Customers
12417.0,2,11,2119.85,14.928521126760565,1248,-0.972486130152224,3.447178520254755,2.8033967845961216,3,0,3,3,Regular Average Customers
12418.0,112,1,418.16,16.7264,331,0.2263508127396523,-0.8594113484539994,-0.3112168488268655,2,0,2,2,New/Occasional Buyers
12420.0,63,1,380.3,19.015,182,-0.3076765527303653,-0.8594113484539994,-0.3805122387988312,2,0,2,2,New/Occasional Buyers
12421.0,15,5,606.8,15.169999999999998,428,-0.8308054005377296,0.8632245990295024,0.0340520989890775,0,0,1,0,Regular Average Customers
12422.0,95,3,645.3100000000001,17.440810810810813,364,0.0410760124745441,0.0019066252877515,0.1045371879436577,0,0,2,0,Regular Average Customers
12423.0,0,9,1525.41,13.619732142857144,1303,-0.9942831654775308,2.585860546513004,1.715389610403431,3,0,3,3,Regular Average Customers
12424.0,162,2,703.72,33.51047619047619,256,0.7712766958723234,-0.4287523615831239,0.2114453688275065,1,0,0,1,At-Risk Customers
12425.0,77,1,538.14,17.938,324,-0.1550973054532174,-0.8594113484539994,-0.0916167196975353,2,0,2,2,New/Occasional Buyers
12426.0,194,1,446.08,17.8432,247,1.1200292610772329,-0.8594113484539994,-0.2601147017582633,1,0,0,1,At-Risk Customers
12427.0,21,4,417.97,17.415416666666665,209,-0.7654142945618091,0.432565612158627,-0.3115646069910144,0,0,2,0,Regular Average Customers
12429.0,8,4,2313.04,30.03948051948052,1096,-0.9070950241763036,0.432565612158627,3.156993625290365,3,0,1,3,Regular Average Customers
12430.0,42,1,168.6,18.73333333333333,112,-0.5365454236460871,-0.8594113484539994,-0.7679880459056758,2,0,2,2,New/Occasional Buyers
12432.0,42,4,1909.68,26.896901408450702,768,-0.5365454236460871,0.432565612158627,2.4187213458637387,3,0,1,3,Regular Average Customers
12434.0,84,4,593.84,14.13904761904762,352,-0.0788076818146435,0.432565612158627,0.0103313315818754,0,0,2,0,Regular Average Customers
12435.0,267,1,78.0,39.0,40,1.9156210504509323,-0.8594113484539994,-0.9338137810208396,1,0,0,1,At-Risk Customers
12436.0,99,1,429.0100000000001,28.60066666666667,209,0.0846700831251578,-0.8594113484539994,-0.291358027347842,2,0,2,2,New/Occasional Buyers
12438.0,13,2,1753.12,22.47589743589744,934,-0.8526024358630364,-0.4287523615831239,2.1321686186051294,0,0,1,0,Regular Average Customers
12442.0,2,1,144.06,13.096363636363636,181,-0.972486130152224,-0.8594113484539994,-0.8129037582646838,2,0,2,2,New/Occasional Buyers
12444.0,20,5,2382.56,18.90920634920635,978,-0.7763128122244625,0.8632245990295024,3.284236507246283,3,0,1,3,Regular Average Customers
12445.0,21,1,77.4,25.8,60,-0.7654142945618091,-0.8594113484539994,-0.9349119646970988,2,0,2,2,New/Occasional Buyers
12446.0,57,1,734.36,16.319111111111113,326,-0.3730676587062859,-0.8594113484539994,0.2675259485618179,2,0,2,2,New/Occasional Buyers
12447.0,242,1,379.79,17.263181818181817,181,1.643158108884597,-0.8594113484539994,-0.3814456949236517,1,0,0,1,At-Risk Customers
12448.0,43,1,283.95,14.944736842105264,237,-0.5256469059834338,-0.8594113484539994,-0.5568622341448137,2,0,2,2,New/Occasional Buyers
12450.0,155,2,131.88,18.84,88,0.6949870722337494,-0.4287523615831239,-0.8351968868927488,1,0,0,1,At-Risk Customers
12452.0,16,2,285.67,14.2835,173,-0.8199068828750762,-0.4287523615831239,-0.5537141076062035,2,0,2,2,New/Occasional Buyers
12453.0,133,1,707.09,16.443953488372095,473,0.4552196836553741,-0.8594113484539994,0.2176135004758299,2,0,2,2,New/Occasional Buyers
12454.0,55,1,66.4,66.4,16,-0.3948646940315927,-0.8594113484539994,-0.9550453320951872,2,0,2,2,New/Occasional Buyers
12455.0,72,5,1201.86,18.21,796,-0.2095898937664845,0.8632245990295024,1.1231940629805703,0,0,1,0,Regular Average Customers
12456.0,43,4,1636.09,15.884368932038834,1161,-0.5256469059834338,0.432565612158627,1.9179678925507408,3,0,1,3,Regular Average Customers
12457.0,57,4,934.73,19.076122448979596,473,-0.3730676587062859,0.432565612158627,0.6342643872486315,0,0,2,0,Regular Average Customers
12458.0,70,2,612.38,19.754193548387097,358,-0.2313869290917914,-0.4287523615831239,0.0442652071782896,2,0,2,2,New/Occasional Buyers
12461.0,154,1,419.08,14.45103448275862,256,0.684088554571096,-0.8594113484539994,-0.3095329671899345,1,0,0,1,At-Risk Customers
12462.0,1,4,612.12,11.771538461538462,386,-0.9833846478148774,0.432565612158627,0.0437893275852439,0,0,2,0,Regular Average Customers
12463.0,45,7,1124.18,14.05225,746,-0.5038498706581269,1.7245425727712531,0.981015883027525,3,0,1,3,Regular Average Customers
12464.0,149,4,76.5,19.125,30,0.6295959662578289,0.432565612158627,-0.9365592402114878,1,0,0,1,At-Risk Customers
12465.0,7,3,613.1899999999999,13.04659574468085,421,-0.917993541838957,0.0019066252877515,0.0457477551412397,0,0,2,0,Regular Average Customers
12468.0,142,3,570.49,16.299714285714288,319,0.5533063426192549,0.0019066252877515,-0.0324063164858847,2,0,0,2,New/Occasional Buyers
12473.0,53,4,2199.49,14.861418918918918,1769,-0.4166617293568995,0.432565612158627,2.9491623645582807,3,0,1,3,Regular Average Customers
12475.0,53,1,561.9399999999999,18.127096774193543,324,-0.4166617293568995,-0.8594113484539994,-0.0480554338725807,2,0,2,2,New/Occasional Buyers
12478.0,3,1,479.59,14.9871875,225,-0.9615876124895706,-0.8594113484539994,-0.1987811434391779,2,0,2,2,New/Occasional Buyers
12479.0,3,3,396.45,12.788709677419355,359,-0.9615876124895706,0.0019066252877515,-0.3509527948461834,2,0,2,2,New/Occasional Buyers
12480.0,27,4,2266.94,16.668676470588235,1296,-0.7000231885858885,0.432565612158627,3.0726165128311043,3,0,1,3,Regular Average Customers
12483.0,16,10,1448.69,22.287538461538464,796,-0.8199068828750762,3.0165195333838795,1.5749685243324003,3,0,3,3,Regular Average Customers
12488.0,9,3,952.16,20.25872340425532,472,-0.8961965065136501,0.0019066252877515,0.6661666230439661,0,0,2,0,Regular Average Customers
12489.0,335,1,191.43,19.143,93,2.656720251511365,-0.8594113484539994,-0.7262021570240071,1,0,0,1,At-Risk Customers
12491.0,38,1,350.75,15.25,183,-0.5801394942967009,-0.8594113484539994,-0.4345977848546048,2,0,2,2,New/Occasional Buyers
12492.0,62,2,227.21,12.622777777777776,190,-0.3185750703930188,-0.4287523615831239,-0.6607138037964072,2,0,2,2,New/Occasional Buyers
12493.0,165,2,332.91,18.495,167,0.8039722488602836,-0.4287523615831239,-0.4672504461620497,1,0,0,1,At-Risk Customers
12494.0,15,10,931.65,13.70073529411765,676,-0.8308054005377296,3.0165195333838795,0.628627044377167,3,0,3,3,Regular Average Customers
12497.0,81,1,20.4,20.4,24,-0.1115032348026037,-0.8594113484539994,-1.0392394139417382,2,0,2,2,New/Occasional Buyers
12498.0,20,3,349.70000000000005,16.652380952380955,156,-0.7763128122244625,0.0019066252877515,-0.4365196062880586,2,0,2,2,New/Occasional Buyers
12500.0,35,9,474.74,17.582962962962963,214,-0.6128350472846611,2.585860546513004,-0.2076581281556077,0,0,1,0,Regular Average Customers
12501.0,314,2,1816.95,12.27668918918919,1581,2.4278513805956434,-0.4287523615831239,2.2489970586978543,1,1,0,1,At-Risk Customers
12502.0,95,5,1511.32,16.607912087912087,606,0.0410760124745441,0.8632245990295024,1.689600597072607,3,0,1,3,Regular Average Customers
12504.0,29,1,60.0,30.0,48,-0.6782261532605817,-0.8594113484539994,-0.9667592913086204,2,0,2,2,New/Occasional Buyers
12505.0,300,1,-4.5,-4.5,-1,2.2752721333184955,-0.8594113484539994,-1.0848140365065015,1,0,0,1,At-Risk Customers
12506.0,232,1,57.6,2.742857142857143,21,1.5341729322580626,-0.8594113484539994,-0.9711520260136576,1,0,0,1,At-Risk Customers
12507.0,155,3,342.0,26.307692307692307,168,0.6949870722337494,0.0019066252877515,-0.4506129634667205,1,0,0,1,At-Risk Customers
12508.0,25,2,397.88,5.851176470588236,271,-0.7218202239111954,-0.4287523615831239,-0.348335457084432,2,0,2,2,New/Occasional Buyers
12509.0,283,1,124.5,24.9,50,2.089997333053387,-0.8594113484539994,-0.848704546110739,1,0,0,1,At-Risk Customers
12510.0,142,2,620.05,21.38103448275862,295,0.5533063426192549,-0.4287523615831239,0.0583036551731384,2,0,2,2,New/Occasional Buyers
12512.0,65,2,124.23,4.141,95,-0.2858795174050585,-0.4287523615831239,-0.8491987287650556,2,0,2,2,New/Occasional Buyers
12513.0,84,2,494.54,14.545294117647058,450,-0.0788076818146435,-0.4287523615831239,-0.1714180668390489,2,0,2,2,New/Occasional Buyers
12514.0,266,1,779.68,17.72,416,1.904722532788279,-0.8594113484539994,0.3504754222419415,1,0,0,1,At-Risk Customers
12516.0,77,2,270.48,24.58909090909091,186,-0.1550973054532174,-0.4287523615831239,-0.5815164576768364,2,0,2,2,New/Occasional Buyers
12517.0,27,5,2138.9,8.010861423220975,1313,-0.7000231885858885,0.8632245990295024,2.8382641163173568,3,0,1,3,Regular Average Customers
12518.0,0,5,1750.09,15.351666666666668,1296,-0.9942831654775308,0.8632245990295024,2.1266227910400195,3,0,1,3,Regular Average Customers
12519.0,63,1,242.84,16.189333333333334,168,-0.3076765527303653,-0.8594113484539994,-0.6321061190298509,2,0,2,2,New/Occasional Buyers
12520.0,78,6,2046.26,14.936204379562044,1391,-0.144198787790564,1.293883585900378,2.6687045567029117,3,0,1,3,Regular Average Customers
12521.0,142,1,499.03,14.67735294117647,301,0.5533063426192549,-0.8594113484539994,-0.1631999923283747,2,0,2,2,New/Occasional Buyers
12522.0,38,2,152.72,16.968888888888888,92,-0.5801394942967009,-0.4287523615831239,-0.7970533072040069,2,0,2,2,New/Occasional Buyers
12524.0,8,8,1719.21,18.486129032258063,1254,-0.9070950241763036,2.155201559642129,2.0701029378352045,3,0,1,3,Regular Average Customers
12526.0,0,3,1074.46,17.054920634920634,614,-0.9942831654775308,0.0019066252877515,0.8900130623881659,0,0,2,0,Regular Average Customers
12527.0,81,3,296.71000000000004,18.544375,229,-0.1115032348026037,0.0019066252877515,-0.5335075279630312,2,0,2,2,New/Occasional Buyers
12528.0,8,8,1110.43,17.083538461538463,683,-0.9070950241763036,2.155201559642129,0.9558491737799146,3,0,1,3,Regular Average Customers
12530.0,59,5,1012.77,18.755,553,-0.351270623380979,0.8632245990295024,0.7771014774074324,0,0,1,0,Regular Average Customers
12531.0,14,1,95.27,5.954375,44,-0.841703918200383,-0.8594113484539994,-0.9022043942058408,2,0,2,2,New/Occasional Buyers
12532.0,29,1,297.33000000000004,21.237857142857145,149,-0.6782261532605817,-0.8594113484539994,-0.5323727381642299,2,0,2,2,New/Occasional Buyers
12534.0,130,1,828.73,15.067818181818184,630,0.4225241306674139,-0.8594113484539994,0.4402519377761444,2,0,2,2,New/Occasional Buyers
12535.0,91,2,577.85,20.6375,203,-0.0025180581760695,-0.4287523615831239,-0.0189352633904365,2,0,2,2,New/Occasional Buyers
12538.0,28,1,258.75,16.171875,179,-0.6891246709232351,-0.8594113484539994,-0.6029859485477068,2,0,2,2,New/Occasional Buyers
12541.0,29,3,721.38,16.030666666666665,629,-0.6782261532605817,0.0019066252877515,0.2437685750320736,0,0,2,0,Regular Average Customers
12544.0,29,2,267.9,14.883333333333333,126,-0.6782261532605817,-0.4287523615831239,-0.5862386474847516,2,0,2,2,New/Occasional Buyers
12545.0,74,2,698.8,17.47,468,-0.1877928584411777,-0.4287523615831239,0.2024402626821796,2,0,2,2,New/Occasional Buyers
12546.0,46,2,969.58,15.1496875,528,-0.4929513529954735,-0.4287523615831239,0.6980505557780295,0,0,2,0,Regular Average Customers
12547.0,197,2,151.79999999999998,25.3,132,1.1527248140651931,-0.4287523615831239,-0.7987371888409381,1,0,0,1,At-Risk Customers
12548.0,165,1,67.19999999999999,16.799999999999997,48,0.8039722488602836,-0.8594113484539994,-0.953581087193508,1,0,0,1,At-Risk Customers
12550.0,78,1,748.88,14.40153846153846,555,-0.144198787790564,-0.8594113484539994,0.2941019935272944,2,0,2,2,New/Occasional Buyers
12552.0,39,1,165.47,18.385555555555555,70,-0.5692409766340475,-0.8594113484539994,-0.7737169040834955,2,0,2,2,New/Occasional Buyers
12556.0,49,2,513.66,4.627567567567567,346,-0.4602558000075132,-0.4287523615831239,-0.1364226136889172,2,0,2,2,New/Occasional Buyers
12558.0,1,2,133.32,8.3325,92,-0.9833846478148774,-0.4287523615831239,-0.8325612460697264,2,0,2,2,New/Occasional Buyers
12559.0,319,1,301.41,18.838125,205,2.48234396890891,-0.8594113484539994,-0.5249050891656662,1,0,0,1,At-Risk Customers
12560.0,4,3,1723.62,17.065544554455446,1027,-0.9506890948269172,0.0019066252877515,2.078174587855711,0,0,1,0,Regular Average Customers
12561.0,302,1,207.05,14.789285714285716,173,2.297069168643802,-0.8594113484539994,-0.6976127753187218,1,0,0,1,At-Risk Customers
12564.0,260,1,336.15,19.773529411764702,125,1.8393314268123584,-0.8594113484539994,-0.4613202543102493,1,0,0,1,At-Risk Customers
12565.0,281,2,131.17,13.117,75,2.0682002977280805,-0.4287523615831239,-0.8364964042429891,1,0,0,1,At-Risk Customers
12566.0,72,2,217.18,14.478666666666667,207,-0.2095898937664845,-0.4287523615831239,-0.6790717742512096,2,0,2,2,New/Occasional Buyers
12571.0,39,2,489.37,15.2928125,451,-0.5692409766340475,-0.4287523615831239,-0.1808807495161503,2,0,2,2,New/Occasional Buyers
12572.0,8,3,647.92,12.9584,390,-0.9070950241763036,0.0019066252877515,0.1093142869353857,0,0,2,0,Regular Average Customers
12573.0,226,1,150.59,5.577407407407407,83,1.4687818262821422,-0.8594113484539994,-0.8009518592547277,1,0,0,1,At-Risk Customers
12574.0,315,1,162.55,18.061111111111117,57,2.4387498982582967,-0.8594113484539994,-0.7790613979746245,1,0,0,1,At-Risk Customers
12576.0,35,6,1216.46,14.481666666666667,912,-0.6128350472846611,1.293883585900378,1.1499165324362146,3,0,1,3,Regular Average Customers
12577.0,34,3,570.65,4.018661971830986,463,-0.6237335649473146,0.0019066252877515,-0.0321134675055489,0,0,2,0,Regular Average Customers
12578.0,20,4,2201.81,19.659017857142857,1108,-0.7763128122244625,0.432565612158627,2.9534086747731507,3,0,1,3,Regular Average Customers
12579.0,72,2,317.42,12.6968,270,-0.2095898937664845,-0.4287523615831239,-0.4956018880708123,2,0,2,2,New/Occasional Buyers
12580.0,246,1,379.7,16.508695652173913,236,1.6867521795352105,-0.8594113484539994,-0.3816104224750906,1,0,0,1,At-Risk Customers
12581.0,39,1,169.76,13.058461538461538,159,-0.5692409766340475,-0.8594113484539994,-0.7658648907982412,2,0,2,2,New/Occasional Buyers
12582.0,238,2,313.92,17.44,200,1.5995640382339833,-0.4287523615831239,-0.5020079595156586,1,0,0,1,At-Risk Customers
12585.0,233,4,1188.61,14.857625,956,1.545071449920716,0.432565612158627,1.098942506796509,1,0,0,1,At-Risk Customers
12586.0,16,1,186.54,18.654000000000003,78,-0.8199068828750762,-0.8594113484539994,-0.7351523539855209,2,0,2,2,New/Occasional Buyers
12587.0,7,1,104.0,34.666666666666664,50,-0.917993541838957,-0.8594113484539994,-0.8862258217162672,2,0,2,2,New/Occasional Buyers
12588.0,38,1,79.65,15.93,43,-0.5801394942967009,-0.8594113484539994,-0.9307937759111262,2,0,2,2,New/Occasional Buyers
12589.0,28,2,417.28,16.049230769230768,288,-0.6891246709232351,-0.4287523615831239,-0.3128275182187127,2,0,2,2,New/Occasional Buyers
12590.0,189,2,874.38,62.455714285714286,238,1.0655366727639657,-0.4287523615831239,0.5238054124782108,1,0,0,1,At-Risk Customers
12591.0,316,1,323.1,14.686363636363636,220,2.44964841592095,-0.8594113484539994,-0.4852057492688903,1,0,0,1,At-Risk Customers
12592.0,91,2,350.6,25.042857142857144,228,-0.0025180581760695,-0.4287523615831239,-0.4348723307736696,2,0,2,2,New/Occasional Buyers
12593.0,108,3,382.1,19.105,204,0.1827567420890386,0.0019066252877515,-0.3772176877700532,2,0,0,2,New/Occasional Buyers
12596.0,50,2,288.27,16.015,234,-0.4493572823448598,-0.4287523615831239,-0.5489553116757463,2,0,2,2,New/Occasional Buyers
12597.0,18,5,2452.83,14.344035087719298,1667,-0.7981098475497693,0.8632245990295024,3.412852118797525,3,0,1,3,Regular Average Customers
12598.0,9,7,2103.43,20.032666666666664,1361,-0.8961965065136501,1.7245425727712531,2.773343157989157,3,0,1,3,Regular Average Customers
12599.0,28,7,764.38,14.699615384615385,816,-0.6891246709232351,1.7245425727712531,0.3224717384973278,0,0,1,0,Regular Average Customers
12600.0,28,9,1996.22,39.14156862745098,632,-0.6891246709232351,2.585860546513004,2.5771160381028806,3,0,3,3,Regular Average Customers
12601.0,189,6,364.01,16.545909090909092,202,1.0655366727639657,1.293883585900378,-0.4103279256092729,0,0,0,0,Regular Average Customers
12602.0,58,1,129.22,11.747272727272728,160,-0.3621691410436324,-0.8594113484539994,-0.8400655011908319,2,0,2,2,New/Occasional Buyers
12604.0,78,2,236.18,15.745333333333331,200,-0.144198787790564,-0.4287523615831239,-0.6442959578363299,2,0,2,2,New/Occasional Buyers
12607.0,57,2,379.1,2.2431952662721897,541,-0.3730676587062859,-0.4287523615831239,-0.3827086061513499,2,0,2,2,New/Occasional Buyers
12609.0,77,3,846.11,16.9222,533,-0.1550973054532174,0.0019066252877515,0.4720626582651239,0,0,2,0,Regular Average Customers
12610.0,22,6,1438.09,15.978777777777776,995,-0.7545157768991556,1.293883585900378,1.5555672793851516,3,0,1,3,Regular Average Customers
12611.0,51,1,924.52,15.669830508474575,632,-0.4384587646822064,-0.8594113484539994,0.6155769616909513,2,0,2,2,New/Occasional Buyers
12612.0,57,2,593.5500000000001,31.23947368421053,213,-0.3730676587062859,-0.4287523615831239,0.0098005428050168,2,0,2,2,New/Occasional Buyers
12614.0,277,1,218.15,15.582142857142856,65,2.0246062270774665,-0.8594113484539994,-0.6772963773079237,1,0,0,1,At-Risk Customers
12615.0,1,4,1552.99,18.058023255813957,977,-0.9833846478148774,0.432565612158627,1.7658694533888195,0,0,1,0,Regular Average Customers
12616.0,94,3,368.55,13.65,243,0.0301774948118907,0.0019066252877515,-0.4020183357922438,2,0,2,2,New/Occasional Buyers
12617.0,28,1,333.08,8.54051282051282,208,-0.6891246709232351,-0.8594113484539994,-0.466939294120443,2,0,2,2,New/Occasional Buyers
12618.0,21,1,121.41,13.49,93,-0.7654142945618091,-0.8594113484539994,-0.8543601920434747,2,0,2,2,New/Occasional Buyers
12619.0,15,11,644.27,12.8854,685,-0.8308054005377296,3.447178520254755,0.1026336695714747,3,0,3,3,Regular Average Customers
12620.0,14,3,1100.14,13.751749999999998,838,-0.841703918200383,0.0019066252877515,0.9370153237320662,0,0,2,0,Regular Average Customers
12622.0,231,1,123.85,15.48125,65,1.5232744145954094,-0.8594113484539994,-0.8498942450933532,1,0,0,1,At-Risk Customers
12623.0,275,1,269.1,15.829411764705885,189,2.00280919175216,-0.8594113484539994,-0.5840422801322328,1,0,0,1,At-Risk Customers
12624.0,105,2,492.78,15.896129032258065,342,0.1500611891010783,-0.4287523615831239,-0.174639405622743,2,0,2,2,New/Occasional Buyers
12625.0,211,3,1613.92,20.96,1291,1.305304061342341,0.0019066252877515,1.8773900057129576,0,0,0,0,Regular Average Customers
12628.0,3,4,648.61,17.068684210526317,400,-0.9615876124895706,0.432565612158627,0.1105771981630841,0,0,2,0,Regular Average Customers
12630.0,9,2,905.08,16.456,530,-0.8961965065136501,-0.4287523615831239,0.5799958105801482,0,0,2,0,Regular Average Customers
12631.0,56,1,396.0,15.84,222,-0.3839661763689393,-0.8594113484539994,-0.351776432603378,2,0,2,2,New/Occasional Buyers
12633.0,58,5,1356.59,15.07322222222222,794,-0.3621691410436324,0.8632245990295024,1.4063973300265884,0,0,1,0,Regular Average Customers
12635.0,89,2,1357.69,15.085444444444445,1001,-0.0243150935013763,-0.4287523615831239,1.4084106667663974,0,0,0,0,Regular Average Customers
12638.0,32,1,498.25,13.466216216216216,541,-0.6455306002726214,-0.8594113484539994,-0.1646276311075118,2,0,2,2,New/Occasional Buyers
12639.0,238,1,325.3,18.072222222222223,194,1.5995640382339833,-0.8594113484539994,-0.4811790757892727,1,0,0,1,At-Risk Customers
12640.0,23,3,609.53,16.93138888888889,263,-0.7436172592365022,0.0019066252877515,0.0390488347160576,0,0,2,0,Regular Average Customers
12641.0,114,1,128.9,16.1125,69,0.2481478480649591,-0.8594113484539994,-0.8406511991515037,2,0,0,2,New/Occasional Buyers
12642.0,24,3,743.77,19.07102564102564,457,-0.7327187415738488,0.0019066252877515,0.2847491292178188,0,0,2,0,Regular Average Customers
12643.0,220,2,73.28,24.426666666666662,50,1.4033907203062217,-0.4287523615831239,-0.9424528259407464,1,0,0,1,At-Risk Customers
12644.0,129,1,417.12,15.44888888888889,284,0.4116256130047604,-0.8594113484539994,-0.3131203671990484,2,0,2,2,New/Occasional Buyers
12645.0,33,5,1386.38,21.32892307692308,884,-0.634632082609968,0.8632245990295024,1.460922149552866,0,0,1,0,Regular Average Customers
12646.0,4,2,838.16,24.651764705882357,454,-0.9506890948269172,-0.4287523615831239,0.4575117245546872,0,0,2,0,Regular Average Customers
12648.0,154,1,255.3,13.43684210526316,154,0.684088554571096,-0.8594113484539994,-0.6093005046861982,1,0,0,1,At-Risk Customers
12649.0,106,4,493.25,19.73,273,0.1609597067637317,0.432565612158627,-0.1737791617430065,0,0,0,0,Regular Average Customers
12650.0,2,1,242.44000000000003,12.760000000000002,250,-0.972486130152224,-0.8594113484539994,-0.6328382414806905,2,0,2,2,New/Occasional Buyers
12651.0,334,1,114.0,12.666666666666666,78,2.645821733848712,-0.8594113484539994,-0.8679227604452778,1,0,0,1,At-Risk Customers
12652.0,321,2,726.83,15.464468085106384,489,2.504141004234217,-0.4287523615831239,0.2537437434247629,1,0,0,1,At-Risk Customers
12653.0,148,2,752.81,25.093666666666664,487,0.6186974485951755,-0.4287523615831239,0.3012950966067931,1,0,2,1,At-Risk Customers
12654.0,10,5,499.33,15.6040625,257,-0.8852979888509966,0.8632245990295024,-0.162650900490245,0,0,1,0,Regular Average Customers
12656.0,16,7,1843.15,20.709550561797755,911,-0.8199068828750762,1.7245425727712531,2.2969510792278465,3,0,1,3,Regular Average Customers
12657.0,10,4,516.4200000000001,15.649090909090912,277,-0.8852979888509966,0.432565612158627,-0.131370968778124,0,0,2,0,Regular Average Customers
12658.0,18,1,535.4,18.46206896551724,306,-0.7981098475497693,-0.8594113484539994,-0.0966317584857864,2,0,2,2,New/Occasional Buyers
12659.0,29,1,45.6,15.2,32,-0.6782261532605817,-0.8594113484539994,-0.9931156995388448,2,0,2,2,New/Occasional Buyers
12660.0,10,1,203.7,18.518181818181816,90,-0.8852979888509966,-0.8594113484539994,-0.7037443008445033,2,0,2,2,New/Occasional Buyers
12664.0,58,4,406.8,40.68,144,-0.3621691410436324,0.432565612158627,-0.3320091264307094,0,0,2,0,Regular Average Customers
12665.0,324,2,43.75,14.583333333333334,35,2.5368365572221774,-0.4287523615831239,-0.996501765873978,1,0,0,1,At-Risk Customers
12667.0,57,1,410.23,14.145862068965515,385,-0.3730676587062859,-0.8594113484539994,-0.32573117641476,2,0,2,2,New/Occasional Buyers
12669.0,150,2,1319.92,14.504615384615386,1057,0.6404944839204822,-0.4287523615831239,1.3392800043458706,0,0,0,0,Regular Average Customers
12670.0,9,6,2077.57,26.635512820512822,1035,-0.8961965065136501,1.293883585900378,2.7260114415423797,3,0,1,3,Regular Average Customers
12672.0,329,1,162.29999999999998,20.2875,70,2.5913291455354446,-0.8594113484539994,-0.7795189745063993,1,0,0,1,At-Risk Customers
12673.0,4,2,504.62,14.017222222222223,311,-0.9506890948269172,-0.4287523615831239,-0.1529685810778916,2,0,2,2,New/Occasional Buyers
12674.0,11,6,1271.2,17.413698630136988,782,-0.8743994711883433,1.293883585900378,1.2501074898336104,3,0,1,3,Regular Average Customers
12676.0,24,6,1031.39,27.14184210526316,616,-0.7327187415738488,1.293883585900378,0.8111817774940148,0,0,1,0,Regular Average Customers
12678.0,42,9,1319.6,30.68837209302325,621,-0.5365454236460871,2.585860546513004,1.3386943063851986,3,0,3,3,Regular Average Customers
12679.0,51,6,595.46,13.232444444444443,297,-0.4384587646822064,1.293883585900378,0.0132964275077757,0,0,1,0,Regular Average Customers
12680.0,0,4,736.97,16.02108695652174,399,-0.9942831654775308,0.432565612158627,0.2723030475535461,0,0,2,0,Regular Average Customers
12684.0,7,6,1646.19,18.496516853932587,1439,-0.917993541838957,1.293883585900378,1.93645398443444,3,0,1,3,Regular Average Customers
12685.0,27,6,2437.65,16.81137931034483,1422,-0.7000231885858885,1.293883585900378,3.385068071788164,3,0,1,3,Regular Average Customers
12689.0,25,2,1020.21,15.457727272727274,610,-0.7218202239111954,-0.4287523615831239,0.7907189549930486,0,0,2,0,Regular Average Customers
12690.0,205,1,265.11,20.39307692307693,97,1.2399129553664203,-0.8594113484539994,-0.5913452015793577,1,0,0,1,At-Risk Customers
12691.0,57,4,678.2,28.258333333333336,252,-0.3730676587062859,0.432565612158627,0.1647359564639417,0,0,2,0,Regular Average Customers
12693.0,126,5,461.51,15.914137931034482,215,0.3789300600168002,0.8632245990295024,-0.2318730782171267,0,0,0,0,Regular Average Customers
12694.0,69,2,447.62,16.578518518518518,406,-0.2422854467544448,-0.4287523615831239,-0.2572960303225309,2,0,2,2,New/Occasional Buyers
12695.0,6,4,342.56,20.15058823529412,156,-0.9288920595016104,0.432565612158627,-0.449587992035545,0,0,2,0,Regular Average Customers
12697.0,20,5,658.14,17.319473684210525,390,-0.7763128122244625,0.8632245990295024,0.1280200155543369,0,0,1,0,Regular Average Customers
12701.0,79,2,652.45,14.183695652173911,632,-0.1333002701279106,-0.4287523615831239,0.1176055736911441,2,0,2,2,New/Occasional Buyers
12702.0,19,1,201.0,18.272727272727277,52,-0.7872113298871158,-0.8594113484539994,-0.7086861273876705,2,0,2,2,New/Occasional Buyers
12703.0,63,2,256.7,12.223809523809525,160,-0.3076765527303653,-0.4287523615831239,-0.6067380761082597,2,0,2,2,New/Occasional Buyers
12704.0,6,8,1180.98,18.16892307692308,657,-0.9288920595016104,2.155201559642129,1.0849772710467445,3,0,1,3,Regular Average Customers
12707.0,291,1,417.52,14.397241379310346,238,2.1771854743546144,-0.8594113484539994,-0.3123882447482088,1,0,0,1,At-Risk Customers
12710.0,96,3,909.82,13.185797101449277,798,0.0519745301371975,0.0019066252877515,0.588671461622597,0,0,2,0,Regular Average Customers
12713.0,0,1,722.85,20.079166666666666,499,-0.9942831654775308,-0.8594113484539994,0.2464591250389091,2,0,2,2,New/Occasional Buyers
12715.0,105,1,263.36,13.861052631578948,190,0.1500611891010783,-0.8594113484539994,-0.5945482373017807,2,0,2,2,New/Occasional Buyers
12716.0,3,2,912.91,14.49063492063492,627,-0.9615876124895706,-0.4287523615831239,0.5943271075553327,0,0,2,0,Regular Average Customers
12717.0,150,2,774.03,15.17705882352941,499,0.6404944839204822,-0.4287523615831239,0.3401341926238325,1,0,2,1,At-Risk Customers
12718.0,70,1,182.35,10.726470588235294,199,-0.2313869290917914,-0.8594113484539994,-0.7428213366580655,2,0,2,2,New/Occasional Buyers
12719.0,4,3,461.7,12.47837837837838,350,-0.9506890948269172,0.0019066252877515,-0.2315253200529779,2,0,2,2,New/Occasional Buyers
12721.0,31,7,2100.94,14.900283687943263,1751,-0.6564291179352748,1.7245425727712531,2.768785695732681,3,0,1,3,Regular Average Customers
12722.0,114,2,726.1,16.50227272727273,518,0.2481478480649591,-0.4287523615831239,0.2524076199519807,2,0,2,2,New/Occasional Buyers
12723.0,3,4,580.33,9.360161290322582,389,-0.9615876124895706,0.432565612158627,-0.0143961041952311,0,0,2,0,Regular Average Customers
12724.0,4,4,923.41,18.845102040816325,439,-0.9506890948269172,0.432565612158627,0.6135453218898715,0,0,2,0,Regular Average Customers
12726.0,27,7,1550.1,17.614772727272726,1440,-0.7000231885858885,1.7245425727712531,1.7605798686815033,3,0,1,3,Regular Average Customers
12727.0,10,8,2446.52,21.09068965517241,1614,-0.8852979888509966,2.155201559642129,3.401302887135531,3,0,1,3,Regular Average Customers
12728.0,70,4,565.33,16.627352941176472,353,-0.2313869290917914,0.432565612158627,-0.0418506961017151,0,0,2,0,Regular Average Customers
12729.0,113,1,360.71,16.395909090909093,225,0.2372493304023057,-0.8594113484539994,-0.4163679358286993,2,0,2,2,New/Occasional Buyers
12732.0,179,1,178.26000000000002,17.826,78,0.9565514961374316,-0.8594113484539994,-0.7503072887179002,1,0,0,1,At-Risk Customers
12733.0,233,1,276.85,13.8425,95,1.545071449920716,-0.8594113484539994,-0.5698574076472162,1,0,0,1,At-Risk Customers
12735.0,314,2,375.07,13.89148148148148,331,2.4278513805956434,-0.4287523615831239,-0.3900847398435587,1,0,0,1,At-Risk Customers
12736.0,332,1,93.6,46.8,48,2.624024698523405,-0.8594113484539994,-0.905261005438096,1,0,0,1,At-Risk Customers
12739.0,98,1,516.0,16.64516129032258,383,0.0737715654625044,-0.8594113484539994,-0.1321396973515057,2,0,2,2,New/Occasional Buyers
12740.0,63,1,344.8,14.366666666666667,296,-0.3076765527303653,-0.8594113484539994,-0.4454881063108434,2,0,2,2,New/Occasional Buyers
12743.0,133,2,418.93,3.491083333333333,303,0.4552196836553741,-0.4287523615831239,-0.3098075131089994,2,0,0,2,New/Occasional Buyers
12750.0,128,1,184.98,18.498,127,0.400727095342107,-0.8594113484539994,-0.7380076315437953,2,0,0,2,New/Occasional Buyers
12752.0,80,1,854.12,47.45111111111111,404,-0.1224017524652572,-0.8594113484539994,0.4867234103431863,2,0,2,2,New/Occasional Buyers
12753.0,3,11,1782.79,33.01462962962963,432,-0.9615876124895706,3.447178520254755,2.1864738013961547,3,0,3,3,Regular Average Customers
12754.0,276,2,61.62,1.2575510204081632,49,2.0137077094148133,-0.4287523615831239,-0.96379419538272,1,0,0,1,At-Risk Customers
12755.0,280,1,7.6,3.8,2,2.0573017800654267,-0.8594113484539994,-1.0626673323686044,1,0,0,1,At-Risk Customers
12756.0,86,1,50.88,16.959999999999997,72,-0.0570106464893366,-0.8594113484539994,-0.9834516831877624,2,0,2,2,New/Occasional Buyers
12758.0,116,2,1468.59,21.91925373134328,1067,0.2699448833902659,-0.4287523615831239,1.611391616261669,0,0,0,0,Regular Average Customers
12759.0,51,3,1279.09,15.048117647058822,850,-0.4384587646822064,0.0019066252877515,1.2645486051764208,0,0,1,0,Regular Average Customers
12762.0,7,2,1211.3,20.188333333333333,714,-0.917993541838957,-0.4287523615831239,1.140472152820384,0,0,1,0,Regular Average Customers
12764.0,316,1,952.88,28.875151515151515,322,2.44964841592095,-0.8594113484539994,0.6674844434554772,1,0,0,1,At-Risk Customers
12769.0,238,1,869.4,34.776,328,1.5995640382339833,-0.8594113484539994,0.5146904879652581,1,0,0,1,At-Risk Customers
12772.0,59,1,615.3199999999999,13.673777777777776,538,-0.351270623380979,-0.8594113484539994,0.0496463071919604,2,0,2,2,New/Occasional Buyers
12775.0,16,5,952.14,20.258297872340425,708,-0.8199068828750762,0.8632245990295024,0.6661300169214239,0,0,1,0,Regular Average Customers
12778.0,19,6,492.49,14.071142857142858,535,-0.7872113298871158,1.293883585900378,-0.1751701943996017,0,0,1,0,Regular Average Customers
12781.0,20,3,590.54,31.081052631578945,361,-0.7763128122244625,0.0019066252877515,0.0042913213624488,0,0,2,0,Regular Average Customers
12782.0,4,6,1753.87,18.08113402061856,951,-0.9506890948269172,1.293883585900378,2.133541348200454,3,0,1,3,Regular Average Customers
12783.0,1,4,1011.3,16.311290322580646,532,-0.9833846478148774,0.432565612158627,0.7744109274005971,0,0,2,0,Regular Average Customers
12784.0,14,1,455.47,8.43462962962963,276,-0.841703918200383,-0.8594113484539994,-0.2429281272248043,2,0,2,2,New/Occasional Buyers
12785.0,2,2,232.76,17.904615384615383,125,-0.972486130152224,-0.4287523615831239,-0.6505556047910083,2,0,2,2,New/Occasional Buyers
12787.0,9,3,356.26,22.26625,228,-0.8961965065136501,0.0019066252877515,-0.4245127980942897,2,0,2,2,New/Occasional Buyers
12790.0,191,1,199.42,12.46375,154,1.0873337080892729,-0.8594113484539994,-0.7115780110684867,1,0,0,1,At-Risk Customers
12792.0,256,1,329.59,14.329999999999998,214,1.795737356161745,-0.8594113484539994,-0.4733270625040183,1,0,0,1,At-Risk Customers
12793.0,334,2,395.48,18.83238095238095,252,2.645821733848712,-0.4287523615831239,-0.3527281917894694,1,0,0,1,At-Risk Customers
12794.0,52,2,795.51,18.500232558139533,554,-0.427560247019553,-0.4287523615831239,0.3794491682339177,2,0,2,2,New/Occasional Buyers
12795.0,18,1,144.63,18.07875,47,-0.7981098475497693,-0.8594113484539994,-0.8118604837722374,2,0,2,2,New/Occasional Buyers
12802.0,183,2,382.58,15.3032,300,1.0001455667880452,-0.4287523615831239,-0.3763391408290457,1,0,0,1,At-Risk Customers
12808.0,36,3,445.7,17.142307692307693,186,-0.6019365296220077,0.0019066252877515,-0.2608102180865609,2,0,2,2,New/Occasional Buyers
12809.0,167,2,338.46000000000004,15.384545454545457,210,0.8257692841855905,-0.4287523615831239,-0.4570922471566506,1,0,0,1,At-Risk Customers
12811.0,261,2,416.55,15.42777777777778,190,1.850229944475012,-0.4287523615831239,-0.3141636416914948,1,0,0,1,At-Risk Customers
12812.0,44,1,229.64,15.309333333333337,164,-0.5147483883207804,-0.8594113484539994,-0.6562661599075569,2,0,2,2,New/Occasional Buyers
12815.0,147,2,687.66,18.09631578947368,330,0.607798930932522,-0.4287523615831239,0.1820506524262974,1,0,2,1,At-Risk Customers
12816.0,95,2,265.90000000000003,15.641176470588237,107,0.0410760124745441,-0.4287523615831239,-0.5898992597389494,2,0,2,2,New/Occasional Buyers
12817.0,280,1,126.04,42.01333333333333,52,2.0573017800654267,-0.8594113484539994,-0.8458858746750066,1,0,0,1,At-Risk Customers
12818.0,177,2,243.4,27.044444444444444,90,0.9347544608121248,-0.4287523615831239,-0.6310811475986756,1,0,0,1,At-Risk Customers
12820.0,2,4,923.62,15.92448275862069,674,-0.972486130152224,0.432565612158627,0.6139296861765624,0,0,2,0,Regular Average Customers
12821.0,213,1,75.72,15.144,68,1.3271010966676478,-0.8594113484539994,-0.9379868789906248,1,0,0,1,At-Risk Customers
12822.0,70,2,743.28,18.12878048780488,456,-0.2313869290917914,-0.4287523615831239,0.2838522792155403,2,0,2,2,New/Occasional Buyers
12824.0,59,1,316.42,14.382727272727273,222,-0.351270623380979,-0.8594113484539994,-0.4974321941979112,2,0,2,2,New/Occasional Buyers
12826.0,2,8,1454.2,15.636559139784946,1006,-0.972486130152224,2.155201559642129,1.5850535110927155,3,0,1,3,Regular Average Customers
12827.0,5,3,430.15,17.206000000000003,197,-0.9397905771642638,0.0019066252877515,-0.2892714783629492,2,0,2,2,New/Occasional Buyers
12828.0,2,6,961.96,17.814074074074075,489,-0.972486130152224,1.293883585900378,0.6841036230895357,0,0,1,0,Regular Average Customers
12829.0,336,1,28.5,14.25,6,2.6676187691740183,-0.8594113484539994,-1.0244139343122367,1,0,0,1,At-Risk Customers
12831.0,261,1,124.75,20.791666666666668,61,1.850229944475012,-0.8594113484539994,-0.8482469695789642,1,0,0,1,At-Risk Customers
12832.0,31,2,366.53,14.097307692307693,193,-0.6564291179352748,-0.4287523615831239,-0.4057155541689836,2,0,2,2,New/Occasional Buyers
12833.0,144,1,307.03000000000003,18.06058823529412,145,0.5751033779445618,-0.8594113484539994,-0.5146187687313702,1,0,0,1,At-Risk Customers
12834.0,282,1,201.08,18.28,96,2.0790988153907337,-0.8594113484539994,-0.7085397028975025,1,0,0,1,At-Risk Customers
12836.0,58,4,1620.12,11.91264705882353,910,-0.3621691410436324,0.432565612158627,1.888737903700971,3,0,1,3,Regular Average Customers
12837.0,172,1,58.75,8.392857142857142,17,0.8802618724988576,-0.8594113484539994,-0.969047173967494,1,0,0,1,At-Risk Customers
12838.0,33,2,575.3000000000001,5.046491228070176,345,-0.634632082609968,-0.4287523615831239,-0.0236025440145387,2,0,2,2,New/Occasional Buyers
12842.0,69,2,582.3100000000001,21.56703703703704,378,-0.2422854467544448,-0.4287523615831239,-0.0107720980635752,2,0,2,2,New/Occasional Buyers
12843.0,159,8,1374.19,14.61904255319149,624,0.738581142884363,2.155201559642129,1.43861071786353,3,0,3,3,Regular Average Customers
12844.0,28,2,325.96000000000004,6.268461538461539,125,-0.6891246709232351,-0.4287523615831239,-0.4799710737453873,2,0,2,2,New/Occasional Buyers
12845.0,268,2,54.79,2.382173913043478,23,1.9265195681135856,-0.4287523615831239,-0.9762951862308058,1,0,0,1,At-Risk Customers
12847.0,21,1,640.24,8.77041095890411,557,-0.7654142945618091,-0.8594113484539994,0.095257535879266,2,0,2,2,New/Occasional Buyers
12849.0,30,2,737.14,18.4285,402,-0.6673276355979283,-0.4287523615831239,0.2726141995951529,2,0,2,2,New/Occasional Buyers
12851.0,96,1,104.91,2.3313333333333333,104,0.0519745301371975,-0.8594113484539994,-0.8845602431406072,2,0,2,2,New/Occasional Buyers
12852.0,289,2,252.35,14.019444444444446,141,2.155388439029308,-0.4287523615831239,-0.61469990776114,1,0,0,1,At-Risk Customers
12853.0,107,8,1151.8,17.72,494,0.1718582244263851,2.155201559642129,1.0315689382579971,3,0,3,3,Regular Average Customers
12854.0,78,5,1046.55,10.06298076923077,530,-0.144198787790564,0.8632245990295024,0.8389292183808345,0,0,1,0,Regular Average Customers
12856.0,7,7,1955.53,6.540234113712375,1010,-0.917993541838957,1.7245425727712531,2.502640881791225,3,0,1,3,Regular Average Customers
12857.0,210,2,831.15,21.31153846153846,314,1.2944055436796875,-0.4287523615831239,0.4446812786037237,1,0,0,1,At-Risk Customers
12863.0,51,1,109.2,36.4,48,-0.4384587646822064,-0.8594113484539994,-0.8767082298553527,2,0,2,2,New/Occasional Buyers
12864.0,137,1,10.2,10.2,12,0.4988137543059878,-0.8594113484539994,-1.0579085364381473,2,0,0,2,New/Occasional Buyers
12865.0,25,2,1355.82,15.765348837209302,862,-0.7218202239111954,-0.4287523615831239,1.4049879943087222,0,0,1,0,Regular Average Customers
12866.0,282,1,344.92,17.246000000000002,151,2.0790988153907337,-0.8594113484539994,-0.4452684695755916,1,0,0,1,At-Risk Customers
12868.0,185,6,1534.71,14.900097087378642,921,1.021942602113352,1.293883585900378,1.732411457385451,3,0,1,3,Regular Average Customers
12871.0,83,2,120.54,15.0675,102,-0.0897061994772969,-0.4287523615831239,-0.8559525583740508,2,0,2,2,New/Occasional Buyers
12872.0,326,2,507.12,8.179354838709678,284,2.5586335925474843,-0.4287523615831239,-0.1483928157601442,1,0,0,1,At-Risk Customers
12876.0,57,2,1100.82,17.75516129032258,846,-0.3730676587062859,-0.4287523615831239,0.9382599318984935,0,0,2,0,Regular Average Customers
12878.0,17,3,825.74,17.202916666666667,534,-0.8090083652124227,0.0019066252877515,0.4347793224561185,0,0,2,0,Regular Average Customers
12879.0,44,4,200.01,25.00125,99,-0.5147483883207804,0.432565612158627,-0.7104981304534984,2,0,2,2,New/Occasional Buyers
12881.0,275,1,69.0,17.25,16,2.00280919175216,-0.8594113484539994,-0.95028653616473,1,0,0,1,At-Risk Customers
12882.0,8,2,995.4,99.54,140,-0.9070950241763036,-0.4287523615831239,0.7453090599797239,0,0,2,0,Regular Average Customers
12883.0,24,4,527.87,17.02806451612903,179,-0.7327187415738488,0.432565612158627,-0.1104139636228413,0,0,2,0,Regular Average Customers
12884.0,87,1,107.25,21.45,37,-0.0461121288266832,-0.8594113484539994,-0.8802773268031956,2,0,2,2,New/Occasional Buyers
12885.0,62,3,977.22,16.287,637,-0.3185750703930188,0.0019066252877515,0.7120340945890653,0,0,2,0,Regular Average Customers
12886.0,67,3,1042.0,15.552238805970148,602,-0.2640824820797516,0.0019066252877515,0.8306013255025343,0,0,2,0,Regular Average Customers
12888.0,213,3,177.42000000000002,44.355,55,1.3271010966676478,0.0019066252877515,-0.7518447458646632,1,0,0,1,At-Risk Customers
12890.0,23,1,361.63,4.696493506493506,219,-0.7436172592365022,-0.8594113484539994,-0.4146840541917684,2,0,2,2,New/Occasional Buyers
12893.0,30,1,176.55,5.695161290322581,90,-0.6673276355979283,-0.8594113484539994,-0.7534371121952393,2,0,2,2,New/Occasional Buyers
12895.0,41,3,309.55,14.070454545454544,201,-0.5474439413087406,0.0019066252877515,-0.5100063972910809,2,0,2,2,New/Occasional Buyers
12897.0,204,2,100.5,50.25000000000001,30,1.229014437703767,-0.4287523615831239,-0.8926318931611135,1,0,0,1,At-Risk Customers
12902.0,264,1,87.78,12.54,62,1.882925497462972,-0.8594113484539994,-0.915913387097812,1,0,0,1,At-Risk Customers
12904.0,17,2,338.21,5.455,242,-0.8090083652124227,-0.4287523615831239,-0.4575498236884255,2,0,2,2,New/Occasional Buyers
12906.0,11,5,1108.02,27.7005,616,-0.8743994711883433,0.8632245990295024,0.951438136013606,0,0,1,0,Regular Average Customers
12909.0,39,8,985.34,14.280289855072464,732,-0.5692409766340475,2.155201559642129,0.7268961803411087,3,0,1,3,Regular Average Customers
12910.0,22,8,2297.02,38.93254237288136,1034,-0.7545157768991556,2.155201559642129,3.1276721211342404,3,0,1,3,Regular Average Customers
12912.0,7,4,735.66,49.044,302,-0.917993541838957,0.432565612158627,0.2699053465270464,0,0,2,0,Regular Average Customers
12913.0,4,5,1088.45,35.11129032258064,447,-0.9506890948269172,0.8632245990295024,0.91561904510628,0,0,1,0,Regular Average Customers
12915.0,148,2,201.05,18.277272727272727,77,0.6186974485951755,-0.4287523615831239,-0.7085946120813155,1,0,0,1,At-Risk Customers
12916.0,138,5,1762.0,21.228915662650603,708,0.5097122719686412,0.8632245990295024,2.148421737013768,3,0,1,3,Regular Average Customers
12919.0,7,7,1141.36,24.284255319148933,590,-0.917993541838957,1.7245425727712531,1.0124605422910844,3,0,1,3,Regular Average Customers
12920.0,16,1,106.89,4.647391304347826,89,-0.8199068828750762,-0.8594113484539994,-0.8809362370089512,2,0,2,2,New/Occasional Buyers
12922.0,160,1,377.3,14.511538461538462,298,0.7494796605470165,-0.8594113484539994,-0.386003157180128,1,0,0,1,At-Risk Customers
12923.0,63,1,152.92,5.663703703703703,66,-0.3076765527303653,-0.8594113484539994,-0.7966872459785873,2,0,2,2,New/Occasional Buyers
12924.0,87,5,640.45,24.63269230769231,214,-0.0461121288266832,0.8632245990295024,0.0956419001659568,0,0,2,0,Regular Average Customers
12925.0,4,2,636.13,15.515365853658537,489,-0.9506890948269172,-0.4287523615831239,0.0877349776968893,2,0,2,2,New/Occasional Buyers
12928.0,34,5,1739.74,22.022025316455696,996,-0.6237335649473146,0.8632245990295024,2.1076791226245457,3,0,1,3,Regular Average Customers
12929.0,311,1,70.95,14.19,33,2.395155827607683,-0.8594113484539994,-0.9467174392168868,1,0,0,1,At-Risk Customers
12930.0,77,4,383.71,15.348400000000002,217,-0.1550973054532174,0.432565612158627,-0.3742708949054238,0,0,2,0,Regular Average Customers
12931.0,66,2,48.16,16.053333333333335,42,-0.2749809997424051,-0.4287523615831239,-0.9884301158534716,2,0,2,2,New/Occasional Buyers
12933.0,23,4,464.22,4.736938775510204,219,-0.7436172592365022,0.432565612158627,-0.2269129486126885,0,0,2,0,Regular Average Customers
12935.0,1,8,1847.3,16.063478260869566,1535,-0.9833846478148774,2.155201559642129,2.304546849655307,3,0,3,3,Regular Average Customers
12936.0,16,3,911.9,15.198333333333332,479,-0.8199068828750762,0.0019066252877515,0.5924784983669628,0,0,2,0,Regular Average Customers
12937.0,14,4,1233.12,10.81684210526316,866,-0.841703918200383,0.432565612158627,1.1804094325136831,0,0,1,0,Regular Average Customers
12938.0,25,1,100.22,12.5275,92,-0.7218202239111954,-0.8594113484539994,-0.8931443788767011,2,0,2,2,New/Occasional Buyers
12939.0,334,1,81.36,81.36,24,2.645821733848712,-0.8594113484539994,-0.927663952433787,1,0,0,1,At-Risk Customers
12940.0,54,3,506.07,6.572337662337662,316,-0.4057632116942461,0.0019066252877515,-0.1503146371935981,2,0,2,2,New/Occasional Buyers
12942.0,130,3,496.7,8.278333333333332,182,0.4225241306674139,0.0019066252877515,-0.1674646056045152,2,0,0,2,New/Occasional Buyers
12943.0,300,1,-3.75,-3.75,-1,2.2752721333184955,-0.8594113484539994,-1.0834413069111777,1,0,0,1,At-Risk Customers
12944.0,35,2,519.81,19.25222222222222,281,-0.6128350472846611,-0.4287523615831239,-0.1251662310072588,2,0,2,2,New/Occasional Buyers
12945.0,287,1,264.25,17.616666666666667,111,2.133591403704001,-0.8594113484539994,-0.5929192648486628,1,0,0,1,At-Risk Customers
12947.0,143,6,1264.64,14.705116279069768,970,0.5642048602819083,1.293883585900378,1.2381006816398414,3,0,1,3,Regular Average Customers
12948.0,15,8,1881.11,17.25788990825688,966,-0.8308054005377296,2.155201559642129,2.366429499812522,3,0,3,3,Regular Average Customers
12950.0,7,2,284.2,25.83636363636364,220,-0.917993541838957,-0.4287523615831239,-0.556404657613039,2,0,2,2,New/Occasional Buyers
12951.0,8,7,965.62,15.82983606557377,492,-0.9070950241763036,1.7245425727712531,0.6908025435147177,0,0,1,0,Regular Average Customers
12952.0,5,5,1053.31,16.45796875,529,-0.9397905771642638,0.8632245990295024,0.8513020878000233,0,0,1,0,Regular Average Customers
12953.0,9,1,192.45,19.245,71,-0.8961965065136501,-0.8594113484539994,-0.7243352447743662,2,0,2,2,New/Occasional Buyers
12956.0,305,1,74.67,4.666875,31,2.3297647216317623,-0.8594113484539994,-0.939908700424079,1,0,0,1,At-Risk Customers
12962.0,6,2,240.89,16.059333333333335,127,-0.9288920595016104,-0.4287523615831239,-0.6356752159776938,2,0,2,2,New/Occasional Buyers
12963.0,7,9,1648.46,18.947816091954024,807,-0.917993541838957,2.585860546513004,1.9406087793429547,3,0,3,3,Regular Average Customers
12965.0,88,1,595.61,6.336276595744681,263,-0.0352136111640298,-0.8594113484539994,0.0135709734268405,2,0,2,2,New/Occasional Buyers
12966.0,9,1,147.68,16.40888888888889,74,-0.8961965065136501,-0.8594113484539994,-0.8062780500845856,2,0,2,2,New/Occasional Buyers
12967.0,2,3,318.65,19.915625,101,-0.972486130152224,0.0019066252877515,-0.4933506115344807,2,0,2,2,New/Occasional Buyers
12968.0,111,1,126.0,31.5,72,0.2154522950769988,-0.8594113484539994,-0.8459590869200906,2,0,0,2,New/Occasional Buyers
12970.0,6,4,310.05,2.541393442622951,224,-0.9288920595016104,0.432565612158627,-0.5090912442275315,0,0,2,0,Regular Average Customers
12974.0,197,1,77.15,19.2875,17,1.1527248140651931,-0.8594113484539994,-0.9353695412288736,1,0,0,1,At-Risk Customers
12976.0,211,1,303.6,15.978947368421052,261,1.305304061342341,-0.8594113484539994,-0.5208967187473196,1,0,0,1,At-Risk Customers
12977.0,155,1,10.74,1.5342857142857145,10,0.6949870722337494,-0.8594113484539994,-1.0569201711295138,1,0,0,1,At-Risk Customers
12980.0,182,1,-3.39,-3.39,-1,0.9892470491253916,-0.8594113484539994,-1.0827823967054218,1,0,0,1,At-Risk Customers
12981.0,29,2,372.22,18.611,242,-0.6782261532605817,-0.4287523615831239,-0.3953011123057907,2,0,2,2,New/Occasional Buyers
12982.0,239,2,363.16,11.004848484848484,242,1.6104625558966366,-0.4287523615831239,-0.411883685817307,1,0,0,1,At-Risk Customers
12984.0,18,1,97.5,24.375,26,-0.7981098475497693,-0.8594113484539994,-0.8981228115424102,2,0,2,2,New/Occasional Buyers
12985.0,0,2,1033.52,16.14875,703,-0.9942831654775308,-0.4287523615831239,0.8150803295447353,0,0,2,0,Regular Average Customers
12987.0,73,3,386.7,17.577272727272728,206,-0.1986913761038311,0.0019066252877515,-0.3687982795853981,2,0,2,2,New/Occasional Buyers
12988.0,291,1,301.17,4.428970588235295,105,2.1771854743546144,-0.8594113484539994,-0.52534436263617,1,0,0,1,At-Risk Customers
12990.0,30,3,351.0,29.25,170,-0.6673276355979283,0.0019066252877515,-0.43414020832283,2,0,2,2,New/Occasional Buyers
12991.0,22,2,461.26,15.375333333333334,355,-0.7545157768991556,-0.4287523615831239,-0.2323306547489014,2,0,2,2,New/Occasional Buyers
12993.0,22,4,414.76,15.361481481481482,240,-0.7545157768991556,0.432565612158627,-0.3174398896590019,0,0,2,0,Regular Average Customers
12994.0,3,5,723.07,12.051166666666669,421,-0.9615876124895706,0.8632245990295024,0.2468617923868709,0,0,1,0,Regular Average Customers
12995.0,77,1,-10.6,-5.3,-10,-0.1550973054532174,-0.8594113484539994,-1.095978903881805,2,0,2,2,New/Occasional Buyers
12997.0,21,7,851.14,14.426101694915252,461,-0.7654142945618091,1.7245425727712531,0.4812690980844314,0,0,1,0,Regular Average Customers
12999.0,204,2,273.78,11.903478260869564,248,1.229014437703767,-0.4287523615831239,-0.5754764474574099,1,0,0,1,At-Risk Customers
13000.0,259,2,382.16,15.2864,252,1.828432909149705,-0.4287523615831239,-0.3771078694024272,1,0,0,1,At-Risk Customers
13002.0,317,1,111.0,18.5,72,2.460546933583604,-0.8594113484539994,-0.8734136788265746,1,0,0,1,At-Risk Customers
13003.0,150,2,89.05000000000001,17.810000000000002,55,0.6404944839204822,-0.4287523615831239,-0.9135888983163962,1,0,0,1,At-Risk Customers
13005.0,173,3,318.35,15.9175,153,0.8911603901615109,0.0019066252877515,-0.4938997033726103,1,0,0,1,At-Risk Customers
13006.0,55,1,11.52,5.76,48,-0.3948646940315927,-0.8594113484539994,-1.0554925323503768,2,0,2,2,New/Occasional Buyers
13008.0,322,1,229.47,16.390714285714285,175,2.5150395218968704,-0.8594113484539994,-0.6565773119491638,1,0,0,1,At-Risk Customers
13012.0,8,10,1201.28,13.49752808988764,641,-0.9070950241763036,3.0165195333838795,1.1221324854268528,3,0,3,3,Regular Average Customers
13016.0,72,3,709.34,16.496279069767443,522,-0.2095898937664845,0.0019066252877515,0.2217316892618025,0,0,2,0,Regular Average Customers
13023.0,63,2,439.86,15.167586206896551,226,-0.3076765527303653,-0.4287523615831239,-0.2714992058688186,2,0,2,2,New/Occasional Buyers
13026.0,0,5,326.88,15.565714285714286,384,-0.9942831654775308,0.8632245990295024,-0.4782871921084564,0,0,2,0,Regular Average Customers
13028.0,22,3,611.8,13.595555555555556,664,-0.7545157768991556,0.0019066252877515,0.0432036296245722,0,0,2,0,Regular Average Customers
13029.0,30,2,116.5,16.642857142857142,74,-0.6673276355979283,-0.4287523615831239,-0.8633469951275304,2,0,2,2,New/Occasional Buyers
13030.0,10,2,514.84,6.35604938271605,327,-0.8852979888509966,-0.4287523615831239,-0.1342628524589404,2,0,2,2,New/Occasional Buyers
13032.0,38,3,722.27,11.464603174603177,338,-0.5801394942967009,0.0019066252877515,0.2453975474851916,0,0,2,0,Regular Average Customers
13034.0,54,2,627.82,17.439444444444447,368,-0.4057632116942461,-0.4287523615831239,0.0725251337806973,2,0,2,2,New/Occasional Buyers
13035.0,57,3,313.95,15.6975,191,-0.3730676587062859,0.0019066252877515,-0.5019530503318457,2,0,2,2,New/Occasional Buyers
13037.0,137,3,693.37,19.260277777777777,409,0.4988137543059878,0.0019066252877515,0.1925017004120324,0,0,0,0,Regular Average Customers
13038.0,79,3,891.46,33.017037037037035,358,-0.1333002701279106,0.0019066252877515,0.5550670411290607,0,0,2,0,Regular Average Customers
13040.0,8,2,676.99,15.743953488372092,355,-0.9070950241763036,-0.4287523615831239,0.1625212860501519,2,0,2,2,New/Occasional Buyers
13043.0,272,1,139.7,27.94,46,1.9701136387641995,-0.8594113484539994,-0.8208838929788351,1,0,0,1,At-Risk Customers
13044.0,290,1,391.72,13.99,414,2.166286956691961,-0.8594113484539994,-0.3596101428273613,1,0,0,1,At-Risk Customers
13045.0,98,1,305.28000000000003,16.96,221,0.0737715654625044,-0.8594113484539994,-0.5178218044537933,2,0,2,2,New/Occasional Buyers
13046.0,30,2,419.11,15.522592592592591,249,-0.6673276355979283,-0.4287523615831239,-0.3094780580061215,2,0,2,2,New/Occasional Buyers
13048.0,13,5,1763.91,13.163507462686567,1217,-0.8526024358630364,0.8632245990295024,2.151917621716527,3,0,1,3,Regular Average Customers
13049.0,63,2,433.68,39.42545454545455,168,-0.3076765527303653,-0.4287523615831239,-0.28281049773429,2,0,2,2,New/Occasional Buyers
13052.0,211,1,197.65,19.765,120,1.305304061342341,-0.8594113484539994,-0.7148176529134519,1,0,0,1,At-Risk Customers
13055.0,63,4,1091.61,14.953561643835616,836,-0.3076765527303653,0.432565612158627,0.9214028124679124,0,0,2,0,Regular Average Customers
13058.0,24,3,261.45000000000005,37.35000000000001,51,-0.7327187415738488,0.0019066252877515,-0.5980441220045397,2,0,2,2,New/Occasional Buyers
13059.0,249,1,85.65,14.275,27,1.719447732523171,-0.8594113484539994,-0.9198119391485328,1,0,0,1,At-Risk Customers
13060.0,253,1,243.93,22.175454545454546,115,1.7630418031737844,-0.8594113484539994,-0.6301110853513131,1,0,0,1,At-Risk Customers
13061.0,71,1,200.31,25.03875,101,-0.2204884114291379,-0.8594113484539994,-0.7099490386153686,2,0,2,2,New/Occasional Buyers
13062.0,190,1,65.69999999999999,16.424999999999997,32,1.0764351904266192,-0.8594113484539994,-0.9563265463841564,1,0,0,1,At-Risk Customers
13064.0,12,4,879.22,15.15896551724138,387,-0.8635009535256898,0.432565612158627,0.5326640941333697,0,0,2,0,Regular Average Customers
13066.0,23,2,372.75,8.668604651162791,314,-0.7436172592365022,-0.4287523615831239,-0.3943310500584282,2,0,2,2,New/Occasional Buyers
13067.0,81,1,91.61,7.046923076923077,29,-0.1115032348026037,-0.8594113484539994,-0.9089033146310228,2,0,2,2,New/Occasional Buyers
13070.0,191,1,228.8,25.422222222222224,110,1.0873337080892729,-0.8594113484539994,-0.65780361705432,1,0,0,1,At-Risk Customers
13072.0,266,1,177.15,25.307142857142857,69,1.904722532788279,-0.8594113484539994,-0.7523389285189801,1,0,0,1,At-Risk Customers
13075.0,129,1,477.21,29.825625,263,0.4116256130047604,-0.8594113484539994,-0.2031372720216734,2,0,2,2,New/Occasional Buyers
13077.0,0,4,637.21,6.186504854368932,511,-0.9942831654775308,0.432565612158627,0.0897117083141563,0,0,2,0,Regular Average Customers
13079.0,3,5,220.1,36.68333333333334,62,-0.9615876124895706,0.8632245990295024,-0.6737272803600807,0,0,2,0,Regular Average Customers
13080.0,178,1,58.08,9.68,120,0.945652978474778,-0.8594113484539994,-0.9702734790726502,1,0,0,1,At-Risk Customers
13082.0,125,9,1159.21,20.700178571428573,608,0.3680315423541467,2.585860546513004,1.0451315066598006,3,0,3,3,Regular Average Customers
13083.0,3,2,235.8,15.72,180,-0.9615876124895706,-0.4287523615831239,-0.6449914741646274,2,0,2,2,New/Occasional Buyers
13085.0,157,3,144.78,7.62,72,0.7167841075590563,0.0019066252877515,-0.8115859378531726,1,0,0,1,At-Risk Customers
13091.0,20,2,255.08,14.17111111111111,232,-0.7763128122244625,-0.4287523615831239,-0.60970317203416,2,0,2,2,New/Occasional Buyers
13092.0,70,6,248.61,15.538125,113,-0.2313869290917914,1.293883585900378,-0.6215452526764901,0,0,0,0,Regular Average Customers
13094.0,185,5,93.48,18.696,24,1.021942602113352,0.8632245990295024,-0.905480642173348,1,0,0,1,At-Risk Customers
13095.0,70,1,60.48,12.096,96,-0.2313869290917914,-0.8594113484539994,-0.9658807443676128,2,0,2,2,New/Occasional Buyers
13101.0,233,1,65.5,10.916666666666666,46,1.545071449920716,-0.8594113484539994,-0.9566926076095762,1,0,0,1,At-Risk Customers
13103.0,39,1,141.94,23.656666666666663,70,-0.5692409766340475,-0.8594113484539994,-0.8167840072541336,2,0,2,2,New/Occasional Buyers
13104.0,2,4,570.48,35.655,264,-0.972486130152224,0.432565612158627,-0.0324246195471556,0,0,2,0,Regular Average Customers
13106.0,128,2,59.5,29.75,14,0.400727095342107,-0.4287523615831239,-0.9676744443721698,2,0,0,2,New/Occasional Buyers
13107.0,43,5,1084.45,21.26372549019608,830,-0.5256469059834338,0.8632245990295024,0.9082978205978842,0,0,1,0,Regular Average Customers
13109.0,2,5,743.5,15.489583333333334,476,-0.972486130152224,0.8632245990295024,0.2842549465635021,0,0,1,0,Regular Average Customers
13110.0,30,7,971.22,9.338653846153846,332,-0.6673276355979283,1.7245425727712531,0.7010522578264717,0,0,1,0,Regular Average Customers
13116.0,137,1,291.29,13.870952380952382,270,0.4988137543059878,-0.8594113484539994,-0.5434277871719074,2,0,0,2,New/Occasional Buyers
13117.0,21,8,840.7,12.184057971014491,806,-0.7654142945618091,2.155201559642129,0.4621607021175187,3,0,1,3,Regular Average Customers
13118.0,19,7,1053.15,13.857236842105264,383,-0.7872113298871158,1.7245425727712531,0.8510092388196876,3,0,1,3,Regular Average Customers
13120.0,238,1,30.6,30.6,12,1.5995640382339833,-0.8594113484539994,-1.020570291445329,1,0,0,1,At-Risk Customers
13121.0,268,2,231.36,4.536470588235294,190,1.9265195681135856,-0.4287523615831239,-0.6531180333689467,1,0,0,1,At-Risk Customers
13122.0,239,1,821.1,16.422,482,1.6104625558966366,-0.8594113484539994,0.4262867020263795,1,0,0,1,At-Risk Customers
13126.0,4,9,1760.17,14.310325203252033,1645,-0.9506890948269172,2.585860546513004,2.145072276801177,3,0,3,3,Regular Average Customers
13127.0,77,1,259.17,17.278000000000002,127,-0.1550973054532174,-0.8594113484539994,-0.6022172199743253,2,0,2,2,New/Occasional Buyers
13130.0,93,1,64.0,32.0,32,0.0192789771492372,-0.8594113484539994,-0.9594380668002246,2,0,2,2,New/Occasional Buyers
13131.0,22,3,604.3,16.78611111111111,375,-0.7545157768991556,0.0019066252877515,0.0294763336713302,0,0,2,0,Regular Average Customers
13132.0,261,1,60.3,30.15,18,1.850229944475012,-0.8594113484539994,-0.9662101994704908,1,0,0,1,At-Risk Customers
13133.0,273,2,79.95,15.99,29,1.981012156426853,-0.4287523615831239,-0.9302446840729964,1,0,0,1,At-Risk Customers
13134.0,72,7,1339.19,15.392988505747129,827,-0.2095898937664845,1.7245425727712531,1.374550003415067,3,0,1,3,Regular Average Customers
13136.0,49,11,2374.93,18.12923664122137,1297,-0.4602558000075132,3.447178520254755,3.2702712714965183,3,0,3,3,Regular Average Customers
13138.0,21,6,946.49,15.265967741935484,471,-0.7654142945618091,1.293883585900378,0.655788787303315,0,0,1,0,Regular Average Customers
13139.0,15,8,2463.89,21.613070175438597,1239,-0.8308054005377296,2.155201559642129,3.4330953045632397,3,0,1,3,Regular Average Customers
13140.0,107,3,348.67,8.301666666666668,177,0.1718582244263851,0.0019066252877515,-0.4384048215989705,2,0,0,2,New/Occasional Buyers
13141.0,84,6,2257.58,17.366,1443,-0.0788076818146435,1.293883585900378,3.055484847481458,3,0,1,3,Regular Average Customers
13142.0,18,1,215.92,11.364210526315787,109,-0.7981098475497693,-0.8594113484539994,-0.6813779599713543,2,0,2,2,New/Occasional Buyers
13144.0,332,1,47.2,23.6,16,2.624024698523405,-0.8594113484539994,-0.9901872097354866,1,0,0,1,At-Risk Customers
13145.0,39,4,293.85,58.77,69,-0.5692409766340475,0.432565612158627,-0.5387422034865342,0,0,2,0,Regular Average Customers
13146.0,25,1,228.91,13.465294117647058,154,-0.7218202239111954,-0.8594113484539994,-0.6576022833803392,2,0,2,2,New/Occasional Buyers
13147.0,42,2,237.6,118.8,48,-0.5365454236460871,-0.4287523615831239,-0.6416969231358494,2,0,2,2,New/Occasional Buyers
13149.0,13,4,1210.68,17.804117647058824,844,-0.8526024358630364,0.432565612158627,1.1393373630215828,0,0,1,0,Regular Average Customers
13151.0,202,2,765.77,14.448490566037735,287,1.2072174023784603,-0.4287523615831239,0.3250158640139953,1,0,0,1,At-Risk Customers
13153.0,5,1,140.46,17.5575,114,-0.9397905771642638,-0.8594113484539994,-0.8194928603222399,2,0,2,2,New/Occasional Buyers
13155.0,32,4,843.0600000000001,10.80846153846154,484,-0.6455306002726214,0.432565612158627,0.4664802245774722,0,0,2,0,Regular Average Customers
13157.0,48,5,1428.33,18.08012658227848,990,-0.4711543176701667,0.8632245990295024,1.537703491584666,3,0,1,3,Regular Average Customers
13158.0,94,4,1193.5,15.301282051282053,748,0.0301774948118907,0.432565612158627,1.107892703758023,0,0,2,0,Regular Average Customers
13159.0,8,4,1215.79,11.469716981132075,965,-0.9070950241763036,0.432565612158627,1.1486902273310582,0,0,1,0,Regular Average Customers
13160.0,21,1,75.89999999999999,25.3,54,-0.7654142945618091,-0.8594113484539994,-0.9376574238877472,2,0,2,2,New/Occasional Buyers
13161.0,312,1,95.75,15.958333333333334,27,2.4060543452703365,-0.8594113484539994,-0.9013258472648332,1,0,0,1,At-Risk Customers
13162.0,121,5,1153.65,18.311904761904763,1057,0.3244374717035331,0.8632245990295024,1.0349550045931306,0,0,1,0,Regular Average Customers
13165.0,45,2,349.28,13.433846153846153,488,-0.5038498706581269,-0.4287523615831239,-0.4372883348614403,2,0,2,2,New/Occasional Buyers
13166.0,281,2,347.1,8.9,206,2.0682002977280805,-0.4287523615831239,-0.4412784022185159,1,0,0,1,At-Risk Customers
13167.0,18,4,482.16,9.6432,312,-0.7981098475497693,0.432565612158627,-0.1940772566925337,0,0,2,0,Regular Average Customers
13168.0,35,5,1088.24,9.630442477876109,646,-0.6128350472846611,0.8632245990295024,0.9152346808195893,0,0,1,0,Regular Average Customers
13169.0,63,2,355.1,39.45555555555556,146,-0.3076765527303653,-0.4287523615831239,-0.4266359532017243,2,0,2,2,New/Occasional Buyers
13170.0,26,1,101.97,3.516206896551724,105,-0.7109217062485419,-0.8594113484539994,-0.889941343154278,2,0,2,2,New/Occasional Buyers
13171.0,21,3,261.51,6.705384615384615,215,-0.7654142945618091,0.0019066252877515,-0.5979343036369138,2,0,2,2,New/Occasional Buyers
13173.0,3,2,340.21,8.100238095238094,245,-0.9615876124895706,-0.4287523615831239,-0.4538892114342276,2,0,2,2,New/Occasional Buyers
13174.0,15,3,1998.53,7.99412,1128,-0.8308054005377296,0.0019066252877515,2.581344045256479,3,0,1,3,Regular Average Customers
13176.0,45,1,337.43,5.719152542372881,240,-0.5038498706581269,-0.8594113484539994,-0.4589774624675626,2,0,2,2,New/Occasional Buyers
13177.0,64,1,282.45,16.61470588235294,91,-0.2967780350677119,-0.8594113484539994,-0.5596076933354621,2,0,2,2,New/Occasional Buyers
13182.0,44,1,121.18,11.016363636363636,201,-0.5147483883207804,-0.8594113484539994,-0.8547811624527074,2,0,2,2,New/Occasional Buyers
13183.0,7,9,1126.63,18.171451612903223,737,-0.917993541838957,2.585860546513004,0.9855001330389176,3,0,1,3,Regular Average Customers
13184.0,14,11,1374.27,8.229161676646706,1238,-0.841703918200383,3.447178520254755,1.4387571423536976,3,0,3,3,Regular Average Customers
13185.0,267,1,71.4,71.4,12,1.9156210504509323,-0.8594113484539994,-0.9458938014596924,1,0,0,1,At-Risk Customers
13186.0,39,5,1325.8200000000002,18.16191780821918,631,-0.5692409766340475,0.8632245990295024,1.3500788104957544,0,0,1,0,Regular Average Customers
13187.0,336,1,154.02,5.134,86,2.6676187691740183,-0.8594113484539994,-0.7946739092387785,1,0,0,1,At-Risk Customers
13188.0,10,1,99.6,99.6,24,-0.8852979888509966,-0.8594113484539994,-0.8942791686755024,2,0,2,2,New/Occasional Buyers
13189.0,18,2,167.28,7.965714285714286,424,-0.7981098475497693,-0.4287523615831239,-0.7704040499934466,2,0,2,2,New/Occasional Buyers
13192.0,94,2,859.14,14.319,589,0.0301774948118907,-0.4287523615831239,0.495911547101223,2,0,2,2,New/Occasional Buyers
13193.0,60,1,95.13,3.96375,45,-0.3403721057183256,-0.8594113484539994,-0.9024606370636348,2,0,2,2,New/Occasional Buyers
13194.0,135,1,60.7,20.23333333333333,26,0.477016718980681,-0.8594113484539994,-0.9654780770196508,2,0,0,2,New/Occasional Buyers
13196.0,10,4,1704.03,15.925514018691588,1219,-0.8852979888509966,0.432565612158627,2.0423188908258427,3,0,1,3,Regular Average Customers
13200.0,21,3,607.27,15.57102564102564,400,-0.7654142945618091,0.0019066252877515,0.034912342868814,0,0,2,0,Regular Average Customers
13203.0,9,4,798.68,15.06943396226415,726,-0.8961965065136501,0.432565612158627,0.3852512386568212,0,0,2,0,Regular Average Customers
13207.0,14,2,250.26,31.2825,130,-0.841703918200383,-0.4287523615831239,-0.6185252475667768,2,0,2,2,New/Occasional Buyers
13208.0,58,6,1069.55,7.806934306569342,755,-0.3621691410436324,1.293883585900378,0.8810262593041099,0,0,1,0,Regular Average Customers
13210.0,93,1,293.0,14.65,220,0.0192789771492372,-0.8594113484539994,-0.5402979636945683,2,0,2,2,New/Occasional Buyers
13211.0,9,3,483.42,9.478823529411764,594,-0.8961965065136501,0.0019066252877515,-0.191771070972389,2,0,2,2,New/Occasional Buyers
13212.0,8,4,519.98,4.333166666666667,284,-0.9070950241763036,0.432565612158627,-0.1248550789656519,0,0,2,0,Regular Average Customers
13213.0,56,6,1195.13,16.150405405405408,777,-0.3839661763689393,1.293883585900378,1.1108761027451943,0,0,1,0,Regular Average Customers
13216.0,267,1,10.5,10.5,5,1.9156210504509323,-0.8594113484539994,-1.0573594446000176,1,0,0,1,At-Risk Customers
13217.0,121,2,48.620000000000005,24.31,14,0.3244374717035331,-0.4287523615831239,-0.9875881750350062,2,0,0,2,New/Occasional Buyers
13218.0,126,1,56.76,14.19,60,0.3789300600168002,-0.8594113484539994,-0.9726894831604208,2,0,0,2,New/Occasional Buyers
13220.0,77,4,506.04,29.76705882352941,167,-0.1550973054532174,0.432565612158627,-0.150369546377411,0,0,2,0,Regular Average Customers
13221.0,239,2,570.71,11.190392156862746,217,1.6104625558966366,-0.4287523615831239,-0.0320036491379228,1,0,0,1,At-Risk Customers
13223.0,199,1,62.4,15.6,40,1.1745218493905,-0.8594113484539994,-0.962366556603583,1,0,0,1,At-Risk Customers
13224.0,59,3,1802.82,18.58577319587629,939,-0.351270623380979,0.0019066252877515,2.2231348331219465,3,0,1,3,Regular Average Customers
13226.0,272,1,85.51,6.107857142857143,78,1.9701136387641995,-0.8594113484539994,-0.9200681820063265,1,0,0,1,At-Risk Customers
13227.0,201,1,257.7,28.633333333333333,99,1.1963188847158068,-0.8594113484539994,-0.6049077699811608,1,0,0,1,At-Risk Customers
13229.0,225,1,123.15,15.39375,59,1.457883308619489,-0.8594113484539994,-0.8511754593823225,1,0,0,1,At-Risk Customers
13232.0,12,7,969.91,5.479717514124293,572,-0.8635009535256898,1.7245425727712531,0.698654556799972,0,0,1,0,Regular Average Customers
13233.0,73,2,477.2,14.46060606060606,572,-0.1986913761038311,-0.4287523615831239,-0.2031555750829444,2,0,2,2,New/Occasional Buyers
13235.0,211,1,870.57,15.828545454545456,397,1.305304061342341,-0.8594113484539994,0.5168319461339639,1,0,0,1,At-Risk Customers
13236.0,24,3,574.75,17.9609375,318,-0.7327187415738488,0.0019066252877515,-0.0246092123844432,0,0,2,0,Regular Average Customers
13238.0,22,3,493.68,19.7472,240,-0.7545157768991556,0.0019066252877515,-0.1729921301083539,2,0,2,2,New/Occasional Buyers
13239.0,261,1,292.12,15.374736842105264,231,1.850229944475012,-0.8594113484539994,-0.5419086330864153,1,0,0,1,At-Risk Customers
13240.0,95,4,616.7,9.78888888888889,294,0.0410760124745441,0.432565612158627,0.0521721296473571,0,0,0,0,Regular Average Customers
13242.0,111,3,270.40000000000003,20.800000000000004,130,0.2154522950769988,0.0019066252877515,-0.5816628821670042,2,0,0,2,New/Occasional Buyers
13243.0,202,1,480.02,9.412156862745098,222,1.2072174023784603,-0.8594113484539994,-0.1979941118045253,1,0,0,1,At-Risk Customers
13244.0,92,1,94.79,3.949583333333333,35,0.0083804594865838,-0.8594113484539994,-0.9030829411468484,2,0,2,2,New/Occasional Buyers
13245.0,50,1,259.85,23.622727272727275,111,-0.4493572823448598,-0.8594113484539994,-0.600972611807898,2,0,2,2,New/Occasional Buyers
13246.0,17,7,811.33,6.817899159663866,607,-0.8090083652124227,1.7245425727712531,0.4084046111646229,0,0,1,0,Regular Average Customers
13247.0,17,4,474.72,19.78,280,-0.8090083652124227,0.432565612158627,-0.2076947342781497,0,0,2,0,Regular Average Customers
13248.0,124,2,434.21,18.09208333333333,256,0.3571330246914933,-0.4287523615831239,-0.2818404354869276,2,0,0,2,New/Occasional Buyers
13249.0,92,1,82.23,5.873571428571429,61,0.0083804594865838,-0.8594113484539994,-0.9260715861032108,2,0,2,2,New/Occasional Buyers
13253.0,156,2,380.16,19.008,320,0.7058855898964028,-0.4287523615831239,-0.3807684816566252,1,0,0,1,At-Risk Customers
13255.0,3,3,189.61,21.067777777777778,91,-0.9615876124895706,0.0019066252877515,-0.7295333141753273,2,0,2,2,New/Occasional Buyers
13258.0,11,3,483.73,16.124333333333333,204,-0.8743994711883433,0.0019066252877515,-0.1912036760729883,2,0,2,2,New/Occasional Buyers
13259.0,61,1,249.18,3.1541772151898737,123,-0.3294735880556722,-0.8594113484539994,-0.6205019781840436,2,0,2,2,New/Occasional Buyers
13260.0,60,1,82.32000000000001,20.58,24,-0.3403721057183256,-0.8594113484539994,-0.925906858551772,2,0,2,2,New/Occasional Buyers
13261.0,268,2,670.5,111.75,110,1.9265195681135856,-0.4287523615831239,0.1506425992852798,1,0,0,1,At-Risk Customers
13262.0,262,1,132.29,14.698888888888888,117,1.8611284621376651,-0.8594113484539994,-0.8344464613806383,1,0,0,1,At-Risk Customers
13265.0,52,5,1232.52,17.60742857142857,1050,-0.427560247019553,0.8632245990295024,1.1793112488374236,0,0,1,0,Regular Average Customers
13271.0,36,2,192.77,2.1183516483516485,192,-0.6019365296220077,-0.4287523615831239,-0.7237495468136946,2,0,2,2,New/Occasional Buyers
13272.0,30,2,205.66000000000005,17.138333333333335,90,-0.6673276355979283,-0.4287523615831239,-0.7001569008353893,2,0,2,2,New/Occasional Buyers
13273.0,112,1,128.54,8.569333333333333,117,0.2263508127396523,-0.8594113484539994,-0.8413101093572594,2,0,0,2,New/Occasional Buyers
13276.0,63,2,462.98,19.29083333333333,148,-0.3076765527303653,-0.4287523615831239,-0.2291825282102912,2,0,2,2,New/Occasional Buyers
13277.0,15,3,159.4,26.566666666666663,116,-0.8308054005377296,0.0019066252877515,-0.7848268622749861,2,0,2,2,New/Occasional Buyers
13278.0,40,1,459.86,10.694418604651164,416,-0.558342458971394,-0.8594113484539994,-0.2348930833268399,2,0,2,2,New/Occasional Buyers
13279.0,63,2,126.3,11.481818181818182,70,-0.3076765527303653,-0.4287523615831239,-0.8454099950819609,2,0,2,2,New/Occasional Buyers
13280.0,121,3,723.45,9.646,475,0.3244374717035331,0.0019066252877515,0.2475573087151685,0,0,0,0,Regular Average Customers
13282.0,17,6,642.64,20.73032258064516,245,-0.8090083652124227,1.293883585900378,0.0996502705843034,0,0,1,0,Regular Average Customers
13283.0,59,2,93.66,13.38,90,-0.351270623380979,-0.4287523615831239,-0.9051511870704702,2,0,2,2,New/Occasional Buyers
13284.0,322,2,143.7,13.063636363636364,74,2.5150395218968704,-0.4287523615831239,-0.8135626684704395,1,0,0,1,At-Risk Customers
13291.0,155,1,338.41,8.46025,231,0.6949870722337494,-0.8594113484539994,-0.4571837624630056,1,0,0,1,At-Risk Customers
13292.0,38,2,418.45,18.193478260869565,287,-0.5801394942967009,-0.4287523615831239,-0.3106860600500069,2,0,2,2,New/Occasional Buyers
13294.0,189,2,726.39,15.791086956521738,436,1.0655366727639657,-0.4287523615831239,0.2529384087288392,1,0,0,1,At-Risk Customers
13296.0,136,1,53.4,13.35,74,0.4879152366433344,-0.8594113484539994,-0.9788393117474732,2,0,0,2,New/Occasional Buyers
13297.0,7,4,1641.59,31.56903846153846,633,-0.917993541838957,0.432565612158627,1.928034576249785,3,0,1,3,Regular Average Customers
13298.0,0,1,90.0,90.0,24,-0.9942831654775308,-0.8594113484539994,-0.9118501074956522,2,0,2,2,New/Occasional Buyers
13299.0,267,1,82.80000000000001,20.700000000000003,24,1.9156210504509323,-0.8594113484539994,-0.9250283116107646,1,0,0,1,At-Risk Customers
13300.0,164,2,365.29,16.60409090909091,201,0.7930737311976302,-0.4287523615831239,-0.4079851337665862,1,0,0,1,At-Risk Customers
13301.0,103,4,507.74,6.769866666666667,300,0.1282641537757715,0.432565612158627,-0.1472580259613429,0,0,0,0,Regular Average Customers
13305.0,3,10,1000.21,18.87188679245283,681,-0.9615876124895706,3.0165195333838795,0.7541128324510699,3,0,3,3,Regular Average Customers
13307.0,119,1,15.0,15.0,4,0.3026404363782262,-0.8594113484539994,-1.0491230670280725,2,0,0,2,New/Occasional Buyers
13308.0,22,4,1087.03,20.51,509,-0.7545157768991556,0.432565612158627,0.9130200104057994,0,0,1,0,Regular Average Customers
13309.0,6,5,1389.78,13.8978,1333,-0.9288920595016104,0.8632245990295024,1.467145190385002,0,0,1,0,Regular Average Customers
13310.0,8,6,980.08,14.204057971014493,564,-0.9070950241763036,1.293883585900378,0.7172687701125683,0,0,1,0,Regular Average Customers
13311.0,3,2,408.8200000000001,21.51684210526316,210,-0.9615876124895706,-0.4287523615831239,-0.3283119080539695,2,0,2,2,New/Occasional Buyers
13313.0,21,5,1475.12,19.40947368421053,783,-0.7654142945618091,0.8632245990295024,1.6233435152716256,3,0,1,3,Regular Average Customers
13314.0,1,4,541.76,8.599365079365079,514,-0.9833846478148774,0.432565612158627,-0.0849910115174371,0,0,2,0,Regular Average Customers
13316.0,36,4,580.49,12.899777777777778,336,-0.6019365296220077,0.432565612158627,-0.0141032552148953,0,0,2,0,Regular Average Customers
13317.0,65,8,1716.07,16.34352380952381,913,-0.2858795174050585,2.155201559642129,2.0643557765961136,3,0,1,3,Regular Average Customers
13318.0,0,3,379.54,25.302666666666664,202,-0.9942831654775308,0.0019066252877515,-0.3819032714554265,2,0,2,2,New/Occasional Buyers
13320.0,69,6,1475.2,13.53394495412844,1056,-0.2422854467544448,1.293883585900378,1.6234899397617932,3,0,1,3,Regular Average Customers
13321.0,85,1,259.04,28.782222222222224,140,-0.06790916415199,-0.8594113484539994,-0.6024551597708482,2,0,2,2,New/Occasional Buyers
13322.0,16,1,199.48,7.9792,117,-0.8199068828750762,-0.8594113484539994,-0.7114681927008607,2,0,2,2,New/Occasional Buyers
13323.0,2,5,583.85,29.192500000000003,127,-0.972486130152224,0.8632245990295024,-0.0079534266278429,0,0,1,0,Regular Average Customers
13324.0,35,8,1036.95,51.8475,381,-0.6128350472846611,2.155201559642129,0.8213582795606849,3,0,1,3,Regular Average Customers
13325.0,81,1,471.3,47.13,160,-0.1115032348026037,-0.8594113484539994,-0.2139543812328281,2,0,2,2,New/Occasional Buyers
13328.0,315,1,235.68,29.46,152,2.4387498982582967,-0.8594113484539994,-0.6452111108998793,1,0,0,1,At-Risk Customers
13329.0,31,3,277.08,23.09,199,-0.6564291179352748,0.0019066252877515,-0.5694364372379834,2,0,2,2,New/Occasional Buyers
13330.0,92,3,961.38,20.45489361702128,566,0.0083804594865838,0.0019066252877515,0.6830420455358182,0,0,2,0,Regular Average Customers
13332.0,13,1,338.4,16.919999999999998,178,-0.8526024358630364,-0.8594113484539994,-0.4572020655242767,2,0,2,2,New/Occasional Buyers
13336.0,76,1,752.8000000000001,15.683333333333335,508,-0.1659958231158708,-0.8594113484539994,0.3012767935455223,2,0,2,2,New/Occasional Buyers
13338.0,153,2,289.02000000000004,17.001176470588238,170,0.6731900369084426,-0.4287523615831239,-0.547582582080422,1,0,0,1,At-Risk Customers
13339.0,200,1,664.42,15.819523809523808,308,1.1854203670531531,-0.8594113484539994,0.1395143380325182,1,0,0,1,At-Risk Customers
13340.0,44,6,2161.56,40.028888888888886,872,-0.5147483883207804,1.293883585900378,2.8797388531574186,3,0,1,3,Regular Average Customers
13341.0,260,1,603.55,17.244285714285713,285,1.8393314268123584,-0.8594113484539994,0.0281036040760059,1,0,0,1,At-Risk Customers
13343.0,172,2,253.93,13.364736842105264,125,0.8802618724988576,-0.4287523615831239,-0.6118080240803238,1,0,0,1,At-Risk Customers
13344.0,67,3,1684.29,17.013030303030302,909,-0.2640824820797516,0.0019066252877515,2.0061886478769098,0,0,1,0,Regular Average Customers
13345.0,276,2,297.75,16.541666666666668,135,2.0137077094148133,-0.4287523615831239,-0.5316040095908484,1,0,0,1,At-Risk Customers
13347.0,69,1,148.79999999999998,37.2,96,-0.2422854467544448,-0.8594113484539994,-0.8042281072222349,2,0,2,2,New/Occasional Buyers
13348.0,63,1,233.76,16.697142857142858,136,-0.3076765527303653,-0.8594113484539994,-0.6487252986639093,2,0,2,2,New/Occasional Buyers
13349.0,10,1,197.32,13.154666666666666,224,-0.8852979888509966,-0.8594113484539994,-0.7154216539353945,2,0,2,2,New/Occasional Buyers
13350.0,15,2,652.77,23.313214285714285,267,-0.8308054005377296,-0.4287523615831239,0.1181912716518156,2,0,2,2,New/Occasional Buyers
13351.0,65,1,323.94,21.596,116,-0.2858795174050585,-0.8594113484539994,-0.4836682921221272,2,0,2,2,New/Occasional Buyers
13352.0,7,2,307.48,12.811666666666666,310,-0.917993541838957,-0.4287523615831239,-0.5137951309741758,2,0,2,2,New/Occasional Buyers
13354.0,70,1,684.91,14.57255319148936,494,-0.2313869290917914,-0.8594113484539994,0.1770173105767754,2,0,2,2,New/Occasional Buyers
13355.0,121,1,516.0,17.79310344827586,252,0.3244374717035331,-0.8594113484539994,-0.1321396973515057,2,0,2,2,New/Occasional Buyers
13356.0,79,1,548.59,16.135,305,-0.1333002701279106,-0.8594113484539994,-0.0724900206693513,2,0,2,2,New/Occasional Buyers
13357.0,256,1,491.6,5.995121951219512,266,1.795737356161745,-0.8594113484539994,-0.1767991668527197,1,0,0,1,At-Risk Customers
13358.0,268,1,304.71,13.248260869565216,228,1.9265195681135856,-0.8594113484539994,-0.5188650789462398,1,0,0,1,At-Risk Customers
13359.0,58,2,298.76,15.724210526315789,148,-0.3621691410436324,-0.4287523615831239,-0.5297554004024785,2,0,2,2,New/Occasional Buyers
13363.0,17,2,834.89,15.460925925925926,621,-0.8090083652124227,-0.4287523615831239,0.4515266235190738,0,0,2,0,Regular Average Customers
13364.0,66,2,0.0,0.0,0,-0.2749809997424051,-0.4287523615831239,-1.0765776589345564,2,0,2,2,New/Occasional Buyers
13365.0,8,3,1684.72,14.649739130434783,1190,-0.9070950241763036,0.0019066252877515,2.0069756795115623,0,0,1,0,Regular Average Customers
13368.0,256,2,430.18,17.924166666666668,264,1.795737356161745,-0.4287523615831239,-0.2892165691791363,1,0,0,1,At-Risk Customers
13372.0,89,1,290.04,15.265263157894738,154,-0.0243150935013763,-0.8594113484539994,-0.5457156698307811,2,0,2,2,New/Occasional Buyers
13375.0,80,2,601.4300000000001,17.689117647058826,349,-0.1224017524652572,-0.4287523615831239,0.0242233550865564,2,0,2,2,New/Occasional Buyers
13376.0,98,3,834.3100000000001,17.381458333333335,487,0.0737715654625044,0.0019066252877515,0.4504650459653565,0,0,2,0,Regular Average Customers
13379.0,25,3,521.36,5.546382978723404,595,-0.7218202239111954,0.0019066252877515,-0.1223292565102554,2,0,2,2,New/Occasional Buyers
13382.0,280,1,197.14,15.164615384615386,128,2.0573017800654267,-0.8594113484539994,-0.7157511090382723,1,0,0,1,At-Risk Customers
13385.0,329,1,403.07,13.89896551724138,271,2.5913291455354446,-0.8594113484539994,-0.3388361682847885,1,0,0,1,At-Risk Customers
13388.0,130,2,505.45,16.848333333333333,267,0.4225241306674139,-0.4287523615831239,-0.1514494269923995,2,0,2,2,New/Occasional Buyers
13389.0,10,3,700.66,15.570222222222222,420,-0.8852979888509966,0.0019066252877515,0.2058446320785836,0,0,2,0,Regular Average Customers
13390.0,74,1,304.68,30.468,116,-0.1877928584411777,-0.8594113484539994,-0.5189199881300528,2,0,2,2,New/Occasional Buyers
13394.0,1,10,1945.59,13.417862068965515,1796,-0.9833846478148774,3.0165195333838795,2.484447638887861,3,0,3,3,Regular Average Customers
13395.0,184,1,251.28,13.96,224,1.0110440844506987,-0.8594113484539994,-0.616658335317136,1,0,0,1,At-Risk Customers
13396.0,21,4,913.74,26.87470588235294,410,-0.7654142945618091,0.432565612158627,0.5958462616408249,0,0,2,0,Regular Average Customers
13397.0,72,5,1113.86,31.82457142857143,359,-0.2095898937664845,0.8632245990295024,0.962127123795864,0,0,1,0,Regular Average Customers
13398.0,191,1,383.57,18.265238095238097,226,1.0873337080892729,-0.8594113484539994,-0.3745271377632178,1,0,0,1,At-Risk Customers
13402.0,126,2,587.23,15.871081081081082,475,0.3789300600168002,-0.4287523615831239,-0.0017669919182485,2,0,2,2,New/Occasional Buyers
13403.0,17,1,30.0,15.0,8,-0.8090083652124227,-0.8594113484539994,-1.0216684751215883,2,0,2,2,New/Occasional Buyers
13404.0,0,2,252.49,22.953636363636363,111,-0.9942831654775308,-0.4287523615831239,-0.6144436649033462,2,0,2,2,New/Occasional Buyers
13405.0,73,3,363.351,20.186166666666665,144,-0.1986913761038311,0.0019066252877515,-0.4115340973470311,2,0,2,2,New/Occasional Buyers
13410.0,8,6,574.1899999999999,24.96478260869565,261,-0.9070950241763036,1.293883585900378,-0.0256341838156187,0,0,1,0,Regular Average Customers
13411.0,106,1,203.6,11.976470588235296,71,0.1609597067637317,-0.8594113484539994,-0.7039273314572131,2,0,2,2,New/Occasional Buyers
13414.0,133,2,568.5,25.84090909090909,374,0.4552196836553741,-0.4287523615831239,-0.0360486256788116,2,0,2,2,New/Occasional Buyers
13416.0,43,2,576.5,38.43333333333333,126,-0.5256469059834338,-0.4287523615831239,-0.0214061766620201,2,0,2,2,New/Occasional Buyers
13417.0,4,2,290.48,19.365333333333336,126,-0.9506890948269172,-0.4287523615831239,-0.5449103351348576,2,0,2,2,New/Occasional Buyers
13419.0,63,1,221.06,13.81625,275,-0.3076765527303653,-0.8594113484539994,-0.6719701864780657,2,0,2,2,New/Occasional Buyers
13420.0,134,4,68.1,8.5125,81,0.4661182013180275,0.432565612158627,-0.9519338116791188,2,0,0,2,New/Occasional Buyers
13421.0,39,3,1564.94,16.13340206185567,854,-0.5692409766340475,0.0019066252877515,1.7877416116076517,0,0,1,0,Regular Average Customers
13422.0,50,2,2267.25,19.213983050847457,1259,-0.4493572823448598,-0.4287523615831239,3.073183907730505,3,0,1,3,Regular Average Customers
13425.0,107,3,1057.45,16.26846153846154,730,0.1718582244263851,0.0019066252877515,0.858879555166213,0,0,0,0,Regular Average Customers
13427.0,18,3,445.34,18.55583333333333,363,-0.7981098475497693,0.0019066252877515,-0.2614691282923165,2,0,2,2,New/Occasional Buyers
13428.0,9,1,168.38,2.513134328358209,147,-0.8961965065136501,-0.8594113484539994,-0.7683907132536377,2,0,2,2,New/Occasional Buyers
13429.0,10,4,816.69,14.58375,921,-0.8852979888509966,0.432565612158627,0.4182150520058733,0,0,2,0,Regular Average Customers
13430.0,18,4,543.49,11.322708333333331,532,-0.7981098475497693,0.432565612158627,-0.0818245819175559,0,0,2,0,Regular Average Customers
13431.0,66,2,814.8,20.892307692307693,486,-0.2749809997424051,-0.4287523615831239,0.4147557734256561,2,0,2,2,New/Occasional Buyers
13434.0,73,2,179.04000000000002,22.380000000000003,108,-0.1986913761038311,-0.4287523615831239,-0.748879649938763,2,0,2,2,New/Occasional Buyers
13435.0,4,9,1878.66,24.71921052631579,757,-0.9506890948269172,2.585860546513004,2.36194524980113,3,0,3,3,Regular Average Customers
13436.0,1,1,113.54,14.1925,69,-0.9833846478148774,-0.8594113484539994,-0.8687647012637434,2,0,2,2,New/Occasional Buyers
13437.0,13,7,2384.36,18.6278125,1127,-0.8526024358630364,1.7245425727712531,3.2875310582750616,3,0,1,3,Regular Average Customers
13439.0,254,1,273.27,5.156037735849056,206,1.773940320836438,-0.8594113484539994,-0.5764099035822303,1,0,0,1,At-Risk Customers
13441.0,91,1,195.36,17.76,108,-0.0025180581760695,-0.8594113484539994,-0.7190090539445083,2,0,2,2,New/Occasional Buyers
13447.0,22,4,1001.78,17.575087719298246,566,-0.7545157768991556,0.432565612158627,0.7569864130706151,0,0,2,0,Regular Average Customers
13449.0,23,1,291.88,15.362105263157895,222,-0.7436172592365022,-0.8594113484539994,-0.5423479065569191,2,0,2,2,New/Occasional Buyers
13450.0,26,6,1272.48,22.722857142857144,914,-0.7109217062485419,1.293883585900378,1.252450281676297,3,0,1,3,Regular Average Customers
13453.0,165,2,245.58,20.465,122,0.8039722488602836,-0.4287523615831239,-0.6270910802415999,1,0,0,1,At-Risk Customers
13455.0,24,3,630.9,15.7725,310,-0.7327187415738488,0.0019066252877515,0.0781624766521619,0,0,2,0,Regular Average Customers
13456.0,17,6,1159.72,20.70928571428572,642,-0.8090083652124227,1.293883585900378,1.046064962784621,0,0,1,0,Regular Average Customers
13460.0,28,2,183.44,10.790588235294118,286,-0.6891246709232351,-0.4287523615831239,-0.7408263029795277,2,0,2,2,New/Occasional Buyers
13461.0,38,3,329.8,32.980000000000004,166,-0.5801394942967009,0.0019066252877515,-0.4729426982173275,2,0,2,2,New/Occasional Buyers
13462.0,252,1,135.0,16.875,60,1.7521432855111312,-0.8594113484539994,-0.8294863317762001,1,0,0,1,At-Risk Customers
13464.0,57,1,606.73,16.398108108108108,396,-0.3730676587062859,-0.8594113484539994,0.0339239775601807,2,0,2,2,New/Occasional Buyers
13466.0,183,1,197.7,16.475,121,1.0001455667880452,-0.8594113484539994,-0.7147261376070968,1,0,0,1,At-Risk Customers
13467.0,10,2,860.01,9.77284090909091,558,-0.8852979888509966,-0.4287523615831239,0.497503913431799,0,0,2,0,Regular Average Customers
13470.0,98,2,165.0,16.5,100,0.0737715654625044,-0.4287523615831239,-0.7745771479632321,2,0,2,2,New/Occasional Buyers
13471.0,0,4,2210.64,9.406978723404254,1508,-0.9942831654775308,0.432565612158627,2.9695702778754343,3,0,1,3,Regular Average Customers
13473.0,60,3,321.86,17.88111111111111,204,-0.3403721057183256,0.0019066252877515,-0.487475328866493,2,0,2,2,New/Occasional Buyers
13474.0,235,1,185.24,3.193793103448276,125,1.5668684852460228,-0.8594113484539994,-0.7375317519507496,1,0,0,1,At-Risk Customers
13475.0,190,4,1115.66,15.713521126760565,914,1.0764351904266192,0.432565612158627,0.965421674824642,0,0,0,0,Regular Average Customers
13476.0,178,2,697.67,16.611190476190476,341,0.945652978474778,-0.4287523615831239,0.2003720167585578,1,0,0,1,At-Risk Customers
13477.0,37,7,1244.79,17.53225352112676,836,-0.5910380119593543,1.7245425727712531,1.2017691050169277,3,0,1,3,Regular Average Customers
13479.0,200,2,261.15,21.7625,130,1.1854203670531531,-0.4287523615831239,-0.5985932138426695,1,0,0,1,At-Risk Customers
13481.0,45,8,1652.51,15.589716981132076,1069,-0.5038498706581269,2.155201559642129,1.9480215191577053,3,0,1,3,Regular Average Customers
13482.0,231,1,184.64,16.785454545454545,116,1.5232744145954094,-0.8594113484539994,-0.738629935627009,1,0,0,1,At-Risk Customers
13483.0,65,1,140.34,14.034,160,-0.2858795174050585,-0.8594113484539994,-0.8197124970574917,2,0,2,2,New/Occasional Buyers
13484.0,240,1,202.5,67.5,30,1.62136107355929,-0.8594113484539994,-0.705940668197022,1,0,0,1,At-Risk Customers
13485.0,232,1,394.44,19.722,237,1.5341729322580626,-0.8594113484539994,-0.3546317101616523,1,0,0,1,At-Risk Customers
13486.0,77,3,999.55,16.38606557377049,621,-0.1550973054532174,0.0019066252877515,0.7529048304071845,0,0,2,0,Regular Average Customers
13487.0,57,3,361.1,17.195238095238096,239,-0.3730676587062859,0.0019066252877515,-0.4156541164391308,2,0,2,2,New/Occasional Buyers
13489.0,104,3,175.44,15.94909090909091,128,0.1391626714384249,0.0019066252877515,-0.7554687519963192,2,0,2,2,New/Occasional Buyers
13491.0,51,10,943.34,13.87264705882353,791,-0.4384587646822064,3.0165195333838795,0.6500233230029534,3,0,3,3,Regular Average Customers
13492.0,135,3,729.24,23.52387096774193,340,0.477016718980681,0.0019066252877515,0.2581547811910713,0,0,0,0,Regular Average Customers
13493.0,286,1,14.85,14.85,3,2.122692886041348,-0.8594113484539994,-1.0493976129471372,1,0,0,1,At-Risk Customers
13494.0,311,1,296.1,17.41764705882353,114,2.395155827607683,-0.8594113484539994,-0.5346240147005616,1,0,0,1,At-Risk Customers
13495.0,7,6,1661.32,34.61083333333333,678,-0.917993541838957,1.293883585900378,1.964146516137447,3,0,1,3,Regular Average Customers
13496.0,10,3,528.23,16.5071875,321,-0.8852979888509966,0.0019066252877515,-0.1097550534170857,2,0,2,2,New/Occasional Buyers
13497.0,282,3,321.05,16.052500000000002,159,2.0790988153907337,0.0019066252877515,-0.4889578768294432,1,0,0,1,At-Risk Customers
13499.0,17,7,596.94,20.584137931034483,324,-0.8090083652124227,1.7245425727712531,0.0160052805758822,0,0,1,0,Regular Average Customers
13500.0,22,4,980.8,16.62372881355932,490,-0.7545157768991556,0.432565612158627,0.7185865905240794,0,0,2,0,Regular Average Customers
13501.0,287,1,844.72,21.65948717948718,426,2.133591403704001,-0.8594113484539994,0.4695185327484564,1,0,0,1,At-Risk Customers
13502.0,16,3,272.1,16.00588235294118,262,-0.8199068828750762,0.0019066252877515,-0.578551361750936,2,0,2,2,New/Occasional Buyers
13503.0,70,1,192.95,12.059375,246,-0.2313869290917914,-0.8594113484539994,-0.7234200917108169,2,0,2,2,New/Occasional Buyers
13504.0,63,1,260.48,13.709473684210527,175,-0.3076765527303653,-0.8594113484539994,-0.5998195189478257,2,0,2,2,New/Occasional Buyers
13506.0,311,3,373.75,15.572916666666666,232,2.395155827607683,0.0019066252877515,-0.3925007439313293,1,0,0,1,At-Risk Customers
13507.0,2,4,1991.61,14.644191176470589,1420,-0.972486130152224,0.432565612158627,2.568678326856954,3,0,1,3,Regular Average Customers
13508.0,243,1,66.42,7.38,19,1.6540566265472505,-0.8594113484539994,-0.9550087259726452,1,0,0,1,At-Risk Customers
13509.0,8,5,662.6800000000001,18.40777777777778,685,-0.9070950241763036,0.8632245990295024,0.1363296053713662,0,0,1,0,Regular Average Customers
13510.0,0,5,1558.62,14.844,1221,-0.9942831654775308,0.8632245990295024,1.776174076884386,3,0,1,3,Regular Average Customers
13512.0,260,1,228.51,17.57769230769231,141,1.8393314268123584,-0.8594113484539994,-0.6583344058311787,1,0,0,1,At-Risk Customers
13513.0,126,1,132.6,16.575,60,0.3789300600168002,-0.8594113484539994,-0.8338790664812376,2,0,0,2,New/Occasional Buyers
13514.0,73,1,152.20000000000002,38.05,40,-0.1986913761038311,-0.8594113484539994,-0.7980050663900984,2,0,2,2,New/Occasional Buyers
13515.0,72,4,833.82,14.889642857142858,675,-0.2095898937664845,0.432565612158627,0.449568195963078,0,0,2,0,Regular Average Customers
13516.0,72,2,607.91,16.43,319,-0.2095898937664845,-0.4287523615831239,0.0360837387901573,2,0,2,2,New/Occasional Buyers
13517.0,59,5,1820.14,14.445555555555556,1201,-0.351270623380979,0.8632245990295024,2.2548357352433004,3,0,1,3,Regular Average Customers
13518.0,85,1,535.4399999999999,17.272258064516127,326,-0.06790916415199,-0.8594113484539994,-0.0965585462407025,2,0,2,2,New/Occasional Buyers
13519.0,77,1,78.95,13.158333333333331,19,-0.1550973054532174,-0.8594113484539994,-0.9320749902000957,2,0,2,2,New/Occasional Buyers
13520.0,58,7,1565.85,21.45,947,-0.3621691410436324,1.7245425727712531,1.7894071901833115,3,0,1,3,Regular Average Customers
13521.0,0,3,978.18,2.391638141809291,709,-0.9942831654775308,0.0019066252877515,0.7137911884710804,0,0,2,0,Regular Average Customers
13522.0,29,1,125.8,25.160000000000004,44,-0.6782261532605817,-0.8594113484539994,-0.8463251481455103,2,0,2,2,New/Occasional Buyers
13523.0,32,6,2165.78,17.18873015873016,1270,-0.6455306002726214,1.293883585900378,2.8874627450137766,3,0,1,3,Regular Average Customers
13524.0,40,5,580.94,25.25826086956522,238,-0.558342458971394,0.8632245990295024,-0.0132796174577007,0,0,2,0,Regular Average Customers
13525.0,14,1,90.0,45.0,24,-0.841703918200383,-0.8594113484539994,-0.9118501074956522,2,0,2,2,New/Occasional Buyers
13527.0,33,7,1878.75,9.58545918367347,1386,-0.634632082609968,1.7245425727712531,2.3621099773525684,3,0,1,3,Regular Average Customers
13529.0,78,2,206.06,15.850769230769233,68,-0.144198787790564,-0.4287523615831239,-0.6994247783845498,2,0,2,2,New/Occasional Buyers
13531.0,204,2,357.7,21.041176470588237,162,1.229014437703767,-0.4287523615831239,-0.4218771572712672,1,0,0,1,At-Risk Customers
13532.0,33,1,210.31,3.1865151515151515,129,-0.634632082609968,-0.8594113484539994,-0.6916459773443793,2,0,2,2,New/Occasional Buyers
13533.0,182,3,245.24,3.40611111111111,199,0.9892470491253916,0.0019066252877515,-0.6277133843248135,1,0,0,1,At-Risk Customers
13536.0,0,7,2451.61,17.264859154929578,1035,-0.9942831654775308,1.7245425727712531,3.410619145322465,3,0,1,3,Regular Average Customers
13538.0,42,5,699.45,63.58636363636364,103,-0.5365454236460871,0.8632245990295024,0.203629961664794,0,0,1,0,Regular Average Customers
13539.0,85,4,421.02,15.036428571428573,248,-0.06790916415199,0.432565612158627,-0.3059821733033626,0,0,0,0,Regular Average Customers
13544.0,39,2,205.91,2.9415714285714287,104,-0.5692409766340475,-0.4287523615831239,-0.6996993243036147,2,0,2,2,New/Occasional Buyers
13546.0,11,3,547.39,5.823297872340425,351,-0.8743994711883433,0.0019066252877515,-0.0746863880218701,0,0,2,0,Regular Average Customers
13548.0,95,2,508.59,4.623545454545455,303,0.0410760124745441,-0.4287523615831239,-0.1457022657533087,2,0,2,2,New/Occasional Buyers
13549.0,25,8,791.77,17.59488888888889,416,-0.7218202239111954,2.155201559642129,0.3726038233185677,0,0,1,0,Regular Average Customers
13551.0,318,1,53.55,17.85,9,2.471445451246257,-0.8594113484539994,-0.9785647658284086,1,0,0,1,At-Risk Customers
13555.0,73,4,2159.94,22.267422680412373,1302,-0.1986913761038311,0.432565612158627,2.8767737572315184,3,0,1,3,Regular Average Customers
13557.0,27,2,524.06,15.88060606060606,498,-0.7000231885858885,-0.4287523615831239,-0.1173874299670884,2,0,2,2,New/Occasional Buyers
13558.0,5,4,550.57,3.336787878787879,334,-0.9397905771642638,0.432565612158627,-0.0688660145376954,0,0,2,0,Regular Average Customers
13560.0,6,1,171.42000000000002,5.3568750000000005,63,-0.9288920595016104,-0.8594113484539994,-0.7628265826272569,2,0,2,2,New/Occasional Buyers
13561.0,215,1,39.01,3.5463636363636364,49,1.3488981319929547,-0.8594113484539994,-1.005177416916427,1,0,0,1,At-Risk Customers
13562.0,81,3,1459.61,22.80640625,669,-0.1115032348026037,0.0019066252877515,1.594955467240321,0,0,0,0,Regular Average Customers
13563.0,83,2,375.13,9.37825,140,-0.0897061994772969,-0.4287523615831239,-0.3899749214759327,2,0,2,2,New/Occasional Buyers
13565.0,18,2,240.22,6.321578947368421,172,-0.7981098475497693,-0.4287523615831239,-0.6369015210828501,2,0,2,2,New/Occasional Buyers
13566.0,40,2,846.89,5.041011904761905,566,-0.558342458971394,-0.4287523615831239,0.473490297044261,0,0,2,0,Regular Average Customers
13568.0,172,1,169.20000000000002,4.126829268292683,64,0.8802618724988576,-0.8594113484539994,-0.7668898622294165,1,0,0,1,At-Risk Customers
13569.0,16,2,267.72,3.7183333333333337,149,-0.8199068828750762,-0.4287523615831239,-0.5865681025876294,2,0,2,2,New/Occasional Buyers
13570.0,242,1,211.64,8.4656,158,1.643158108884597,-0.8594113484539994,-0.6892116701953378,1,0,0,1,At-Risk Customers
13572.0,205,1,590.9300000000001,29.5465,207,1.2399129553664203,-0.8594113484539994,0.0050051407520176,1,0,0,1,At-Risk Customers
13573.0,49,2,233.96,10.634545454545457,107,-0.4602558000075132,-0.4287523615831239,-0.6483592374384894,2,0,2,2,New/Occasional Buyers
13575.0,22,5,674.5699999999999,15.331136363636364,443,-0.7545157768991556,0.8632245990295024,0.1580919452225723,0,0,1,0,Regular Average Customers
13577.0,24,5,1324.2,18.650704225352115,730,-0.7327187415738488,0.8632245990295024,1.347113714569854,0,0,1,0,Regular Average Customers
13579.0,14,2,321.29,17.849444444444444,115,-0.841703918200383,-0.4287523615831239,-0.4885186033589394,2,0,2,2,New/Occasional Buyers
13581.0,308,1,56.95,8.135714285714286,23,2.3624602746197225,-0.8594113484539994,-0.972341724996272,1,0,0,1,At-Risk Customers
13583.0,155,1,691.05,14.396875,531,0.6949870722337494,-0.8594113484539994,0.1882553901971628,1,0,2,1,At-Risk Customers
13584.0,306,1,75.75,4.208333333333333,30,2.340663239294416,-0.8594113484539994,-0.937931969806812,1,0,0,1,At-Risk Customers
13587.0,63,1,168.0,42.0,60,-0.3076765527303653,-0.8594113484539994,-0.7690862295819353,2,0,2,2,New/Occasional Buyers
13589.0,14,2,256.05,17.07,105,-0.841703918200383,-0.4287523615831239,-0.6079277750908739,2,0,2,2,New/Occasional Buyers
13590.0,10,7,1411.7,18.09871794871795,956,-0.8852979888509966,1.7245425727712531,1.507265500691011,3,0,1,3,Regular Average Customers
13591.0,64,3,809.58,17.599565217391305,456,-0.2967780350677119,0.0019066252877515,0.4052015754421998,0,0,2,0,Regular Average Customers
13592.0,35,3,159.51,14.50090909090909,77,-0.6128350472846611,0.0019066252877515,-0.7846255286010052,2,0,2,2,New/Occasional Buyers
13593.0,107,5,1471.93,15.332604166666668,657,0.1718582244263851,0.8632245990295024,1.61750483872618,3,0,1,3,Regular Average Customers
13594.0,52,1,396.97,15.268076923076924,359,-0.427560247019553,-0.8594113484539994,-0.3500010356600919,2,0,2,2,New/Occasional Buyers
13596.0,5,2,586.91,4.222374100719424,376,-0.9397905771642638,-0.4287523615831239,-0.0023526898789202,2,0,2,2,New/Occasional Buyers
13598.0,46,1,113.94,3.560625,48,-0.4929513529954735,-0.8594113484539994,-0.8680325788129037,2,0,2,2,New/Occasional Buyers
13600.0,311,1,66.52,6.651999999999999,64,2.395155827607683,-0.8594113484539994,-0.9548256953599352,1,0,0,1,At-Risk Customers
13601.0,44,2,663.08,6.835876288659795,476,-0.5147483883207804,-0.4287523615831239,0.1370617278222058,2,0,2,2,New/Occasional Buyers
13602.0,64,1,398.65,18.120454545454542,219,-0.2967780350677119,-0.8594113484539994,-0.3469261213665657,2,0,2,2,New/Occasional Buyers
13603.0,25,1,129.44,5.1776,160,-0.7218202239111954,-0.8594113484539994,-0.8396628338428702,2,0,2,2,New/Occasional Buyers
13606.0,28,2,148.43,4.365588235294118,124,-0.6891246709232351,-0.4287523615831239,-0.8049053204892614,2,0,2,2,New/Occasional Buyers
13607.0,39,1,563.0600000000001,6.256222222222223,276,-0.5692409766340475,-0.8594113484539994,-0.0460054910102297,2,0,2,2,New/Occasional Buyers
13610.0,11,7,850.48,4.383917525773196,462,-0.8743994711883433,1.7245425727712531,0.4800610960405462,0,0,1,0,Regular Average Customers
13611.0,88,4,943.16,13.87,578,-0.0352136111640298,0.432565612158627,0.6496938679000757,0,0,2,0,Regular Average Customers
13614.0,23,4,1060.36,6.426424242424243,517,-0.7436172592365022,0.432565612158627,0.864205745996071,0,0,1,0,Regular Average Customers
13615.0,312,2,368.19,16.73590909090909,179,2.4060543452703365,-0.4287523615831239,-0.4026772459979993,1,0,0,1,At-Risk Customers
13617.0,39,3,444.04,11.101,216,-0.5692409766340475,0.0019066252877515,-0.263848526257545,2,0,2,2,New/Occasional Buyers
13618.0,173,1,154.54,14.049090909090909,162,0.8911603901615109,-0.8594113484539994,-0.793722150052687,1,0,0,1,At-Risk Customers
13621.0,116,1,209.85,11.658333333333331,243,0.2699448833902659,-0.8594113484539994,-0.6924879181628448,2,0,2,2,New/Occasional Buyers
13623.0,30,6,383.07,5.717462686567164,226,-0.6673276355979283,1.293883585900378,-0.3754422908267672,0,0,1,0,Regular Average Customers
13626.0,252,1,241.33,13.407222222222222,207,1.7521432855111312,-0.8594113484539994,-0.6348698812817704,1,0,0,1,At-Risk Customers
13627.0,58,6,1202.13,15.216835443037976,881,-0.3621691410436324,1.293883585900378,1.1236882456348871,0,0,1,0,Regular Average Customers
13629.0,142,1,281.01,15.611666666666666,217,0.5533063426192549,-0.8594113484539994,-0.5622433341584846,2,0,0,2,New/Occasional Buyers
13630.0,4,11,839.34,12.717272727272729,546,-0.9506890948269172,3.447178520254755,0.4596714857846641,3,0,3,3,Regular Average Customers
13631.0,99,6,283.85,47.30833333333334,60,0.0846700831251578,1.293883585900378,-0.5570452647575236,0,0,0,0,Regular Average Customers
13632.0,24,6,1760.12,13.96920634920635,838,-0.7327187415738488,1.293883585900378,2.144980761494822,3,0,1,3,Regular Average Customers
13634.0,32,5,1130.31,7.02055900621118,654,-0.6455306002726214,0.8632245990295024,0.9922356595866412,0,0,1,0,Regular Average Customers
13635.0,67,1,1031.43,17.1905,673,-0.2640824820797516,-0.8594113484539994,0.8112549897390987,2,0,2,2,New/Occasional Buyers
13636.0,36,6,713.33,13.717884615384616,529,-0.6019365296220077,1.293883585900378,0.2290346107089273,0,0,1,0,Regular Average Customers
13637.0,51,3,735.05,7.737368421052631,398,-0.4384587646822064,0.0019066252877515,0.268788859789516,0,0,2,0,Regular Average Customers
13638.0,15,1,97.14,13.877142857142855,91,-0.8308054005377296,-0.8594113484539994,-0.8987817217481658,2,0,2,2,New/Occasional Buyers
13639.0,73,1,646.34,17.46864864864865,572,-0.1986913761038311,-0.8594113484539994,0.1064224032545695,2,0,2,2,New/Occasional Buyers
13642.0,215,1,226.03,4.5206,143,1.3488981319929547,-0.8594113484539994,-0.6628735650263841,1,0,0,1,At-Risk Customers
13643.0,30,3,468.44,18.01692307692308,267,-0.6673276355979283,0.0019066252877515,-0.2191890567563311,2,0,2,2,New/Occasional Buyers
13644.0,8,5,1977.35,16.47791666666667,1321,-0.9070950241763036,0.8632245990295024,2.542578161484524,3,0,1,3,Regular Average Customers
13645.0,119,1,30.6,30.6,12,0.3026404363782262,-0.8594113484539994,-1.020570291445329,2,0,0,2,New/Occasional Buyers
13647.0,9,4,1134.52,18.598688524590163,665,-0.8961965065136501,0.432565612158627,0.9999412483817278,0,0,1,0,Regular Average Customers
13649.0,256,2,333.85,15.175,138,1.795737356161745,-0.4287523615831239,-0.4655299584025767,1,0,0,1,At-Risk Customers
13650.0,16,7,1562.19,18.378705882352943,893,-0.8199068828750762,1.7245425727712531,1.7827082697581298,3,0,1,3,Regular Average Customers
13651.0,39,1,63.3,15.825,30,-0.5692409766340475,-0.8594113484539994,-0.960719281089194,2,0,2,2,New/Occasional Buyers
13652.0,45,3,1003.64,17.607719298245613,474,-0.5038498706581269,0.0019066252877515,0.7603907824670192,0,0,2,0,Regular Average Customers
13654.0,42,6,2261.97,15.599793103448274,1560,-0.5365454236460871,1.293883585900378,3.063519891379422,3,0,1,3,Regular Average Customers
13655.0,113,2,753.22,16.374347826086957,470,0.2372493304023057,-0.4287523615831239,0.3020455221189038,2,0,2,2,New/Occasional Buyers
13656.0,164,2,319.79,7.436976744186047,252,0.7930737311976302,-0.4287523615831239,-0.4912640625495878,1,0,0,1,At-Risk Customers
13657.0,10,2,321.0,24.692307692307693,130,-0.8852979888509966,-0.4287523615831239,-0.4890493921357981,2,0,2,2,New/Occasional Buyers
13658.0,9,6,1733.35,19.923563218390804,897,-0.8961965065136501,1.293883585900378,2.0959834664723838,3,0,1,3,Regular Average Customers
13659.0,196,3,1200.87,12.91258064516129,719,1.1418262964025396,0.0019066252877515,1.121382059914742,1,0,0,1,At-Risk Customers
13662.0,85,7,628.38,13.09125,472,-0.06790916415199,1.7245425727712531,0.0735501052118726,0,0,1,0,Regular Average Customers
13663.0,178,1,91.07,13.01,79,0.945652978474778,-0.8594113484539994,-0.9098916799396564,1,0,0,1,At-Risk Customers
13666.0,59,3,67.65,6.765000000000001,39,-0.351270623380979,0.0019066252877515,-0.9527574494363136,2,0,2,2,New/Occasional Buyers
13667.0,148,1,252.2,3.2333333333333334,144,0.6186974485951755,-0.8594113484539994,-0.6149744536802049,1,0,0,1,At-Risk Customers
13669.0,50,2,160.2,26.7,108,-0.4493572823448598,-0.4287523615831239,-0.783362617373307,2,0,2,2,New/Occasional Buyers
13670.0,74,1,333.2,13.883333333333333,280,-0.1877928584411777,-0.8594113484539994,-0.4667196573851911,2,0,2,2,New/Occasional Buyers
13672.0,300,5,0.0,0.0,0,2.2752721333184955,0.8632245990295024,-1.0765776589345564,1,0,0,1,At-Risk Customers
13673.0,18,2,297.79,5.317678571428572,107,-0.7981098475497693,-0.4287523615831239,-0.5315307973457644,2,0,2,2,New/Occasional Buyers
13675.0,150,2,473.38,19.724166666666665,298,0.6404944839204822,-0.4287523615831239,-0.2101473444884623,1,0,2,1,At-Risk Customers
13678.0,151,1,72.56,14.512,104,0.6513930015831357,-0.8594113484539994,-0.9437706463522576,1,0,0,1,At-Risk Customers
13680.0,0,5,2013.99,11.251340782122906,1219,-0.9942831654775308,0.8632245990295024,2.6096405779814287,3,0,1,3,Regular Average Customers
13681.0,17,4,796.0300000000001,14.473272727272729,356,-0.8090083652124227,0.432565612158627,0.3804009274200093,0,0,2,0,Regular Average Customers
13682.0,186,1,34.0,17.0,8,1.0328411197760057,-0.8594113484539994,-1.0143472506131923,1,0,0,1,At-Risk Customers
13684.0,285,2,62.13,2.071,37,2.111794368378694,-0.4287523615831239,-0.9628607392578996,1,0,0,1,At-Risk Customers
13685.0,2,4,20.92,0.7471428571428572,28,-0.972486130152224,0.432565612158627,-1.0382876547556468,2,0,2,2,New/Occasional Buyers
13686.0,182,1,72.0,9.0,70,0.9892470491253916,-0.8594113484539994,-0.9447956177834332,1,0,0,1,At-Risk Customers
13689.0,62,1,15.0,15.0,12,-0.3185750703930188,-0.8594113484539994,-1.0491230670280725,2,0,2,2,New/Occasional Buyers
13690.0,58,1,81.60000000000001,13.6,60,-0.3621691410436324,-0.8594113484539994,-0.9272246789632832,2,0,2,2,New/Occasional Buyers
13692.0,24,3,743.14,18.125365853658536,875,-0.7327187415738488,0.0019066252877515,0.2835960363577464,0,0,2,0,Regular Average Customers
13693.0,324,1,-22.05,-7.35,-5,2.5368365572221774,-0.8594113484539994,-1.1169359090370878,1,0,0,1,At-Risk Customers
13697.0,38,1,151.29999999999998,12.608333333333333,177,-0.5801394942967009,-0.8594113484539994,-0.7996523419044875,2,0,2,2,New/Occasional Buyers
13699.0,154,1,70.08000000000001,17.520000000000003,36,0.684088554571096,-0.8594113484539994,-0.9483098055474628,1,0,0,1,At-Risk Customers
13700.0,25,10,1840.13,10.16646408839779,1656,-0.7218202239111954,3.0165195333838795,2.291423554724008,3,0,3,3,Regular Average Customers
13704.0,4,10,1805.05,16.116517857142856,1336,-0.9506890948269172,3.0165195333838795,2.227216415785377,3,0,3,3,Regular Average Customers
13705.0,7,3,492.78,18.953076923076924,330,-0.917993541838957,0.0019066252877515,-0.1746394056227429,2,0,2,2,New/Occasional Buyers
13706.0,302,1,290.89,15.31,187,2.297069168643802,-0.8594113484539994,-0.5441599096227471,1,0,0,1,At-Risk Customers
13707.0,266,2,581.36,14.534,290,1.904722532788279,-0.4287523615831239,-0.0125108888843192,1,0,0,1,At-Risk Customers
13708.0,270,1,260.46,5.541702127659574,252,1.9483166034388928,-0.8594113484539994,-0.5998561250703678,1,0,0,1,At-Risk Customers
13710.0,31,1,94.56,15.76,96,-0.6564291179352748,-0.8594113484539994,-0.9035039115560812,2,0,2,2,New/Occasional Buyers
13711.0,218,2,232.16000000000005,19.346666666666668,138,1.381593684980915,-0.4287523615831239,-0.6516537884672675,1,0,0,1,At-Risk Customers
13712.0,246,1,88.2,14.7,60,1.6867521795352105,-0.8594113484539994,-0.9151446585244304,1,0,0,1,At-Risk Customers
13715.0,280,8,990.85,9.61990291262136,516,2.0573017800654267,2.155201559642129,0.7369811671014238,3,-1,3,3,Regular Average Customers
13716.0,268,1,138.28,6.584761904761905,138,1.9265195681135856,-0.8594113484539994,-0.8234829276793156,1,0,0,1,At-Risk Customers
13717.0,31,6,1088.32,13.604,1080,-0.6564291179352748,1.293883585900378,0.9153811053097568,0,0,1,0,Regular Average Customers
13718.0,245,2,242.4,30.3,68,1.6758536618725572,-0.4287523615831239,-0.6329114537257745,1,0,0,1,At-Risk Customers
13719.0,14,5,855.41,16.139811320754717,447,-0.841703918200383,0.8632245990295024,0.4890845052471439,0,0,1,0,Regular Average Customers
13720.0,116,4,685.8,17.145,354,0.2699448833902659,0.432565612158627,0.1786462830298934,0,0,0,0,Regular Average Customers
13721.0,35,1,470.94,18.8376,310,-0.6128350472846611,-0.8594113484539994,-0.2146132914385837,2,0,2,2,New/Occasional Buyers
13722.0,119,4,1998.43,25.29658227848101,1077,0.3026404363782262,0.432565612158627,2.581161014643769,3,0,1,3,Regular Average Customers
13723.0,216,1,150.10000000000002,30.020000000000003,38,1.3597966496556082,-0.8594113484539994,-0.8018487092570061,1,0,0,1,At-Risk Customers
13725.0,49,10,1141.42,12.82494382022472,604,-0.4602558000075132,3.0165195333838795,1.0125703606587106,3,0,3,3,Regular Average Customers
13726.0,38,2,429.12,12.621176470588232,540,-0.5801394942967009,-0.4287523615831239,-0.2911566936738613,2,0,2,2,New/Occasional Buyers
13727.0,28,2,285.78000000000003,15.04105263157895,156,-0.6891246709232351,-0.4287523615831239,-0.5535127739322226,2,0,2,2,New/Occasional Buyers
13728.0,36,6,437.44,15.622857142857145,388,-0.6019365296220077,1.293883585900378,-0.2759285466963981,0,0,1,0,Regular Average Customers
13730.0,135,2,522.55,15.834848484848484,429,0.477016718980681,-0.4287523615831239,-0.1201511922190077,2,0,2,2,New/Occasional Buyers
13731.0,218,2,511.59,15.9871875,270,1.381593684980915,-0.4287523615831239,-0.1402113473720119,1,0,0,1,At-Risk Customers
13732.0,27,1,491.86,14.904848484848486,498,-0.7000231885858885,-0.8594113484539994,-0.176323287259674,2,0,2,2,New/Occasional Buyers
13735.0,24,8,1884.63,11.02122807017544,974,-0.7327187415738488,2.155201559642129,2.3728721773799104,3,0,3,3,Regular Average Customers
13736.0,4,3,556.05,3.072099447513812,478,-0.9506890948269172,0.0019066252877515,-0.0588359369611934,0,0,2,0,Regular Average Customers
13737.0,199,1,185.65,8.071739130434782,88,1.1745218493905,-0.8594113484539994,-0.7367813264386391,1,0,0,1,At-Risk Customers
13739.0,17,1,125.1,62.55,18,-0.8090083652124227,-0.8594113484539994,-0.8476063624344795,2,0,2,2,New/Occasional Buyers
13740.0,240,1,234.71,13.806470588235294,205,1.62136107355929,-0.8594113484539994,-0.6469865078431652,1,0,0,1,At-Risk Customers
13741.0,71,4,403.53,16.813750000000002,189,-0.2204884114291379,0.432565612158627,-0.3379942274663229,0,0,2,0,Regular Average Customers
13743.0,2,8,803.7499999999999,28.70535714285714,551,-0.972486130152224,2.155201559642129,0.3945308907212128,0,0,1,0,Regular Average Customers
13744.0,94,2,916.26,17.620384615384616,852,0.0301774948118907,-0.4287523615831239,0.6004586330811141,0,0,2,0,Regular Average Customers
13745.0,150,2,232.86,10.124347826086955,378,0.6404944839204822,-0.4287523615831239,-0.6503725741782983,1,0,0,1,At-Risk Customers
13748.0,95,4,328.7,17.3,230,0.0410760124745441,0.432565612158627,-0.4749560349571363,0,0,0,0,Regular Average Customers
13750.0,53,3,243.68,24.368,90,-0.4166617293568995,0.0019066252877515,-0.6305686618830878,2,0,2,2,New/Occasional Buyers
13751.0,287,1,75.6,12.6,45,2.133591403704001,-0.8594113484539994,-0.9382065157258768,1,0,0,1,At-Risk Customers
13752.0,123,6,712.84,11.685901639344262,467,0.3462345070288399,1.293883585900378,0.2281377607066488,0,0,0,0,Regular Average Customers
13753.0,287,1,710.66,20.901764705882357,476,2.133591403704001,-0.8594113484539994,0.224147693349573,1,0,0,1,At-Risk Customers
13754.0,151,2,129.6,16.2,90,0.6513930015831357,-0.4287523615831239,-0.8393699848625343,1,0,0,1,At-Risk Customers
13755.0,3,9,1626.66,5.667804878048781,951,-0.9615876124895706,2.585860546513004,1.9007081057721984,3,0,3,3,Regular Average Customers
13758.0,11,7,1955.39,21.4878021978022,878,-0.8743994711883433,1.7245425727712531,2.502384638933431,3,0,1,3,Regular Average Customers
13759.0,32,2,439.59,20.932857142857145,233,-0.6455306002726214,-0.4287523615831239,-0.2719933885231353,2,0,2,2,New/Occasional Buyers
13760.0,53,2,286.79,5.03140350877193,197,-0.4166617293568995,-0.4287523615831239,-0.5516641647438527,2,0,2,2,New/Occasional Buyers
13761.0,49,2,974.65,15.22890625,630,-0.4602558000075132,-0.4287523615831239,0.707330207842421,0,0,2,0,Regular Average Customers
13762.0,203,2,120.0,20.0,96,1.2181159200411136,-0.4287523615831239,-0.8569409236826842,1,0,0,1,At-Risk Customers
13763.0,62,1,308.40000000000003,102.8,72,-0.3185750703930188,-0.8594113484539994,-0.5121112493372446,2,0,2,2,New/Occasional Buyers
13764.0,70,3,1350.62,7.034479166666667,907,-0.2313869290917914,0.0019066252877515,1.395470402447808,0,0,1,0,Regular Average Customers
13771.0,63,5,2185.97,20.62235849056604,1215,-0.3076765527303653,0.8632245990295024,2.924416625719904,3,0,1,3,Regular Average Customers
13772.0,33,3,1017.93,6.244969325153375,529,-0.634632082609968,0.0019066252877515,0.7865458570232631,0,0,2,0,Regular Average Customers
13774.0,81,1,314.15000000000003,15.7075,189,-0.1115032348026037,-0.8594113484539994,-0.5015869891064257,2,0,2,2,New/Occasional Buyers
13778.0,102,1,178.7,19.855555555555554,70,0.117365636113118,-0.8594113484539994,-0.7495019540219767,2,0,0,2,New/Occasional Buyers
13780.0,6,2,247.31,4.579814814814815,160,-0.9288920595016104,-0.4287523615831239,-0.6239246506417186,2,0,2,2,New/Occasional Buyers
13781.0,250,1,68.54,5.272307692307693,24,1.7303462501858242,-0.8594113484539994,-0.9511284769831956,1,0,0,1,At-Risk Customers
13782.0,12,6,763.42,7.411844660194174,324,-0.8635009535256898,1.293883585900378,0.3207146446153128,0,0,1,0,Regular Average Customers
13784.0,112,5,247.26,35.32285714285714,138,0.2263508127396523,0.8632245990295024,-0.6240161659480736,0,0,0,0,Regular Average Customers
13787.0,75,2,231.55,8.90576923076923,187,-0.1768943407785242,-0.4287523615831239,-0.6527702752047979,2,0,2,2,New/Occasional Buyers
13790.0,3,1,236.84,6.401081081081081,424,-0.9615876124895706,-0.8594113484539994,-0.6430879557924445,2,0,2,2,New/Occasional Buyers
13792.0,65,2,183.05,15.254166666666668,91,-0.2858795174050585,-0.4287523615831239,-0.7415401223690963,2,0,2,2,New/Occasional Buyers
13799.0,116,2,649.06,17.54216216216216,398,0.2699448833902659,-0.4287523615831239,0.1114008359202785,2,0,2,2,New/Occasional Buyers
13800.0,309,1,486.62,15.69741935483871,325,2.373358792282376,-0.8594113484539994,-0.1859140913656724,1,0,0,1,At-Risk Customers
13801.0,66,1,247.1,13.727777777777778,160,-0.2749809997424051,-0.8594113484539994,-0.6243090149284094,2,0,2,2,New/Occasional Buyers
13802.0,138,3,1068.52,32.379393939393935,532,0.5097122719686412,0.0019066252877515,0.879141043993198,0,0,0,0,Regular Average Customers
13803.0,254,1,277.07,16.298235294117646,121,1.773940320836438,-0.8594113484539994,-0.5694547402992544,1,0,0,1,At-Risk Customers
13804.0,30,7,2256.49,18.96210084033613,1188,-0.6673276355979283,1.7245425727712531,3.05348981380292,3,0,1,3,Regular Average Customers
13806.0,63,1,218.13,24.236666666666668,53,-0.3076765527303653,-0.8594113484539994,-0.6773329834304657,2,0,2,2,New/Occasional Buyers
13808.0,5,5,1115.66,18.59433333333333,640,-0.9397905771642638,0.8632245990295024,0.965421674824642,0,0,1,0,Regular Average Customers
13809.0,304,1,60.3,12.06,20,2.318866203969109,-0.8594113484539994,-0.9662101994704908,1,0,0,1,At-Risk Customers
13810.0,28,2,609.16,21.755714285714284,288,-0.6891246709232351,-0.4287523615831239,0.038371621449031,2,0,2,2,New/Occasional Buyers
13812.0,41,3,452.1,14.583870967741936,326,-0.5474439413087406,0.0019066252877515,-0.2490962588731276,2,0,2,2,New/Occasional Buyers
13813.0,39,5,1045.31,16.85983870967742,526,-0.5692409766340475,0.8632245990295024,0.8366596387832317,0,0,1,0,Regular Average Customers
13814.0,91,2,1334.22,26.6844,756,-0.0025180581760695,-0.4287523615831239,1.3654533819633854,0,0,0,0,Regular Average Customers
13816.0,23,4,403.79,14.421071428571429,217,-0.7436172592365022,0.432565612158627,-0.3375183478732772,0,0,2,0,Regular Average Customers
13817.0,28,2,328.98,14.953636363636363,208,-0.6891246709232351,-0.4287523615831239,-0.4744435492415486,2,0,2,2,New/Occasional Buyers
13819.0,301,3,624.75,24.99,377,2.286170650981149,0.0019066252877515,0.0669060939705035,1,0,0,1,At-Risk Customers
13821.0,144,2,321.89,5.748035714285714,147,0.5751033779445618,-0.4287523615831239,-0.4874204196826801,1,0,0,1,At-Risk Customers
13822.0,5,2,454.8,5.053333333333334,448,-0.9397905771642638,-0.4287523615831239,-0.2441544323299605,2,0,2,2,New/Occasional Buyers
13823.0,18,2,683.36,23.564137931034484,381,-0.7981098475497693,-0.4287523615831239,0.1741803360797721,2,0,2,2,New/Occasional Buyers
13824.0,32,5,1171.86,29.2965,504,-0.6455306002726214,0.8632245990295024,1.0682848791676018,0,0,1,0,Regular Average Customers
13826.0,157,2,97.4,13.914285714285716,73,0.7167841075590563,-0.4287523615831239,-0.8983058421551201,1,0,0,1,At-Risk Customers
13827.0,57,3,237.65,3.0863636363636364,122,-0.3730676587062859,0.0019066252877515,-0.6416054078294945,2,0,2,2,New/Occasional Buyers
13828.0,21,1,168.45,14.0375,95,-0.7654142945618091,-0.8594113484539994,-0.7682625918247408,2,0,2,2,New/Occasional Buyers
13831.0,15,4,522.63,10.24764705882353,189,-0.8308054005377296,0.432565612158627,-0.1200047677288397,0,0,2,0,Regular Average Customers
13832.0,17,2,40.95,10.2375,25,-0.8090083652124227,-0.4287523615831239,-1.001626623029855,2,0,2,2,New/Occasional Buyers
13833.0,158,1,225.45,11.86578947368421,99,0.7276826252217097,-0.8594113484539994,-0.6639351425801014,1,0,0,1,At-Risk Customers
13835.0,24,4,692.37,14.424375,426,-0.7327187415738488,0.432565612158627,0.1906713942849335,0,0,2,0,Regular Average Customers
13837.0,211,2,221.59,13.034705882352942,146,1.305304061342341,-0.4287523615831239,-0.6710001242307032,1,0,0,1,At-Risk Customers
13838.0,5,4,510.67,3.404466666666667,237,-0.9397905771642638,0.432565612158627,-0.141895229008943,0,0,2,0,Regular Average Customers
13844.0,10,1,345.12,18.164210526315788,194,-0.8852979888509966,-0.8594113484539994,-0.4449024083501718,2,0,2,2,New/Occasional Buyers
13845.0,64,1,157.86,26.31,78,-0.2967780350677119,-0.8594113484539994,-0.7876455337107184,2,0,2,2,New/Occasional Buyers
13846.0,24,4,725.66,14.80938775510204,370,-0.7327187415738488,0.432565612158627,0.251602285256057,0,0,2,0,Regular Average Customers
13849.0,51,2,1325.55,15.236206896551725,994,-0.4384587646822064,-0.4287523615831239,1.3495846278414374,0,0,1,0,Regular Average Customers
13850.0,87,2,1470.31,16.70806818181818,929,-0.0461121288266832,-0.4287523615831239,1.6145397428002792,0,0,0,0,Regular Average Customers
13851.0,95,3,1536.08,21.04219178082192,1025,0.0410760124745441,0.0019066252877515,1.7349189767795763,0,0,0,0,Regular Average Customers
13853.0,8,2,514.1,28.561111111111117,228,-0.9070950241763036,-0.4287523615831239,-0.1356172789929936,2,0,2,2,New/Occasional Buyers
13856.0,168,5,95.2,7.323076923076922,104,0.8366678018482439,0.8632245990295024,-0.9023325156347378,1,0,0,1,At-Risk Customers
13858.0,56,1,182.67,20.296666666666667,71,-0.3839661763689393,-0.8594113484539994,-0.742235638697394,2,0,2,2,New/Occasional Buyers
13859.0,325,1,172.76000000000002,6.644615384615386,126,2.547735074884831,-0.8594113484539994,-0.7603739724169444,1,0,0,1,At-Risk Customers
13860.0,0,6,1101.03,16.191617647058823,529,-0.9942831654775308,1.293883585900378,0.9386442961851844,0,0,1,0,Regular Average Customers
13862.0,17,10,2109.91,15.179208633093523,1628,-0.8090083652124227,3.0165195333838795,2.7852035416927583,3,0,3,3,Regular Average Customers
13863.0,244,2,258.66,12.933000000000002,215,1.6649551442099038,-0.4287523615831239,-0.6031506760991457,1,0,0,1,At-Risk Customers
13865.0,57,4,437.81,16.215185185185184,199,-0.3730676587062859,0.432565612158627,-0.2752513334293714,0,0,2,0,Regular Average Customers
13866.0,73,1,145.67000000000002,20.81,57,-0.1986913761038311,-0.8594113484539994,-0.8099569654000545,2,0,2,2,New/Occasional Buyers
13867.0,30,3,709.54,15.096595744680853,468,-0.6673276355979283,0.0019066252877515,0.2220977504872222,0,0,2,0,Regular Average Customers
13868.0,38,1,428.37,14.771379310344829,409,-0.5801394942967009,-0.8594113484539994,-0.2925294232691854,2,0,2,2,New/Occasional Buyers
13869.0,122,4,2446.95,9.26875,1605,0.3353359893661865,0.432565612158627,3.402089918770184,3,0,1,3,Regular Average Customers
13870.0,1,10,1693.35,17.45721649484536,1002,-0.9833846478148774,3.0165195333838795,2.022771221388426,3,0,3,3,Regular Average Customers
13873.0,119,4,316.15000000000003,15.8075,131,0.3026404363782262,0.432565612158627,-0.4979263768522279,2,0,0,2,New/Occasional Buyers
13875.0,53,5,1477.82,15.393958333333332,1173,-0.4166617293568995,0.8632245990295024,1.6282853418147922,3,0,1,3,Regular Average Customers
13876.0,63,1,98.8,16.46666666666667,34,-0.3076765527303653,-0.8594113484539994,-0.8957434135771816,2,0,2,2,New/Occasional Buyers
13877.0,85,1,17.4,17.4,12,-0.06790916415199,-0.8594113484539994,-1.044730332323035,2,0,2,2,New/Occasional Buyers
13878.0,54,1,1021.98,37.85111111111111,346,-0.4057632116942461,-0.8594113484539994,0.7939585968380137,2,0,2,2,New/Occasional Buyers
13882.0,2,5,686.34,15.252,566,-0.972486130152224,0.8632245990295024,0.179634648338527,0,0,1,0,Regular Average Customers
13883.0,0,9,2081.53,15.6506015037594,1260,-0.9942831654775308,2.585860546513004,2.733259453805691,3,0,3,3,Regular Average Customers
13884.0,6,5,664.15,12.075454545454544,250,-0.9288920595016104,0.8632245990295024,0.1390201553782015,0,0,1,0,Regular Average Customers
13885.0,188,2,390.2,16.258333333333333,170,1.0546381551013122,-0.4287523615831239,-0.3623922081405518,1,0,0,1,At-Risk Customers
13886.0,70,1,218.56,15.611428571428572,124,-0.2313869290917914,-0.8594113484539994,-0.6765459517958131,2,0,2,2,New/Occasional Buyers
13887.0,203,1,293.95,18.371875,141,1.2181159200411136,-0.8594113484539994,-0.5385591728738244,1,0,0,1,At-Risk Customers
13888.0,119,2,496.02,15.030909090909091,244,0.3026404363782262,-0.4287523615831239,-0.1687092137709424,2,0,2,2,New/Occasional Buyers
13889.0,92,1,416.9,27.793333333333337,146,0.0083804594865838,-0.8594113484539994,-0.3135230345470101,2,0,2,2,New/Occasional Buyers
13892.0,26,4,410.01,19.524285714285718,327,-0.7109217062485419,0.432565612158627,-0.3261338437627219,0,0,2,0,Regular Average Customers
13893.0,297,1,195.7,21.744444444444447,46,2.242576580330535,-0.8594113484539994,-0.7183867498612947,1,0,0,1,At-Risk Customers
13894.0,21,4,401.9,14.885185185185186,230,-0.7654142945618091,0.432565612158627,-0.3409776264534942,0,0,2,0,Regular Average Customers
13895.0,20,5,2139.7200000000003,19.630458715596333,1094,-0.7763128122244625,0.8632245990295024,2.839764967341578,3,0,1,3,Regular Average Customers
13897.0,49,1,311.16,18.303529411764707,200,-0.4602558000075132,-0.8594113484539994,-0.5070596044264516,2,0,2,2,New/Occasional Buyers
13898.0,325,1,138.93,12.63,131,2.547735074884831,-0.8594113484539994,-0.8222932286967013,1,0,0,1,At-Risk Customers
13899.0,15,2,337.52,18.75111111111111,152,-0.8308054005377296,-0.4287523615831239,-0.4588127349161237,2,0,2,2,New/Occasional Buyers
13900.0,192,2,553.95,15.3875,381,1.098232225751926,-0.4287523615831239,-0.062679579828101,1,0,0,1,At-Risk Customers
13901.0,71,5,2365.83,18.628582677165355,1335,-0.2204884114291379,0.8632245990295024,3.253615485739918,3,0,1,3,Regular Average Customers
13904.0,36,2,332.64,12.793846153846154,332,-0.6019365296220077,-0.4287523615831239,-0.4677446288163666,2,0,2,2,New/Occasional Buyers
13908.0,79,5,1926.4,16.75130434782609,1174,-0.1333002701279106,0.8632245990295024,2.449324064308833,3,0,1,3,Regular Average Customers
13911.0,143,8,1872.71,15.22528455284553,1363,0.5642048602819083,2.155201559642129,2.351054928344891,3,0,3,3,Regular Average Customers
13914.0,11,2,604.83,19.510645161290324,331,-0.8743994711883433,-0.4287523615831239,0.0304463959186927,2,0,2,2,New/Occasional Buyers
13917.0,49,2,252.14,14.831764705882351,226,-0.4602558000075132,-0.4287523615831239,-0.6150842720478309,2,0,2,2,New/Occasional Buyers
13918.0,49,2,565.1,23.54583333333333,322,-0.4602558000075132,-0.4287523615831239,-0.0422716665109479,2,0,2,2,New/Occasional Buyers
13919.0,52,3,307.71,10.610689655172411,459,-0.427560247019553,0.0019066252877515,-0.513374160564943,2,0,2,2,New/Occasional Buyers
13923.0,53,1,317.63,17.64611111111111,181,-0.4166617293568995,-0.8594113484539994,-0.4952175237841215,2,0,2,2,New/Occasional Buyers
13924.0,1,11,1424.18,12.069322033898306,1050,-0.9833846478148774,3.447178520254755,1.5301077211572056,3,0,3,3,Regular Average Customers
13925.0,92,4,411.1,15.225925925925926,274,0.0083804594865838,0.432565612158627,-0.324138810084184,0,0,0,0,Regular Average Customers
13926.0,22,1,150.10000000000002,18.762500000000003,99,-0.7545157768991556,-0.8594113484539994,-0.8018487092570061,2,0,2,2,New/Occasional Buyers
13927.0,74,1,348.99,16.61857142857143,214,-0.1877928584411777,-0.8594113484539994,-0.4378191236382989,2,0,2,2,New/Occasional Buyers
13928.0,10,4,336.47,16.022380952380953,117,-0.8852979888509966,0.432565612158627,-0.4607345563495775,0,0,2,0,Regular Average Customers
13929.0,168,2,285.45,40.77857142857143,87,0.8366678018482439,-0.4287523615831239,-0.5541167749541653,1,0,0,1,At-Risk Customers
13930.0,57,2,337.34,19.843529411764703,274,-0.3730676587062859,-0.4287523615831239,-0.4591421900190016,2,0,2,2,New/Occasional Buyers
13931.0,85,3,949.53,16.658421052631578,643,-0.06790916415199,0.0019066252877515,0.6613529179296957,0,0,2,0,Regular Average Customers
13932.0,294,1,195.8,19.58,60,2.209881027342574,-0.8594113484539994,-0.7182037192485848,1,0,0,1,At-Risk Customers
13933.0,108,2,576.99,26.22681818181818,201,0.1827567420890386,-0.4287523615831239,-0.0205093266597416,2,0,2,2,New/Occasional Buyers
13934.0,263,1,818.65,29.2375,379,1.8720269798003188,-0.8594113484539994,0.421802452014987,1,0,0,1,At-Risk Customers
13936.0,170,2,354.44,13.632307692307691,288,0.8584648371735507,-0.4287523615831239,-0.4278439552456097,1,0,0,1,At-Risk Customers
13937.0,168,1,128.25,16.03125,87,0.8366678018482439,-0.8594113484539994,-0.841840898134118,1,0,0,1,At-Risk Customers
13938.0,34,1,71.66,10.237142857142857,70,-0.6237335649473146,-0.8594113484539994,-0.9454179218666467,2,0,2,2,New/Occasional Buyers
13939.0,22,4,454.57,11.655641025641026,589,-0.7545157768991556,0.432565612158627,-0.2445754027391933,0,0,2,0,Regular Average Customers
13940.0,16,4,648.5600000000001,16.62974358974359,404,-0.8199068828750762,0.432565612158627,0.1104856828567292,0,0,2,0,Regular Average Customers
13941.0,21,5,1389.88,57.91166666666667,364,-0.7654142945618091,0.8632245990295024,1.4673282209977123,0,0,1,0,Regular Average Customers
13946.0,78,3,57.33,11.466,55,-0.144198787790564,0.0019066252877515,-0.9716462086679744,2,0,2,2,New/Occasional Buyers
13947.0,64,1,90.6,18.12,44,-0.2967780350677119,-0.8594113484539994,-0.9107519238193929,2,0,2,2,New/Occasional Buyers
13949.0,2,6,2119.84,14.038675496688745,1998,-0.972486130152224,1.293883585900378,2.803378481534851,3,0,1,3,Regular Average Customers
13950.0,10,4,437.66,17.5064,272,-0.8852979888509966,0.432565612158627,-0.2755258793484363,0,0,2,0,Regular Average Customers
13951.0,175,3,504.09,15.7528125,293,0.9129574254868178,0.0019066252877515,-0.1539386433252539,1,0,0,1,At-Risk Customers
13952.0,210,3,2295.831,21.45636448598131,1107,1.2944055436796875,0.0019066252877515,3.12549588714912,3,-1,0,3,Regular Average Customers
13953.0,6,2,265.68,20.43692307692308,124,-0.9288920595016104,-0.4287523615831239,-0.5903019270869112,2,0,2,2,New/Occasional Buyers
13954.0,1,3,280.39,12.745,133,-0.9833846478148774,0.0019066252877515,-0.5633781239572859,2,0,2,2,New/Occasional Buyers
13955.0,153,2,239.31,8.25206896551724,147,0.6731900369084426,-0.4287523615831239,-0.6385670996585102,1,0,0,1,At-Risk Customers
13956.0,4,5,671.39,5.37112,393,-0.9506890948269172,0.8632245990295024,0.1522715717383978,0,0,1,0,Regular Average Customers
13959.0,78,3,508.59,5.913837209302326,345,-0.144198787790564,0.0019066252877515,-0.1457022657533087,2,0,2,2,New/Occasional Buyers
13960.0,20,2,230.22,19.185,142,-0.7763128122244625,-0.4287523615831239,-0.6552045823538395,2,0,2,2,New/Occasional Buyers
13962.0,21,2,82.1,13.683333333333332,80,-0.7654142945618091,-0.4287523615831239,-0.9263095258997338,2,0,2,2,New/Occasional Buyers
13963.0,307,4,469.02,17.37111111111111,326,2.3515617569570693,0.432565612158627,-0.2181274792026137,1,0,0,1,At-Risk Customers
13967.0,145,1,35.7,35.7,6,0.5860018956072152,-0.8594113484539994,-1.0112357301971244,1,0,0,1,At-Risk Customers
13971.0,8,11,2446.52,16.756986301369864,1512,-0.9070950241763036,3.447178520254755,3.401302887135531,3,0,3,3,Regular Average Customers
13972.0,70,2,174.35,12.453571428571427,185,-0.2313869290917914,-0.4287523615831239,-0.757463785674857,2,0,2,2,New/Occasional Buyers
13973.0,286,1,186.75,20.75,100,2.122692886041348,-0.8594113484539994,-0.7347679896988303,1,0,0,1,At-Risk Customers
13974.0,48,1,413.59,14.77107142857143,249,-0.4711543176701667,-0.8594113484539994,-0.3195813478277076,2,0,2,2,New/Occasional Buyers
13975.0,30,7,2201.1,6.921698113207547,1485,-0.6673276355979283,1.7245425727712531,2.9521091574229104,3,0,1,3,Regular Average Customers
13976.0,206,1,227.96,32.565714285714286,92,1.2508114730290738,-0.8594113484539994,-0.659341074201083,1,0,0,1,At-Risk Customers
13978.0,14,2,132.53,12.04818181818182,117,-0.841703918200383,-0.4287523615831239,-0.8340071879101345,2,0,2,2,New/Occasional Buyers
13979.0,72,1,869.87,16.108703703703704,639,-0.2095898937664845,-0.8594113484539994,0.5155507318449946,2,0,2,2,New/Occasional Buyers
13980.0,59,1,116.78,14.5975,102,-0.351270623380979,-0.8594113484539994,-0.8628345094119428,2,0,2,2,New/Occasional Buyers
13982.0,38,5,1413.9,13.33867924528302,865,-0.5801394942967009,0.8632245990295024,1.5112921741706289,3,0,1,3,Regular Average Customers
13983.0,39,10,1264.8300000000002,13.039484536082476,969,-0.5692409766340475,3.0165195333838795,1.2384484398039903,3,0,3,3,Regular Average Customers
13984.0,26,4,277.43,23.11916666666667,139,-0.7109217062485419,0.432565612158627,-0.5687958300934988,0,0,2,0,Regular Average Customers
13986.0,16,1,186.06,18.606,110,-0.8199068828750762,-0.8594113484539994,-0.7360309009265285,2,0,2,2,New/Occasional Buyers
13989.0,65,2,462.21,15.938275862068965,360,-0.2858795174050585,-0.4287523615831239,-0.2305918639281575,2,0,2,2,New/Occasional Buyers
13990.0,212,1,292.58,19.505333333333333,142,1.3162025790049945,-0.8594113484539994,-0.5410666922679499,1,0,0,1,At-Risk Customers
13991.0,11,7,716.5,9.305194805194803,657,-0.8743994711883433,1.7245425727712531,0.2348366811318308,0,0,1,0,Regular Average Customers
13992.0,29,1,76.8,15.36,64,-0.6782261532605817,-0.8594113484539994,-0.9360101483733582,2,0,2,2,New/Occasional Buyers
13993.0,42,10,2099.66,25.297108433734937,739,-0.5365454236460871,3.0165195333838795,2.766442903889994,3,0,3,3,Regular Average Customers
13994.0,3,6,2002.19,14.831037037037037,871,-0.9615876124895706,1.293883585900378,2.588042965681661,3,0,1,3,Regular Average Customers
13995.0,14,6,1298.79,15.83890243902439,857,-0.841703918200383,1.293883585900378,1.30060563588027,3,0,1,3,Regular Average Customers
14000.0,205,2,260.25,28.916666666666668,97,1.2399129553664203,-0.4287523615831239,-0.6002404893570584,1,0,0,1,At-Risk Customers
14001.0,45,4,815.25,30.194444444444443,297,-0.5038498706581269,0.432565612158627,0.4155794111828507,0,0,2,0,Regular Average Customers
14002.0,133,2,368.6,10.53142857142857,568,0.4552196836553741,-0.4287523615831239,-0.4019268204858888,2,0,0,2,New/Occasional Buyers
14005.0,9,5,1242.9,20.37540983606557,1058,-0.8961965065136501,0.8632245990295024,1.1983098264367107,0,0,1,0,Regular Average Customers
14006.0,115,3,503.6,20.144,296,0.2590463657276126,0.0019066252877515,-0.1548354933275325,2,0,0,2,New/Occasional Buyers
14009.0,197,3,637.13,15.539756097560977,355,1.1527248140651931,0.0019066252877515,0.0895652838239883,1,0,0,1,At-Risk Customers
14012.0,277,1,328.8,29.89090909090909,160,2.0246062270774665,-0.8594113484539994,-0.4747730043444264,1,0,0,1,At-Risk Customers
14013.0,109,3,435.58,13.611875,366,0.193655259751692,0.0019066252877515,-0.2793329160928021,2,0,0,2,New/Occasional Buyers
14014.0,76,1,304.42,11.274814814814816,512,-0.1659958231158708,-0.8594113484539994,-0.5193958677230984,2,0,2,2,New/Occasional Buyers
14015.0,52,1,607.62,40.508,166,-0.427560247019553,-0.8594113484539994,0.0355529500132987,2,0,2,2,New/Occasional Buyers
14019.0,46,4,981.11,16.62898305084746,631,-0.4929513529954735,0.432565612158627,0.7191539854234802,0,0,2,0,Regular Average Customers
14020.0,16,2,573.86,16.878235294117648,399,-0.8199068828750762,-0.4287523615831239,-0.0262381848375612,2,0,2,2,New/Occasional Buyers
14021.0,154,3,495.7,26.089473684210525,180,0.684088554571096,0.0019066252877515,-0.1692949117316141,1,0,0,1,At-Risk Customers
14022.0,224,1,396.8,15.872,375,1.4469847909568354,-0.8594113484539994,-0.3503121877016988,1,0,0,1,At-Risk Customers
14023.0,6,2,540.77,18.647241379310344,307,-0.9288920595016104,-0.4287523615831239,-0.0868030145832651,2,0,2,2,New/Occasional Buyers
14024.0,121,2,298.45,21.317857142857143,147,0.3244374717035331,-0.4287523615831239,-0.5303227953018792,2,0,0,2,New/Occasional Buyers
14027.0,60,1,104.82,17.47,62,-0.3403721057183256,-0.8594113484539994,-0.884724970692046,2,0,2,2,New/Occasional Buyers
14029.0,62,2,315.66,26.305000000000003,150,-0.3185750703930188,-0.4287523615831239,-0.4988232268545064,2,0,2,2,New/Occasional Buyers
14030.0,17,8,1594.7,7.281735159817352,1415,-0.8090083652124227,2.155201559642129,1.842211521950116,3,0,1,3,Regular Average Customers
14034.0,21,3,343.84,4.524210526315789,249,-0.7654142945618091,0.0019066252877515,-0.4472452001928585,2,0,2,2,New/Occasional Buyers
14035.0,28,5,876.07,15.928545454545455,493,-0.6891246709232351,0.8632245990295024,0.5268986298330081,0,0,1,0,Regular Average Customers
14036.0,284,1,451.25,16.116071428571427,248,2.1008958507160407,-0.8594113484539994,-0.2506520190811618,1,0,0,1,At-Risk Customers
14037.0,175,2,139.25,5.157407407407407,45,0.9129574254868178,-0.4287523615831239,-0.8217075307360296,1,0,0,1,At-Risk Customers
14038.0,77,4,1554.48,16.71483870967742,963,-0.1550973054532174,0.432565612158627,1.7685966095181969,0,0,1,0,Regular Average Customers
14039.0,32,1,82.6,16.52,44,-0.6455306002726214,-0.8594113484539994,-0.9253943728361844,2,0,2,2,New/Occasional Buyers
14041.0,265,1,141.41,6.733809523809524,94,1.8938240151256256,-0.8594113484539994,-0.817754069501496,1,0,0,1,At-Risk Customers
14044.0,26,4,532.12,2.673969849246231,297,-0.7109217062485419,0.432565612158627,-0.1026351625826708,0,0,2,0,Regular Average Customers
14046.0,283,1,47.71,5.301111111111111,172,2.089997333053387,-0.8594113484539994,-0.989253753610666,1,0,0,1,At-Risk Customers
14047.0,8,6,561.6,28.08,172,-0.9070950241763036,1.293883585900378,-0.0486777379557942,0,0,1,0,Regular Average Customers
14048.0,276,2,365.05,4.195977011494253,226,2.0137077094148133,-0.4287523615831239,-0.40842440723709,1,0,0,1,At-Risk Customers
14050.0,31,2,746.36,13.821481481481484,689,-0.6564291179352748,-0.4287523615831239,0.289489622087005,2,0,2,2,New/Occasional Buyers
14052.0,19,1,173.66,3.405098039215686,83,-0.7872113298871158,-0.8594113484539994,-0.7587266969025553,2,0,2,2,New/Occasional Buyers
14053.0,159,1,41.75,20.875,25,0.738581142884363,-0.8594113484539994,-1.000162378128176,1,0,0,1,At-Risk Customers
14054.0,64,1,92.46,15.409999999999998,62,-0.2967780350677119,-0.8594113484539994,-0.9073475544229888,2,0,2,2,New/Occasional Buyers
14055.0,105,1,149.14,24.856666666666666,58,0.1500611891010783,-0.8594113484539994,-0.8036058031390212,2,0,0,2,New/Occasional Buyers
14059.0,266,1,132.6,18.942857142857143,68,1.904722532788279,-0.8594113484539994,-0.8338790664812376,1,0,0,1,At-Risk Customers
14062.0,9,9,2289.89,43.20547169811321,751,-0.8961965065136501,2.585860546513004,3.1146220384480245,3,0,3,3,Regular Average Customers
14064.0,28,6,773.85,10.747916666666669,653,-0.6891246709232351,1.293883585900378,0.3398047375209548,0,0,1,0,Regular Average Customers
14066.0,266,1,114.3,19.05,42,1.904722532788279,-0.8594113484539994,-0.867373668607148,1,0,0,1,At-Risk Customers
14067.0,63,2,275.04,6.112,224,-0.3076765527303653,-0.4287523615831239,-0.5731702617372652,2,0,2,2,New/Occasional Buyers
14068.0,319,1,248.85,11.311363636363636,71,2.48234396890891,-0.8594113484539994,-0.6211059792059863,1,0,0,1,At-Risk Customers
14071.0,3,9,931.78,3.1693197278911565,852,-0.9615876124895706,2.585860546513004,0.6288649841736896,3,0,1,3,Regular Average Customers
14073.0,20,2,139.54,9.967142857142855,128,-0.7763128122244625,-0.4287523615831239,-0.821176741959171,2,0,2,2,New/Occasional Buyers
14075.0,4,3,728.54,19.17210526315789,614,-0.9506890948269172,0.0019066252877515,0.2568735669021019,0,0,2,0,Regular Average Customers
14076.0,128,1,101.72,2.3655813953488374,78,0.400727095342107,-0.8594113484539994,-0.8903989196860527,2,0,0,2,New/Occasional Buyers
14077.0,40,5,354.05,9.56891891891892,213,-0.558342458971394,0.8632245990295024,-0.4285577746351783,0,0,2,0,Regular Average Customers
14078.0,101,6,936.72,15.108387096774193,297,0.1064671184504646,1.293883585900378,0.6379066964415583,0,0,1,0,Regular Average Customers
14079.0,124,1,147.25,18.40625,148,0.3571330246914933,-0.8594113484539994,-0.8070650817192382,2,0,0,2,New/Occasional Buyers
14080.0,32,1,45.6,11.4,48,-0.6455306002726214,-0.8594113484539994,-0.9931156995388448,2,0,2,2,New/Occasional Buyers
14081.0,266,3,677.2,5.091729323308271,532,1.904722532788279,0.0019066252877515,0.1629056503368427,1,0,0,1,At-Risk Customers
14083.0,3,8,820.1,5.062345679012346,566,-0.9615876124895706,2.155201559642129,0.4244563958992806,3,0,1,3,Regular Average Customers
14087.0,2,1,185.17,2.763731343283582,220,-0.972486130152224,-0.8594113484539994,-0.7376598733796467,2,0,2,2,New/Occasional Buyers
14089.0,56,1,111.05,10.095454545454546,83,-0.3839661763689393,-0.8594113484539994,-0.8733221635202196,2,0,2,2,New/Occasional Buyers
14093.0,11,1,411.9,4.203061224489796,319,-0.8743994711883433,-0.8594113484539994,-0.3226745651825049,2,0,2,2,New/Occasional Buyers
14098.0,36,1,147.35,7.016666666666667,104,-0.6019365296220077,-0.8594113484539994,-0.8068820511065282,2,0,2,2,New/Occasional Buyers
14100.0,137,1,144.25,6.556818181818182,57,0.4988137543059878,-0.8594113484539994,-0.812556000100535,2,0,0,2,New/Occasional Buyers
14101.0,294,1,2.95,1.475,2,2.209881027342574,-0.8594113484539994,-1.0711782558596146,1,0,0,1,At-Risk Customers
14102.0,4,8,517.93,10.15549019607843,335,-0.9506890948269172,2.155201559642129,-0.1286072065262048,0,0,1,0,Regular Average Customers
14104.0,165,1,69.71,4.100588235294118,67,0.8039722488602836,-0.8594113484539994,-0.9489870188144895,1,0,0,1,At-Risk Customers
14105.0,84,2,1083.24,16.16776119402985,749,-0.0788076818146435,-0.4287523615831239,0.9060831501840944,0,0,2,0,Regular Average Customers
14107.0,51,8,2398.4700000000003,21.41491071428572,1521,-0.4384587646822064,2.155201559642129,3.313356677728428,3,0,1,3,Regular Average Customers
14108.0,30,3,540.61,16.8940625,375,-0.6673276355979283,0.0019066252877515,-0.0870958635636009,2,0,2,2,New/Occasional Buyers
14109.0,22,2,80.2,5.728571428571429,56,-0.7545157768991556,-0.4287523615831239,-0.9297871075412218,2,0,2,2,New/Occasional Buyers
14111.0,84,3,59.05,14.7625,21,-0.0788076818146435,0.0019066252877515,-0.9684980821293644,2,0,2,2,New/Occasional Buyers
14112.0,22,11,2436.98,15.824545454545454,1387,-0.7545157768991556,3.447178520254755,3.383841766683007,3,0,3,3,Regular Average Customers
14113.0,3,7,564.52,17.64125,369,-0.9615876124895706,1.7245425727712531,-0.0433332440646654,0,0,1,0,Regular Average Customers
14114.0,330,1,195.13,17.73909090909091,89,2.602227663198098,-0.8594113484539994,-0.7194300243537411,1,0,0,1,At-Risk Customers
14116.0,19,5,1091.04,17.0475,604,-0.7872113298871158,0.8632245990295024,0.920359537975466,0,0,1,0,Regular Average Customers
14117.0,143,1,90.0,30.0,72,0.5642048602819083,-0.8594113484539994,-0.9118501074956522,1,0,0,1,At-Risk Customers
14121.0,3,5,2355.71,16.707163120567376,1622,-0.9615876124895706,0.8632245990295024,3.235092787733677,3,0,1,3,Regular Average Customers
14125.0,10,3,2376.73,16.058986486486486,1596,-0.8852979888509966,0.0019066252877515,3.2735658225252964,3,0,1,3,Regular Average Customers
14126.0,10,1,183.4,20.37777777777778,68,-0.8852979888509966,-0.8594113484539994,-0.7408995152246117,2,0,2,2,New/Occasional Buyers
14127.0,122,3,503.01,16.226129032258065,295,0.3353359893661865,0.0019066252877515,-0.1559153739425209,2,0,0,2,New/Occasional Buyers
14128.0,60,2,625.0,13.88888888888889,563,-0.3403721057183256,-0.4287523615831239,0.0673636705022782,2,0,2,2,New/Occasional Buyers
14129.0,1,5,1077.06,21.5412,520,-0.9833846478148774,0.8632245990295024,0.8947718583186229,0,0,1,0,Regular Average Customers
14130.0,318,1,360.46,6.214827586206896,200,2.471445451246257,-0.8594113484539994,-0.4168255123604741,1,0,0,1,At-Risk Customers
14133.0,129,5,483.99,18.615,301,0.4116256130047604,0.8632245990295024,-0.1907277964799427,0,0,0,0,Regular Average Customers
14138.0,1,2,965.88,20.99739130434783,600,-0.9833846478148774,-0.4287523615831239,0.6912784231077636,0,0,2,0,Regular Average Customers
14139.0,45,1,278.28,13.251428571428573,316,-0.5038498706581269,-0.8594113484539994,-0.5672400698854647,2,0,2,2,New/Occasional Buyers
14140.0,3,3,898.18,13.818153846153846,760,-0.9615876124895706,0.0019066252877515,0.5673666983031653,0,0,2,0,Regular Average Customers
14141.0,2,6,866.2800000000001,19.250666666666667,336,-0.972486130152224,1.293883585900378,0.5089799328487096,0,0,1,0,Regular Average Customers
14143.0,133,1,64.8,16.2,24,0.4552196836553741,-0.8594113484539994,-0.9579738218985456,2,0,0,2,New/Occasional Buyers
14147.0,48,3,46.8,15.6,24,-0.4711543176701667,0.0019066252877515,-0.9909193321863264,2,0,2,2,New/Occasional Buyers
14148.0,233,1,29.700000000000003,14.85,6,1.545071449920716,-0.8594113484539994,-1.022217566959718,1,0,0,1,At-Risk Customers
14149.0,212,3,278.39,7.524054054054053,153,1.3162025790049945,0.0019066252877515,-0.5670387362114838,1,0,0,1,At-Risk Customers
14150.0,35,2,584.74,24.364166666666662,426,-0.6128350472846611,-0.4287523615831239,-0.0063244541747248,2,0,2,2,New/Occasional Buyers
14152.0,74,3,592.37,12.089183673469387,651,-0.1877928584411777,0.0019066252877515,0.0076407815750399,0,0,2,0,Regular Average Customers
14154.0,238,2,682.92,17.073,426,1.5995640382339833,-0.4287523615831239,0.1733750013838485,1,0,0,1,At-Risk Customers
14155.0,265,1,118.75,19.791666666666668,25,1.8938240151256256,-0.8594113484539994,-0.8592288063415578,1,0,0,1,At-Risk Customers
14157.0,19,3,372.28,8.09304347826087,212,-0.7872113298871158,0.0019066252877515,-0.3951912939381646,2,0,2,2,New/Occasional Buyers
14158.0,39,1,397.38,11.038333333333334,581,-0.5692409766340475,-0.8594113484539994,-0.3492506101479815,2,0,2,2,New/Occasional Buyers
14161.0,215,3,878.02,9.34063829787234,427,1.3488981319929547,0.0019066252877515,0.5304677267808509,1,0,0,1,At-Risk Customers
14162.0,173,2,198.11,9.433809523809524,89,0.8911603901615109,-0.4287523615831239,-0.7139757120949863,1,0,0,1,At-Risk Customers
14163.0,86,4,1051.61,33.92290322580646,293,-0.0570106464893366,0.432565612158627,0.8481905673839554,0,0,2,0,Regular Average Customers
14164.0,80,1,374.4,22.023529411764702,264,-0.1224017524652572,-0.8594113484539994,-0.391311044948715,2,0,2,2,New/Occasional Buyers
14165.0,275,1,82.19,3.913809523809524,49,2.00280919175216,-0.8594113484539994,-0.9261447983482948,1,0,0,1,At-Risk Customers
14167.0,38,4,512.84,11.396444444444445,142,-0.5801394942967009,0.432565612158627,-0.1379234647131383,0,0,2,0,Regular Average Customers
14171.0,97,1,308.44,5.608,162,0.0628730477998509,-0.8594113484539994,-0.5120380370921608,2,0,2,2,New/Occasional Buyers
14173.0,10,4,222.34,9.666956521739133,106,-0.8852979888509966,0.432565612158627,-0.669627394635379,2,0,2,2,New/Occasional Buyers
14174.0,32,1,124.51,4.9804,93,-0.6455306002726214,-0.8594113484539994,-0.8486862430494679,2,0,2,2,New/Occasional Buyers
14175.0,50,6,2120.06,16.061060606060607,1331,-0.4493572823448598,1.293883585900378,2.8037811488828126,3,0,1,3,Regular Average Customers
14176.0,296,5,514.3000000000001,17.734482758620693,201,2.2316780626678816,0.8632245990295024,-0.1352512177675738,1,0,0,1,At-Risk Customers
14177.0,84,5,445.82,13.50969696969697,158,-0.0788076818146435,0.8632245990295024,-0.260590581351309,0,0,2,0,Regular Average Customers
14178.0,8,7,1446.49,4.742590163934426,1299,-0.9070950241763036,1.7245425727712531,1.5709418508527828,3,0,1,3,Regular Average Customers
14179.0,40,2,548.67,3.810208333333333,302,-0.558342458971394,-0.4287523615831239,-0.0723435961791835,2,0,2,2,New/Occasional Buyers
14184.0,66,1,245.59,16.372666666666667,105,-0.2749809997424051,-0.8594113484539994,-0.6270727771803288,2,0,2,2,New/Occasional Buyers
14185.0,330,1,12.75,12.75,3,2.602227663198098,-0.8594113484539994,-1.053241255814045,1,0,0,1,At-Risk Customers
14188.0,8,10,1728.41,26.59092307692308,1017,-0.9070950241763036,3.0165195333838795,2.0869417542045148,3,0,3,3,Regular Average Customers
14193.0,67,2,737.15,19.39868421052632,365,-0.2640824820797516,-0.4287523615831239,0.2726325026564238,2,0,2,2,New/Occasional Buyers
14196.0,106,1,73.72,24.57333333333333,44,0.1609597067637317,-0.8594113484539994,-0.9416474912448228,2,0,0,2,New/Occasional Buyers
14198.0,3,7,466.7000000000001,13.334285714285716,216,-0.9615876124895706,1.7245425727712531,-0.2223737894174831,0,0,1,0,Regular Average Customers
14199.0,217,1,10.2,10.2,12,1.3706951673182617,-0.8594113484539994,-1.0579085364381473,1,0,0,1,At-Risk Customers
14201.0,59,9,463.24,14.47625,262,-0.351270623380979,2.585860546513004,-0.2287066486172455,0,0,1,0,Regular Average Customers
14204.0,1,1,128.16,3.4637837837837835,70,-0.9833846478148774,-0.8594113484539994,-0.8420056256855569,2,0,2,2,New/Occasional Buyers
14205.0,16,3,124.85,4.801923076923076,109,-0.8199068828750762,0.0019066252877515,-0.8480639389662543,2,0,2,2,New/Occasional Buyers
14206.0,238,1,302.66,15.929473684210524,274,1.5995640382339833,-0.8594113484539994,-0.5226172065067927,1,0,0,1,At-Risk Customers
14208.0,94,1,101.14,14.448571428571428,108,0.0301774948118907,-0.8594113484539994,-0.8914604972397702,2,0,2,2,New/Occasional Buyers
14209.0,10,7,1092.25,18.51271186440678,402,-0.8852979888509966,1.7245425727712531,0.922574208389256,3,0,1,3,Regular Average Customers
14210.0,90,7,1611.17,18.10303370786517,695,-0.0134165758387229,1.7245425727712531,1.872356663863436,3,0,1,3,Regular Average Customers
14214.0,30,7,933.99,13.940149253731343,708,-0.6673276355979283,1.7245425727712531,0.6329099607145784,0,0,1,0,Regular Average Customers
14215.0,11,7,1638.67,16.065392156862746,1165,-0.8743994711883433,1.7245425727712531,1.9226900823586563,3,0,1,3,Regular Average Customers
14216.0,2,4,1082.66,24.60590909090909,468,-0.972486130152224,0.432565612158627,0.9050215726303772,0,0,1,0,Regular Average Customers
14218.0,42,1,169.48000000000002,14.123333333333337,160,-0.5365454236460871,-0.8594113484539994,-0.7663773765138288,2,0,2,2,New/Occasional Buyers
14219.0,3,1,73.44,12.24,76,-0.9615876124895706,-0.8594113484539994,-0.9421599769604104,2,0,2,2,New/Occasional Buyers
14220.0,246,2,510.72,25.536,200,1.6867521795352105,-0.4287523615831239,-0.141803713702588,1,0,0,1,At-Risk Customers
14222.0,176,1,576.5,15.58108108108108,474,0.9238559431494712,-0.8594113484539994,-0.0214061766620201,1,0,0,1,At-Risk Customers
14223.0,91,3,736.5600000000001,16.368000000000002,510,-0.0025180581760695,0.0019066252877515,0.2715526220414356,0,0,2,0,Regular Average Customers
14224.0,109,4,645.21,7.013152173913044,332,0.193655259751692,0.432565612158627,0.1043541573309478,0,0,0,0,Regular Average Customers
14226.0,29,6,1238.69,21.356724137931035,676,-0.6782261532605817,1.293883585900378,1.1906042376416242,3,0,1,3,Regular Average Customers
14229.0,51,5,737.85,23.0578125,339,-0.4384587646822064,0.8632245990295024,0.2739137169453932,0,0,1,0,Regular Average Customers
14231.0,183,4,769.51,15.704285714285714,397,1.0001455667880452,0.432565612158627,0.3318612089293454,1,0,0,1,At-Risk Customers
14232.0,31,8,1626.52,16.42949494949495,1176,-0.6564291179352748,2.155201559642129,1.900451862914404,3,0,1,3,Regular Average Customers
14233.0,43,5,901.71,28.1784375,395,-0.5256469059834338,0.8632245990295024,0.5738276789318247,0,0,1,0,Regular Average Customers
14234.0,21,4,706.92,4.943496503496503,719,-0.7654142945618091,0.432565612158627,0.2173023484342229,0,0,2,0,Regular Average Customers
14235.0,9,6,1454.34,24.239,877,-0.8961965065136501,1.293883585900378,1.5853097539505092,3,0,1,3,Regular Average Customers
14236.0,80,2,302.64,25.22,228,-0.1224017524652572,-0.4287523615831239,-0.5226538126293346,2,0,2,2,New/Occasional Buyers
14238.0,325,1,96.2,16.033333333333335,76,2.547735074884831,-0.8594113484539994,-0.9005022095076388,1,0,0,1,At-Risk Customers
14240.0,29,2,745.14,20.69833333333333,402,-0.6782261532605817,-0.4287523615831239,0.2872566486119443,2,0,2,2,New/Occasional Buyers
14241.0,183,1,213.7,21.37,146,1.0001455667880452,-0.8594113484539994,-0.6854412395735139,1,0,0,1,At-Risk Customers
14242.0,234,2,219.25,16.865384615384617,117,1.5559699675833696,-0.4287523615831239,-0.6752830405681148,1,0,0,1,At-Risk Customers
14245.0,175,5,1500.73,15.0073,952,0.9129574254868178,0.8632245990295024,1.670217655186629,3,0,1,3,Regular Average Customers
14246.0,110,3,1293.0,19.29850746268657,648,0.2045537774143454,0.0019066252877515,1.2900081634043672,0,0,0,0,Regular Average Customers
14247.0,277,1,104.12,6.124705882352941,44,2.0246062270774665,-0.8594113484539994,-0.8860061849810152,1,0,0,1,At-Risk Customers
14248.0,317,1,98.58,14.082857142857142,78,2.460546933583604,-0.8594113484539994,-0.8961460809251434,1,0,0,1,At-Risk Customers
14250.0,6,3,1823.13,17.19933962264151,1144,-0.9288920595016104,0.0019066252877515,2.260308350563326,3,0,1,3,Regular Average Customers
14251.0,1,5,1796.8200000000002,27.224545454545456,1034,-0.9833846478148774,0.8632245990295024,2.212152996359353,3,0,1,3,Regular Average Customers
14256.0,259,2,738.0600000000001,17.572857142857146,388,1.828432909149705,-0.4287523615831239,0.274298081232084,1,0,0,1,At-Risk Customers
14257.0,50,6,2439.15,25.4078125,1217,-0.4493572823448598,1.293883585900378,3.387813530978812,3,0,1,3,Regular Average Customers
14258.0,8,9,2439.26,67.75722222222223,524,-0.9070950241763036,2.585860546513004,3.388014864652793,3,0,3,3,Regular Average Customers
14259.0,141,1,104.1,26.025,66,0.5424078249566016,-0.8594113484539994,-0.8860427911035572,2,0,0,2,New/Occasional Buyers
14261.0,78,1,633.79,19.8059375,301,-0.144198787790564,-0.8594113484539994,0.0834520613594778,2,0,2,2,New/Occasional Buyers
14262.0,7,8,2337.11,16.93557971014493,1487,-0.917993541838957,2.155201559642129,3.2010490937696368,3,0,1,3,Regular Average Customers
14264.0,154,3,173.42000000000002,21.6775,48,0.684088554571096,0.0019066252877515,-0.759165970373059,1,0,0,1,At-Risk Customers
14265.0,108,2,333.43,16.6715,313,0.1827567420890386,-0.4287523615831239,-0.4662986869759583,2,0,0,2,New/Occasional Buyers
14267.0,150,6,789.74,15.485098039215686,416,0.6404944839204822,1.293883585900378,0.3688883018805569,0,0,0,0,Regular Average Customers
14270.0,331,1,341.65000000000003,15.529545454545456,181,2.6131261808607515,-0.8594113484539994,-0.4512535706112051,1,0,0,1,At-Risk Customers
14271.0,225,1,92.42,10.268888888888888,86,1.457883308619489,-0.8594113484539994,-0.9074207666680728,1,0,0,1,At-Risk Customers
14272.0,73,2,330.2,12.7,408,-0.1986913761038311,-0.4287523615831239,-0.4722105757664879,2,0,2,2,New/Occasional Buyers
14273.0,50,4,559.97,19.309310344827587,264,-0.4493572823448598,0.432565612158627,-0.0516611369429654,0,0,2,0,Regular Average Customers
14276.0,87,5,1011.14,14.654202898550723,722,-0.0461121288266832,0.8632245990295024,0.7741180784202611,0,0,1,0,Regular Average Customers
14280.0,196,1,92.64,15.439999999999998,48,1.1418262964025396,-0.8594113484539994,-0.907018099320111,1,0,0,1,At-Risk Customers
14284.0,30,3,496.45,17.118965517241378,149,-0.6673276355979283,0.0019066252877515,-0.1679221821362899,2,0,2,2,New/Occasional Buyers
14285.0,20,4,368.78,28.36769230769231,134,-0.7763128122244625,0.432565612158627,-0.4015973653830109,0,0,2,0,Regular Average Customers
14287.0,7,3,154.35,17.15,116,-0.917993541838957,0.0019066252877515,-0.7940699082168357,2,0,2,2,New/Occasional Buyers
14288.0,212,1,306.0,21.857142857142858,136,1.3162025790049945,-0.8594113484539994,-0.5165039840422821,1,0,0,1,At-Risk Customers
14289.0,8,6,508.06,20.3224,244,-0.9070950241763036,1.293883585900378,-0.1466723280006712,0,0,1,0,Regular Average Customers
14290.0,10,6,1976.0,20.58333333333333,876,-0.8852979888509966,1.293883585900378,2.54010724821294,3,0,1,3,Regular Average Customers
14293.0,2,4,951.16,16.68701754385965,697,-0.972486130152224,0.432565612158627,0.6643363169168672,0,0,2,0,Regular Average Customers
14295.0,39,2,163.20000000000002,27.200000000000003,83,-0.5692409766340475,-0.4287523615831239,-0.77787169899201,2,0,2,2,New/Occasional Buyers
14297.0,17,6,1081.58,18.64793103448276,661,-0.8090083652124227,1.293883585900378,0.90304484201311,0,0,1,0,Regular Average Customers
14300.0,18,1,43.2,14.4,32,-0.7981098475497693,-0.8594113484539994,-0.9975084342438824,2,0,2,2,New/Occasional Buyers
14301.0,107,2,120.6,15.075,84,0.1718582244263851,-0.4287523615831239,-0.8558427400064248,2,0,2,2,New/Occasional Buyers
14304.0,222,2,68.05,3.4025,59,1.4251877556315284,-0.4287523615831239,-0.952025326985474,1,0,0,1,At-Risk Customers
14305.0,70,5,1755.96,16.410841121495327,1064,-0.2313869290917914,0.8632245990295024,2.1373666880060904,3,0,1,3,Regular Average Customers
14306.0,50,3,696.23,36.64368421052632,302,-0.4493572823448598,0.0019066252877515,0.1977363759355354,0,0,2,0,Regular Average Customers
14309.0,7,10,1742.1,15.694594594594596,1158,-0.917993541838957,3.0165195333838795,2.1119986450844994,3,0,3,3,Regular Average Customers
14311.0,224,2,166.02,9.765882352941176,84,1.4469847909568354,-0.4287523615831239,-0.7727102357135912,1,0,0,1,At-Risk Customers
14312.0,46,6,1265.06,17.81774647887324,746,-0.4929513529954735,1.293883585900378,1.2388694102132227,3,0,1,3,Regular Average Customers
14314.0,106,1,93.48,18.696,108,0.1609597067637317,-0.8594113484539994,-0.905480642173348,2,0,0,2,New/Occasional Buyers
14315.0,20,7,1989.88,22.87218390804598,920,-0.7763128122244625,1.7245425727712531,2.5655118972570734,3,0,1,3,Regular Average Customers
14317.0,64,1,375.58,18.779,240,-0.2967780350677119,-0.8594113484539994,-0.3891512837187382,2,0,2,2,New/Occasional Buyers
14320.0,206,3,323.21000000000004,7.883170731707318,237,1.2508114730290738,0.0019066252877515,-0.4850044155949094,1,0,0,1,At-Risk Customers
14321.0,10,5,1178.4,12.148453608247424,1527,-0.8852979888509966,0.8632245990295024,1.0802550812388294,0,0,1,0,Regular Average Customers
14323.0,114,4,486.86,13.158378378378378,332,0.2481478480649591,0.432565612158627,-0.1854748178951686,0,0,0,0,Regular Average Customers
14326.0,234,2,106.85,13.35625,51,1.5559699675833696,-0.4287523615831239,-0.8810094492540351,1,0,0,1,At-Risk Customers
14327.0,162,1,311.65,25.97083333333333,139,0.7712766958723234,-0.8594113484539994,-0.5061627544241732,1,0,0,1,At-Risk Customers
14331.0,123,2,395.76,15.8304,244,0.3462345070288399,-0.4287523615831239,-0.3522157060738817,2,0,0,2,New/Occasional Buyers
14332.0,22,3,559.05,27.9525,259,-0.7545157768991556,0.0019066252877515,-0.0533450185798966,0,0,2,0,Regular Average Customers
14333.0,63,2,174.45000000000002,15.859090909090911,34,-0.3076765527303653,-0.4287523615831239,-0.7572807550621471,2,0,2,2,New/Occasional Buyers
14334.0,16,8,1829.61,14.874878048780486,1577,-0.8199068828750762,2.155201559642129,2.2721687342669266,3,0,3,3,Regular Average Customers
14335.0,15,2,409.2,7.178947368421053,324,-0.8308054005377296,-0.4287523615831239,-0.327616391725672,2,0,2,2,New/Occasional Buyers
14336.0,16,4,1281.11,17.54945205479452,915,-0.8199068828750762,0.432565612158627,1.268245823553161,0,0,1,0,Regular Average Customers
14338.0,157,3,433.95,16.072222222222223,272,0.7167841075590563,0.0019066252877515,-0.2823163150799734,1,0,0,1,At-Risk Customers
14339.0,234,4,289.91,16.106111111111108,150,1.5559699675833696,0.432565612158627,-0.5459536096273041,1,0,0,1,At-Risk Customers
14340.0,218,1,134.7,22.45,58,1.381593684980915,-0.8594113484539994,-0.8300354236143298,1,0,0,1,At-Risk Customers
14341.0,44,8,1858.47,16.160608695652176,1188,-0.5147483883207804,2.155201559642129,2.3249913690950024,3,0,3,3,Regular Average Customers
14342.0,20,6,261.95,13.0975,219,-0.7763128122244625,1.293883585900378,-0.5971289689409903,0,0,1,0,Regular Average Customers
14344.0,126,8,615.5300000000001,10.612586206896554,388,0.3789300600168002,2.155201559642129,0.0500306714786514,0,0,3,0,Regular Average Customers
14345.0,38,1,108.98,18.16333333333333,50,-0.5801394942967009,-0.8594113484539994,-0.8771108972033144,2,0,2,2,New/Occasional Buyers
14346.0,120,2,799.46,15.675686274509804,554,0.3135389540408796,-0.4287523615831239,0.3866788774359586,2,0,2,2,New/Occasional Buyers
14348.0,259,1,297.87,18.616875,169,1.828432909149705,-0.8594113484539994,-0.5313843728555965,1,0,0,1,At-Risk Customers
14349.0,9,1,125.0,4.166666666666667,85,-0.8961965065136501,-0.8594113484539994,-0.8477893930471895,2,0,2,2,New/Occasional Buyers
14350.0,270,2,258.7,12.319047619047618,166,1.9483166034388928,-0.4287523615831239,-0.6030774638540618,1,0,0,1,At-Risk Customers
14351.0,164,1,51.0,51.0,12,0.7930737311976302,-0.8594113484539994,-0.9832320464525108,1,0,0,1,At-Risk Customers
14352.0,156,4,821.76,22.826666666666668,480,0.7058855898964028,0.432565612158627,0.4274947040702648,0,0,0,0,Regular Average Customers
14353.0,214,1,90.6,15.1,64,1.3379996143303012,-0.8594113484539994,-0.9107519238193929,1,0,0,1,At-Risk Customers
14354.0,5,2,126.18,15.7725,114,-0.9397905771642638,-0.4287523615831239,-0.8456296318172127,2,0,2,2,New/Occasional Buyers
14356.0,59,4,456.59,13.836060606060608,251,-0.351270623380979,0.432565612158627,-0.2408781843624534,0,0,2,0,Regular Average Customers
14357.0,42,1,215.17,5.517179487179488,146,-0.5365454236460871,-0.8594113484539994,-0.6827506895666785,2,0,2,2,New/Occasional Buyers
14359.0,18,6,769.48,15.087843137254902,352,-0.7981098475497693,1.293883585900378,0.3318062997455325,0,0,1,0,Regular Average Customers
14360.0,31,4,1722.63,16.25122641509434,1103,-0.6564291179352748,0.432565612158627,2.076362584789883,3,0,1,3,Regular Average Customers
14362.0,21,1,138.75,3.8541666666666665,95,-0.7654142945618091,-0.8594113484539994,-0.8226226837995791,2,0,2,2,New/Occasional Buyers
14364.0,108,8,1022.95,22.732222222222223,559,0.1827567420890386,2.155201559642129,0.7957339937812997,3,0,3,3,Regular Average Customers
14368.0,319,1,105.2,17.533333333333335,32,2.48234396890891,-0.8594113484539994,-0.8840294543637485,1,0,0,1,At-Risk Customers
14371.0,294,1,100.5,25.125,34,2.209881027342574,-0.8594113484539994,-0.8926318931611135,1,0,0,1,At-Risk Customers
14375.0,184,1,219.66,3.4321875,182,1.0110440844506987,-0.8594113484539994,-0.6745326150560044,1,0,0,1,At-Risk Customers
14377.0,190,2,155.25,51.75,39,1.0764351904266192,-0.4287523615831239,-0.7924226327024467,1,0,0,1,At-Risk Customers
14379.0,43,2,340.15000000000003,7.558888888888889,291,-0.5256469059834338,-0.4287523615831239,-0.4539990298018534,2,0,2,2,New/Occasional Buyers
14381.0,51,1,202.68,3.619285714285714,146,-0.4384587646822064,-0.8594113484539994,-0.7056112130941442,2,0,2,2,New/Occasional Buyers
14382.0,25,1,448.58,3.8670689655172414,430,-0.7218202239111954,-0.8594113484539994,-0.2555389364405159,2,0,2,2,New/Occasional Buyers
14383.0,37,3,903.67,18.82645833333333,569,-0.5910380119593543,0.0019066252877515,0.5774150789409386,0,0,2,0,Regular Average Customers
14385.0,8,3,202.11,14.436428571428571,159,-0.9070950241763036,0.0019066252877515,-0.7066544875865906,2,0,2,2,New/Occasional Buyers
14386.0,296,1,93.6,18.72,48,2.2316780626678816,-0.8594113484539994,-0.905261005438096,1,0,0,1,At-Risk Customers
14387.0,32,3,1458.25,11.666,769,-0.6455306002726214,0.0019066252877515,1.5924662509074663,0,0,1,0,Regular Average Customers
14389.0,8,5,749.2,13.37857142857143,433,-0.9070950241763036,0.8632245990295024,0.2946876914879661,0,0,1,0,Regular Average Customers
14393.0,217,1,67.95,13.59,13,1.3706951673182617,-0.8594113484539994,-0.9522083575981836,1,0,0,1,At-Risk Customers
14396.0,64,2,451.09,6.537536231884058,221,-0.2967780350677119,-0.4287523615831239,-0.2509448680614977,2,0,2,2,New/Occasional Buyers
14400.0,140,2,311.48,14.158181818181818,228,0.5315093072939481,-0.4287523615831239,-0.5064739064657799,2,0,0,2,New/Occasional Buyers
14403.0,216,2,283.95000000000005,70.98750000000001,49,1.3597966496556082,-0.4287523615831239,-0.5568622341448136,1,0,0,1,At-Risk Customers
14404.0,33,7,1039.13,12.082906976744184,626,-0.634632082609968,1.7245425727712531,0.8253483469177602,3,0,1,3,Regular Average Customers
14406.0,118,1,106.25,17.708333333333332,39,0.2917419187155728,-0.8594113484539994,-0.8821076329302945,2,0,0,2,New/Occasional Buyers
14407.0,106,5,981.53,19.245686274509804,662,0.1609597067637317,0.8632245990295024,0.7199227139968617,0,0,1,0,Regular Average Customers
14408.0,10,7,1816.03,19.73945652173913,1143,-0.8852979888509966,1.7245425727712531,2.247313177060924,3,0,1,3,Regular Average Customers
14409.0,70,4,875.4200000000001,20.358604651162796,541,-0.2313869290917914,0.432565612158627,0.5257089308503938,0,0,2,0,Regular Average Customers
14411.0,310,1,539.4000000000001,77.05714285714286,108,2.384257309945029,-0.8594113484539994,-0.0893105339773904,1,0,0,1,At-Risk Customers
14412.0,34,3,553.63,14.195641025641024,576,-0.6237335649473146,0.0019066252877515,-0.0632652777887727,0,0,2,0,Regular Average Customers
14414.0,91,8,1021.57,13.620933333333332,1343,-0.0025180581760695,2.155201559642129,0.7932081713259029,3,0,3,3,Regular Average Customers
14416.0,21,2,189.5,15.791666666666666,158,-0.7654142945618091,-0.4287523615831239,-0.7297346478493082,2,0,2,2,New/Occasional Buyers
14418.0,3,3,1517.64,13.923302752293578,1352,-0.9615876124895706,0.0019066252877515,1.7011681317958722,0,0,1,0,Regular Average Customers
14419.0,10,6,1025.94,5.155477386934674,480,-0.8852979888509966,1.293883585900378,0.8012066091013256,0,0,1,0,Regular Average Customers
14420.0,84,2,385.87,12.862333333333334,333,-0.0788076818146435,-0.4287523615831239,-0.3703174336708902,2,0,2,2,New/Occasional Buyers
14421.0,56,2,728.61,29.1444,355,-0.3839661763689393,-0.4287523615831239,0.2570016883309989,2,0,2,2,New/Occasional Buyers
14423.0,217,1,20.4,20.4,24,1.3706951673182617,-0.8594113484539994,-1.0392394139417382,1,0,0,1,At-Risk Customers
14427.0,49,2,287.74,19.182666666666663,156,-0.4602558000075132,-0.4287523615831239,-0.5499253739231087,2,0,2,2,New/Occasional Buyers
14428.0,6,7,749.35,6.404700854700855,315,-0.9288920595016104,1.7245425727712531,0.2949622374070309,0,0,1,0,Regular Average Customers
14431.0,298,2,294.81,19.654,111,2.253475097993189,-0.4287523615831239,-0.5369851096045193,1,0,0,1,At-Risk Customers
14432.0,9,6,2025.91,5.490271002710028,1865,-0.8961965065136501,1.293883585900378,2.631457827016448,3,0,1,3,Regular Average Customers
14434.0,21,6,964.8,120.6,176,-0.7654142945618091,1.293883585900378,0.6893016924904967,0,0,1,0,Regular Average Customers
14436.0,98,1,76.56,9.57,128,0.0737715654625044,-0.8594113484539994,-0.936449421843862,2,0,2,2,New/Occasional Buyers
14438.0,305,1,131.9,14.655555555555557,82,2.3297647216317623,-0.8594113484539994,-0.8351602807702069,1,0,0,1,At-Risk Customers
14439.0,319,1,1637.3,81.865,318,2.48234396890891,-0.8594113484539994,1.9201825629645304,1,1,0,1,At-Risk Customers
14440.0,7,5,1549.88,36.04372093023256,484,-0.917993541838957,0.8632245990295024,1.760177201333542,3,0,1,3,Regular Average Customers
14441.0,0,6,1348.59,32.89243902439025,411,-0.9942831654775308,1.293883585900378,1.3917548810097973,3,0,1,3,Regular Average Customers
14442.0,1,5,657.1700000000001,16.429250000000003,391,-0.9833846478148774,0.8632245990295024,0.1262446186110511,0,0,1,0,Regular Average Customers
14443.0,53,7,1351.01,14.073020833333333,882,-0.4166617293568995,1.7245425727712531,1.3961842218373763,3,0,1,3,Regular Average Customers
14446.0,0,4,899.22,3.367865168539326,728,-0.9942831654775308,0.432565612158627,0.5692702166753484,0,0,2,0,Regular Average Customers
14447.0,18,5,1147.33,16.627971014492754,569,-0.7981098475497693,0.8632245990295024,1.023387469869865,0,0,1,0,Regular Average Customers
14448.0,8,2,127.8,7.1000000000000005,55,-0.9070950241763036,-0.4287523615831239,-0.8426645358913124,2,0,2,2,New/Occasional Buyers
14449.0,18,4,852.55,3.4516194331983803,738,-0.7981098475497693,0.432565612158627,0.4838498297236409,0,0,2,0,Regular Average Customers
14450.0,180,3,483.25,12.08125,241,0.9674500138000848,0.0019066252877515,-0.1920822230139958,1,0,0,1,At-Risk Customers
14451.0,59,2,626.9,6.027884615384616,376,-0.351270623380979,-0.4287523615831239,0.0708412521437661,2,0,2,2,New/Occasional Buyers
14452.0,10,2,191.5,3.6132075471698113,109,-0.8852979888509966,-0.4287523615831239,-0.7260740355951103,2,0,2,2,New/Occasional Buyers
14453.0,189,1,109.98,5.2371428571428575,48,1.0655366727639657,-0.8594113484539994,-0.8752805910762155,1,0,0,1,At-Risk Customers
14457.0,310,1,68.64,22.88,52,2.384257309945029,-0.8594113484539994,-0.9509454463704856,1,0,0,1,At-Risk Customers
14459.0,154,1,1274.16,42.472,544,0.684088554571096,-0.8594113484539994,1.2555251959698233,0,0,0,0,Regular Average Customers
14460.0,109,4,99.0,16.5,108,0.193655259751692,0.432565612158627,-0.8953773523517619,2,0,0,2,New/Occasional Buyers
14461.0,147,3,1468.31,9.472967741935484,638,0.607798930932522,0.0019066252877515,1.6108791305460817,0,0,0,0,Regular Average Customers
14463.0,204,1,39.6,39.6,24,1.229014437703767,-0.8594113484539994,-1.0040975363014386,1,0,0,1,At-Risk Customers
14465.0,246,3,486.59,4.344553571428572,299,1.6867521795352105,0.0019066252877515,-0.1859690005494853,1,0,0,1,At-Risk Customers
14466.0,28,7,1400.65,23.73983050847458,793,-0.6891246709232351,1.7245425727712531,1.4870406179865676,3,0,1,3,Regular Average Customers
14467.0,17,4,530.01,6.385662650602409,270,-0.8090083652124227,0.432565612158627,-0.1064971085108496,0,0,2,0,Regular Average Customers
14470.0,11,2,303.99,9.211818181818185,147,-0.8743994711883433,-0.4287523615831239,-0.520182899357751,2,0,2,2,New/Occasional Buyers
14472.0,103,8,1507.9,6.129674796747968,1060,0.1282641537757715,2.155201559642129,1.6833409501179286,3,0,3,3,Regular Average Customers
14473.0,73,1,95.28,23.82,40,-0.1986913761038311,-0.8594113484539994,-0.90218609114457,2,0,2,2,New/Occasional Buyers
14474.0,45,1,240.06,17.147142857142857,108,-0.5038498706581269,-0.8594113484539994,-0.637194370063186,2,0,2,2,New/Occasional Buyers
14475.0,71,5,676.38,18.28054054054054,380,-0.2204884114291379,0.8632245990295024,0.1614047993126215,0,0,2,0,Regular Average Customers
14476.0,256,1,183.05,11.440625,109,1.795737356161745,-0.8594113484539994,-0.7415401223690963,1,0,0,1,At-Risk Customers
14477.0,50,2,81.41,27.136666666666667,39,-0.4493572823448598,-0.4287523615831239,-0.9275724371274322,2,0,2,2,New/Occasional Buyers
14479.0,253,2,252.65,18.04642857142857,109,1.7630418031737844,-0.4287523615831239,-0.6141508159230105,1,0,0,1,At-Risk Customers
14480.0,10,1,262.55,21.879166666666663,141,-0.8852979888509966,-0.8594113484539994,-0.5960307852647309,2,0,2,2,New/Occasional Buyers
14481.0,164,2,538.41,19.94111111111111,391,0.7930737311976302,-0.4287523615831239,-0.0911225370432186,1,0,0,1,At-Risk Customers
14482.0,17,6,1041.28,8.89982905982906,697,-0.8090083652124227,1.293883585900378,0.8292835050910231,0,0,1,0,Regular Average Customers
14483.0,149,2,129.2,12.919999999999998,95,0.6295959662578289,-0.4287523615831239,-0.840102107313374,1,0,0,1,At-Risk Customers
14484.0,49,1,301.76,23.212307692307693,162,-0.4602558000075132,-0.8594113484539994,-0.5242644820211817,2,0,2,2,New/Occasional Buyers
14485.0,38,1,144.35,3.2806818181818183,68,-0.5801394942967009,-0.8594113484539994,-0.812372969487825,2,0,2,2,New/Occasional Buyers
14487.0,26,6,946.33,7.393203124999999,694,-0.7109217062485419,1.293883585900378,0.655495938322979,0,0,1,0,Regular Average Customers
14488.0,50,2,697.83,16.22860465116279,570,-0.4493572823448598,-0.4287523615831239,0.2006648657388938,2,0,2,2,New/Occasional Buyers
14489.0,206,1,433.5,14.948275862068966,263,1.2508114730290738,-0.8594113484539994,-0.2831399528371679,1,0,0,1,At-Risk Customers
14491.0,174,2,220.98,18.415,126,0.9020589078241644,-0.4287523615831239,-0.6721166109682336,1,0,0,1,At-Risk Customers
14493.0,6,7,2026.63,18.42390909090909,1147,-0.9288920595016104,1.7245425727712531,2.6327756474279598,3,0,1,3,Regular Average Customers
14494.0,25,1,139.56,19.937142857142856,92,-0.7218202239111954,-0.8594113484539994,-0.821140135836629,2,0,2,2,New/Occasional Buyers
14495.0,50,2,123.8,20.633333333333333,62,-0.4493572823448598,-0.4287523615831239,-0.8499857603997082,2,0,2,2,New/Occasional Buyers
14496.0,311,2,291.92,24.326666666666668,112,2.395155827607683,-0.4287523615831239,-0.5422746943118352,1,0,0,1,At-Risk Customers
14497.0,308,1,335.52,15.977142857142857,220,2.3624602746197225,-0.8594113484539994,-0.4624733471703216,1,0,0,1,At-Risk Customers
14498.0,42,5,1519.27,8.535224719101123,904,-0.5365454236460871,0.8632245990295024,1.7041515307830433,3,0,1,3,Regular Average Customers
14499.0,25,3,768.74,4.155351351351351,491,-0.7218202239111954,0.0019066252877515,0.3304518732114792,0,0,2,0,Regular Average Customers
14500.0,87,2,218.1,54.525000000000006,52,-0.0461121288266832,-0.4287523615831239,-0.6773878926142786,2,0,2,2,New/Occasional Buyers
14501.0,183,2,251.21,25.121,161,1.0001455667880452,-0.4287523615831239,-0.6167864567460328,1,0,0,1,At-Risk Customers
14502.0,19,11,1897.83,3.272120689655172,1423,-0.7872113298871158,3.447178520254755,2.3970322182576163,3,0,3,3,Regular Average Customers
14504.0,46,4,522.21,5.615161290322581,292,-0.4929513529954735,0.432565612158627,-0.1207734963022212,0,0,2,0,Regular Average Customers
14506.0,16,5,1206.85,4.98698347107438,584,-0.8199068828750762,0.8632245990295024,1.1323272905547936,0,0,1,0,Regular Average Customers
14507.0,39,6,913.78,10.503218390804598,517,-0.5692409766340475,1.293883585900378,0.5959194738859088,0,0,1,0,Regular Average Customers
14508.0,21,2,196.0,4.083333333333333,122,-0.7654142945618091,-0.4287523615831239,-0.7178376580231651,2,0,2,2,New/Occasional Buyers
14511.0,10,6,1126.01,17.060757575757577,715,-0.8852979888509966,1.293883585900378,0.984365343240116,0,0,1,0,Regular Average Customers
14512.0,187,2,175.63,9.243684210526316,115,1.043739637438659,-0.4287523615831239,-0.7551209938321704,1,0,0,1,At-Risk Customers
14513.0,206,3,166.65,11.11,51,1.2508114730290738,0.0019066252877515,-0.7715571428535188,1,0,0,1,At-Risk Customers
14514.0,60,3,732.3,12.625862068965516,450,-0.3403721057183256,0.0019066252877515,0.2637555179399939,0,0,2,0,Regular Average Customers
14515.0,17,6,1542.51,19.043333333333333,693,-0.8090083652124227,1.293883585900378,1.7466878451768226,3,0,1,3,Regular Average Customers
14517.0,32,2,192.55,17.504545454545454,75,-0.6455306002726214,-0.4287523615831239,-0.7241522141616564,2,0,2,2,New/Occasional Buyers
14518.0,63,1,112.44,9.37,84,-0.3076765527303653,-0.8594113484539994,-0.8707780380035521,2,0,2,2,New/Occasional Buyers
14520.0,1,1,10.2,10.2,12,-0.9833846478148774,-0.8594113484539994,-1.0579085364381473,2,0,2,2,New/Occasional Buyers
14522.0,71,3,405.26,45.028888888888886,93,-0.2204884114291379,0.0019066252877515,-0.3348277978664418,2,0,2,2,New/Occasional Buyers
14523.0,107,1,160.91,17.878888888888888,106,0.1718582244263851,-0.8594113484539994,-0.7820631000230668,2,0,0,2,New/Occasional Buyers
14524.0,31,9,1438.78,8.365,639,-0.6564291179352748,2.585860546513004,1.55683019061285,3,0,3,3,Regular Average Customers
14528.0,36,1,234.84,16.774285714285714,174,-0.6019365296220077,-0.8594113484539994,-0.6467485680466425,2,0,2,2,New/Occasional Buyers
14529.0,59,3,542.96,2.5855238095238096,322,-0.351270623380979,0.0019066252877515,-0.0827946441649183,2,0,2,2,New/Occasional Buyers
14530.0,25,6,1982.45,11.59327485380117,915,-0.7218202239111954,1.293883585900378,2.5519127227327285,3,0,1,3,Regular Average Customers
14532.0,235,3,200.4,8.016,193,1.5668684852460228,0.0019066252877515,-0.7097843110639298,1,0,0,1,At-Risk Customers
14533.0,24,7,727.74,20.215,527,-0.7327187415738488,1.7245425727712531,0.2554093220004229,0,0,1,0,Regular Average Customers
14535.0,58,4,2469.58,7.992168284789644,1524,-0.3621691410436324,0.432565612158627,3.4435097464264324,3,0,1,3,Regular Average Customers
14536.0,259,1,76.0,5.846153846153846,30,1.828432909149705,-0.8594113484539994,-0.9374743932750372,1,0,0,1,At-Risk Customers
14537.0,57,1,355.56,35.556,120,-0.3730676587062859,-0.8594113484539994,-0.4257940123832589,2,0,2,2,New/Occasional Buyers
14538.0,64,2,334.35,19.66764705882353,149,-0.2967780350677119,-0.4287523615831239,-0.4646148053390273,2,0,2,2,New/Occasional Buyers
14539.0,15,2,500.32,16.677333333333333,378,-0.8308054005377296,-0.4287523615831239,-0.160838897424417,2,0,2,2,New/Occasional Buyers
14540.0,9,3,836.51,13.277936507936507,399,-0.8961965065136501,0.0019066252877515,0.4544917194449741,0,0,2,0,Regular Average Customers
14541.0,58,8,1372.05,13.451470588235294,607,-0.3621691410436324,2.155201559642129,1.434693862751538,3,0,1,3,Regular Average Customers
14542.0,185,1,103.25,20.65,19,1.021942602113352,-0.8594113484539994,-0.8875985513115914,1,0,0,1,At-Risk Customers
14544.0,23,2,1175.57,13.512298850574712,783,-0.7436172592365022,-0.4287523615831239,1.075075314899139,0,0,1,0,Regular Average Customers
14546.0,3,9,2318.41,5.959922879177378,1265,-0.9615876124895706,2.585860546513004,3.1668223691928863,3,0,3,3,Regular Average Customers
14549.0,310,1,224.98,4.4996,94,2.384257309945029,-0.8594113484539994,-0.6647953864598379,1,0,0,1,At-Risk Customers
14550.0,10,2,650.77,14.790227272727272,353,-0.8852979888509966,-0.4287523615831239,0.1145306593976177,2,0,2,2,New/Occasional Buyers
14551.0,17,2,148.23,18.52875,103,-0.8090083652124227,-0.4287523615831239,-0.8052713817146812,2,0,2,2,New/Occasional Buyers
14552.0,151,1,156.27,2.7905357142857143,89,0.6513930015831357,-0.8594113484539994,-0.7905557204528059,1,0,0,1,At-Risk Customers
14553.0,18,5,543.62,5.177333333333333,449,-0.7981098475497693,0.8632245990295024,-0.0815866421210331,0,0,1,0,Regular Average Customers
14554.0,9,4,1863.18,10.351,1137,-0.8961965065136501,0.432565612158627,2.3336121109536383,3,0,1,3,Regular Average Customers
14555.0,56,2,251.7,13.983333333333333,86,-0.3839661763689393,-0.4287523615831239,-0.6158896067437544,2,0,2,2,New/Occasional Buyers
14557.0,63,2,242.44,24.244,188,-0.3076765527303653,-0.4287523615831239,-0.6328382414806906,2,0,2,2,New/Occasional Buyers
14561.0,75,3,957.37,15.441451612903226,793,-0.1768943407785242,0.0019066252877515,0.6757025179661514,0,0,2,0,Regular Average Customers
14567.0,34,3,1252.06,39.126875,386,-0.6237335649473146,0.0019066252877515,1.2150754305609366,0,0,1,0,Regular Average Customers
14569.0,0,1,80.09,8.898888888888889,29,-0.9942831654775308,-0.8594113484539994,-0.9299884412152026,2,0,2,2,New/Occasional Buyers
14570.0,280,2,190.21,7.315769230769231,92,2.0573017800654267,-0.4287523615831239,-0.7284351304990678,1,0,0,1,At-Risk Customers
14572.0,2,8,2332.06,9.557622950819672,1141,-0.972486130152224,2.155201559642129,3.1918060478277868,3,0,1,3,Regular Average Customers
14577.0,12,4,859.71,6.989512195121952,353,-0.8635009535256898,0.432565612158627,0.4969548215936694,0,0,2,0,Regular Average Customers
14578.0,2,1,111.51,5.3100000000000005,84,-0.972486130152224,-0.8594113484539994,-0.8724802227017542,2,0,2,2,New/Occasional Buyers
14581.0,16,1,95.67,6.833571428571429,84,-0.8199068828750762,-0.8594113484539994,-0.9014722717550012,2,0,2,2,New/Occasional Buyers
14582.0,40,1,94.21,18.842,71,-0.558342458971394,-0.8594113484539994,-0.9041445187005656,2,0,2,2,New/Occasional Buyers
14583.0,5,5,799.4,2.795104895104895,668,-0.9397905771642638,0.8632245990295024,0.3865690590683325,0,0,1,0,Regular Average Customers
14584.0,168,5,812.76,8.93142857142857,359,0.8366678018482439,0.8632245990295024,0.4110219489263743,0,0,0,0,Regular Average Customers
14585.0,49,1,148.55,5.305357142857143,90,-0.4602558000075132,-0.8594113484539994,-0.8046856837540095,2,0,2,2,New/Occasional Buyers
14586.0,276,1,202.44,12.6525,328,2.0137077094148133,-0.8594113484539994,-0.706050486564648,1,0,0,1,At-Risk Customers
14587.0,18,10,1255.43,3.6284104046242778,678,-0.7981098475497693,3.0165195333838795,1.2212435622092603,3,0,3,3,Regular Average Customers
14591.0,14,4,876.86,6.089305555555556,542,-0.841703918200383,0.432565612158627,0.5283445716734162,0,0,2,0,Regular Average Customers
14592.0,34,3,516.29,3.3525324675324675,403,-0.6237335649473146,0.0019066252877515,-0.1316089085746471,2,0,2,2,New/Occasional Buyers
14593.0,21,3,450.95,3.131597222222222,315,-0.7654142945618091,0.0019066252877515,-0.2512011109192915,2,0,2,2,New/Occasional Buyers
14594.0,6,2,273.28,6.355348837209302,172,-0.9288920595016104,-0.4287523615831239,-0.5763916005209594,2,0,2,2,New/Occasional Buyers
14595.0,19,6,1524.96,16.575652173913046,887,-0.7872113298871158,1.293883585900378,1.7145659726462363,3,0,1,3,Regular Average Customers
14597.0,10,1,295.74,7.782631578947369,216,-0.8852979888509966,-0.8594113484539994,-0.5352829249063172,2,0,2,2,New/Occasional Buyers
14598.0,43,1,221.97,4.4394,189,-0.5256469059834338,-0.8594113484539994,-0.6703046079024056,2,0,2,2,New/Occasional Buyers
14600.0,305,1,236.43,15.762,107,2.3297647216317623,-0.8594113484539994,-0.6438383813045551,1,0,0,1,At-Risk Customers
14601.0,10,1,123.96,20.66,96,-0.8852979888509966,-0.8594113484539994,-0.8496929114193723,2,0,2,2,New/Occasional Buyers
14607.0,18,4,309.3,28.11818181818182,82,-0.7981098475497693,0.432565612158627,-0.5104639738228557,0,0,2,0,Regular Average Customers
14608.0,3,3,1017.15,63.571875000000006,245,-0.9615876124895706,0.0019066252877515,0.785118218244126,0,0,2,0,Regular Average Customers
14616.0,284,1,10.08,10.08,24,2.1008958507160407,-0.8594113484539994,-1.0581281731733991,1,0,0,1,At-Risk Customers
14618.0,8,4,393.99,30.30692307692308,175,-0.9070950241763036,0.432565612158627,-0.3554553479188468,0,0,2,0,Regular Average Customers
14619.0,238,2,258.76,18.482857142857146,132,1.5995640382339833,-0.4287523615831239,-0.6029676454864359,1,0,0,1,At-Risk Customers
14620.0,203,3,311.68,12.986666666666666,160,1.2181159200411136,0.0019066252877515,-0.5061078452403602,1,0,0,1,At-Risk Customers
14621.0,0,6,1480.57,17.418470588235294,882,-0.9942831654775308,1.293883585900378,1.6333186836643143,3,0,1,3,Regular Average Customers
14622.0,184,1,288.78000000000003,15.198947368421054,142,1.0110440844506987,-0.8594113484539994,-0.5480218555509258,1,0,0,1,At-Risk Customers
14623.0,31,5,688.3,5.595934959349593,355,-0.6564291179352748,0.8632245990295024,0.1832220483476407,0,0,1,0,Regular Average Customers
14624.0,56,2,225.85,17.373076923076923,162,-0.3839661763689393,-0.4287523615831239,-0.6632030201292618,2,0,2,2,New/Occasional Buyers
14625.0,184,5,651.23,15.144883720930231,307,1.0110440844506987,0.8632245990295024,0.1153726002160833,0,0,0,0,Regular Average Customers
14626.0,8,6,2014.37,18.82588785046729,1205,-0.9070950241763036,1.293883585900378,2.6103360943097265,3,0,1,3,Regular Average Customers
14627.0,311,1,-21.85,-4.37,-5,2.395155827607683,-0.8594113484539994,-1.116569847811668,1,0,0,1,At-Risk Customers
14628.0,90,2,411.71,24.218235294117648,241,-0.0134165758387229,-0.4287523615831239,-0.3230223233466536,2,0,2,2,New/Occasional Buyers
14629.0,3,3,545.11,4.36088,335,-0.9615876124895706,0.0019066252877515,-0.0788594859916556,0,0,2,0,Regular Average Customers
14631.0,50,3,722.9200000000001,20.654857142857143,426,-0.4493572823448598,0.0019066252877515,0.2465872464678061,0,0,2,0,Regular Average Customers
14632.0,262,1,79.94,13.323333333333332,46,1.8611284621376651,-0.8594113484539994,-0.9302629871342676,1,0,0,1,At-Risk Customers
14633.0,265,1,235.4,16.814285714285713,84,1.8938240151256256,-0.8594113484539994,-0.6457235966154671,1,0,0,1,At-Risk Customers
14636.0,35,2,609.85,21.780357142857145,241,-0.6128350472846611,-0.4287523615831239,0.0396345326767294,2,0,2,2,New/Occasional Buyers
14638.0,50,1,269.6,24.50909090909091,146,-0.4493572823448598,-0.8594113484539994,-0.5831271270686834,2,0,2,2,New/Occasional Buyers
14639.0,51,7,2115.32,16.78825396825397,1224,-0.4384587646822064,1.7245425727712531,2.795105497840364,3,0,1,3,Regular Average Customers
14640.0,15,8,1598.7,17.00744680851064,740,-0.8308054005377296,2.155201559642129,1.849532746458512,3,0,1,3,Regular Average Customers
14641.0,21,1,110.46,15.78,90,-0.7654142945618091,-0.8594113484539994,-0.8744020441352081,2,0,2,2,New/Occasional Buyers
14642.0,58,1,19.8,19.8,4,-0.3621691410436324,-0.8594113484539994,-1.0403375976179976,2,0,2,2,New/Occasional Buyers
14643.0,169,2,295.87,16.43722222222222,297,0.8475663195108973,-0.4287523615831239,-0.5350449851097944,1,0,0,1,At-Risk Customers
14644.0,59,3,374.52,17.834285714285716,190,-0.351270623380979,0.0019066252877515,-0.391091408213463,2,0,2,2,New/Occasional Buyers
14645.0,156,2,419.42,16.13153846153846,322,0.7058855898964028,-0.4287523615831239,-0.3089106631067209,1,0,0,1,At-Risk Customers
14647.0,200,1,236.04,8.430000000000001,91,1.1854203670531531,-0.8594113484539994,-0.6445522006941237,1,0,0,1,At-Risk Customers
14649.0,4,4,964.26,5.739642857142857,587,-0.9506890948269172,0.432565612158627,0.6883133271818631,0,0,2,0,Regular Average Customers
14651.0,66,2,560.3,6.024731182795699,335,-0.2749809997424051,-0.4287523615831239,-0.0510571359210229,2,0,2,2,New/Occasional Buyers
14652.0,76,1,94.28,3.491851851851852,51,-0.1659958231158708,-0.8594113484539994,-0.9040163972716688,2,0,2,2,New/Occasional Buyers
14653.0,0,7,1483.15,7.164975845410629,901,-0.9942831654775308,1.7245425727712531,1.6380408734722298,3,0,1,3,Regular Average Customers
14655.0,3,5,937.2,25.32972972972973,469,-0.9615876124895706,0.8632245990295024,0.638785243382566,0,0,1,0,Regular Average Customers
14656.0,168,2,240.95,3.212666666666667,115,0.8366678018482439,-0.4287523615831239,-0.6355653976100678,1,0,0,1,At-Risk Customers
14657.0,17,4,707.37,6.15104347826087,452,-0.8090083652124227,0.432565612158627,0.2181259861914175,0,0,2,0,Regular Average Customers
14658.0,4,2,110.6,5.266666666666668,35,-0.9506890948269172,-0.4287523615831239,-0.8741458012774141,2,0,2,2,New/Occasional Buyers
14659.0,8,10,2269.18,9.615169491525425,1162,-0.9070950241763036,3.0165195333838795,3.076716398555805,3,0,3,3,Regular Average Customers
14660.0,86,2,256.24,9.490370370370371,225,-0.0570106464893366,-0.4287523615831239,-0.6075800169267251,2,0,2,2,New/Occasional Buyers
14661.0,26,1,41.05,13.683333333333332,29,-0.7109217062485419,-0.8594113484539994,-1.0014435924171452,2,0,2,2,New/Occasional Buyers
14662.0,28,4,611.8,4.248611111111111,499,-0.6891246709232351,0.432565612158627,0.0432036296245722,0,0,2,0,Regular Average Customers
14664.0,19,2,566.59,6.027553191489362,458,-0.7872113298871158,-0.4287523615831239,-0.0395445103815705,2,0,2,2,New/Occasional Buyers
14665.0,60,6,1025.8,10.797894736842103,492,-0.3403721057183256,1.293883585900378,0.8009503662435316,0,0,1,0,Regular Average Customers
14666.0,23,1,175.35,13.488461538461538,159,-0.7436172592365022,-0.8594113484539994,-0.7556334795477581,2,0,2,2,New/Occasional Buyers
14669.0,241,3,1069.77,6.946558441558442,705,1.6322595912219435,0.0019066252877515,0.8814289266520717,1,0,0,1,At-Risk Customers
14670.0,279,2,384.91,3.155,325,2.046403262402773,-0.4287523615831239,-0.3720745275529052,1,0,0,1,At-Risk Customers
14672.0,234,2,578.57,11.34450980392157,337,1.5559699675833696,-0.4287523615831239,-0.0176174429789252,1,0,0,1,At-Risk Customers
14673.0,2,5,1334.64,19.92,704,-0.972486130152224,0.8632245990295024,1.366222110536767,0,0,1,0,Regular Average Customers
14675.0,15,1,428.01,4.7556666666666665,259,-0.8308054005377296,-0.8594113484539994,-0.293188333474941,2,0,2,2,New/Occasional Buyers
14676.0,30,7,697.12,46.47466666666666,274,-0.6673276355979283,1.7245425727712531,0.1993653483886535,0,0,1,0,Regular Average Customers
14681.0,70,3,120.0,40.0,32,-0.2313869290917914,0.0019066252877515,-0.8569409236826842,2,0,2,2,New/Occasional Buyers
14684.0,25,5,1141.96,2.973854166666667,815,-0.7218202239111954,0.8632245990295024,1.013558725967344,0,0,1,0,Regular Average Customers
14687.0,106,1,217.02,21.702,102,0.1609597067637317,-0.8594113484539994,-0.6793646232315455,2,0,2,2,New/Occasional Buyers
14689.0,208,1,104.85,8.737499999999999,75,1.2726085083543808,-0.8594113484539994,-0.884670061508233,1,0,0,1,At-Risk Customers
14690.0,43,3,286.31,5.843061224489796,153,-0.5256469059834338,0.0019066252877515,-0.5525427116848602,2,0,2,2,New/Occasional Buyers
14691.0,30,5,1861.94,27.790149253731343,660,-0.6673276355979283,0.8632245990295024,2.3313425313560354,3,0,1,3,Regular Average Customers
14692.0,136,5,549.05,8.194776119402984,251,0.4879152366433344,0.8632245990295024,-0.0716480798508859,0,0,0,0,Regular Average Customers
14693.0,264,1,45.4,6.485714285714286,24,1.882925497462972,-0.8594113484539994,-0.9934817607642648,1,0,0,1,At-Risk Customers
14696.0,3,9,1742.76,15.023793103448275,1223,-0.9615876124895706,2.585860546513004,2.113206647128385,3,0,3,3,Regular Average Customers
14697.0,217,2,96.56,6.035,58,1.3706951673182617,-0.4287523615831239,-0.8998432993018832,1,0,0,1,At-Risk Customers
14698.0,1,5,1049.07,5.64016129032258,585,-0.9833846478148774,0.8632245990295024,0.8435415898211237,0,0,1,0,Regular Average Customers
14699.0,213,1,109.13,13.64125,77,1.3271010966676478,-0.8594113484539994,-0.8768363512842496,1,0,0,1,At-Risk Customers
14700.0,31,3,1344.33,14.77285714285714,739,-0.6564291179352748,0.0019066252877515,1.3839577769083553,0,0,1,0,Regular Average Customers
14703.0,14,1,318.17,14.462272727272728,183,-0.841703918200383,-0.8594113484539994,-0.4942291584754881,2,0,2,2,New/Occasional Buyers
14704.0,19,7,1290.78,3.4238196286472147,996,-0.7872113298871158,1.7245425727712531,1.2859448838022074,3,0,1,3,Regular Average Customers
14708.0,2,3,496.11,21.57,297,-0.972486130152224,0.0019066252877515,-0.1685444862195035,2,0,2,2,New/Occasional Buyers
14710.0,13,4,541.63,4.134580152671756,368,-0.8526024358630364,0.432565612158627,-0.08522895131396,0,0,2,0,Regular Average Customers
14712.0,28,3,851.73,37.03173913043479,265,-0.6891246709232351,0.0019066252877515,0.4823489786994199,0,0,2,0,Regular Average Customers
14714.0,23,1,46.9,6.7,34,-0.7436172592365022,-0.8594113484539994,-0.9907363015736164,2,0,2,2,New/Occasional Buyers
14715.0,24,4,687.23,11.084354838709675,356,-0.7327187415738488,0.432565612158627,0.181263620791645,0,0,2,0,Regular Average Customers
14716.0,42,2,213.85,4.752222222222222,229,-0.5365454236460871,-0.4287523615831239,-0.685166693654449,2,0,2,2,New/Occasional Buyers
14719.0,1,5,1450.89,6.506233183856502,1011,-0.9833846478148774,0.8632245990295024,1.5789951978120182,3,0,1,3,Regular Average Customers
14720.0,5,3,443.16,17.044615384615387,198,-0.9397905771642638,0.0019066252877515,-0.2654591956493921,2,0,2,2,New/Occasional Buyers
14722.0,146,1,154.57,6.182799999999999,115,0.5969004132698686,-0.8594113484539994,-0.793667240868874,1,0,0,1,At-Risk Customers
14723.0,9,6,992.34,4.017570850202429,625,-0.8961965065136501,1.293883585900378,0.7397083232308013,0,0,1,0,Regular Average Customers
14725.0,24,1,450.83,12.523055555555556,339,-0.7327187415738488,-0.8594113484539994,-0.2514207476545433,2,0,2,2,New/Occasional Buyers
14727.0,273,1,116.03,16.575714285714287,53,1.981012156426853,-0.8594113484539994,-0.864207239007267,1,0,0,1,At-Risk Customers
14730.0,0,8,1469.07,3.4324065420560745,1038,-0.9942831654775308,2.155201559642129,1.6122701632026766,3,0,1,3,Regular Average Customers
14731.0,46,3,346.13,8.241190476190477,222,-0.4929513529954735,0.0019066252877515,-0.4430537991618019,2,0,2,2,New/Occasional Buyers
14732.0,7,10,2161.04,16.883125,1260,-0.917993541838957,3.0165195333838795,2.878787093971327,3,0,3,3,Regular Average Customers
14737.0,3,3,530.35,48.21363636363637,165,-0.9615876124895706,0.0019066252877515,-0.1058748044276359,2,0,2,2,New/Occasional Buyers
14738.0,42,7,1154.7,23.56530612244898,546,-0.5365454236460871,1.7245425727712531,1.0368768260265844,3,0,1,3,Regular Average Customers
14739.0,1,7,742.2,29.688,335,-0.9833846478148774,1.7245425727712531,0.2818755485982736,0,0,1,0,Regular Average Customers
14740.0,190,4,1268.81,14.75360465116279,717,1.0764351904266192,0.432565612158627,1.2457330581898438,0,0,0,0,Regular Average Customers
14741.0,11,6,1270.34,22.68464285714285,693,-0.8743994711883433,1.293883585900378,1.248533426564305,3,0,1,3,Regular Average Customers
14744.0,15,7,413.53,21.76473684210526,176,-0.8308054005377296,1.7245425727712531,-0.3196911661953336,0,0,1,0,Regular Average Customers
14745.0,112,5,1085.5,17.23015873015873,818,0.2263508127396523,0.8632245990295024,0.910219642031338,0,0,1,0,Regular Average Customers
14747.0,248,1,176.95000000000002,16.08636363636364,69,1.7085492148605177,-0.8594113484539994,-0.7527049897443997,1,0,0,1,At-Risk Customers
14748.0,28,6,1287.33,15.325357142857142,1022,-0.6891246709232351,1.293883585900378,1.279630327663716,3,0,1,3,Regular Average Customers
14752.0,43,1,129.0,43.0,44,-0.5256469059834338,-0.8594113484539994,-0.8404681685387938,2,0,2,2,New/Occasional Buyers
14753.0,86,1,526.75,18.8125,207,-0.0570106464893366,-0.8594113484539994,-0.1124639064851921,2,0,2,2,New/Occasional Buyers
14754.0,44,2,608.3,15.597435897435895,483,-0.5147483883207804,-0.4287523615831239,0.0367975581797259,2,0,2,2,New/Occasional Buyers
14756.0,14,1,577.36,18.0425,368,-0.841703918200383,-0.8594113484539994,-0.019832113392715,2,0,2,2,New/Occasional Buyers
14757.0,74,1,395.5,21.97222222222222,158,-0.1877928584411777,-0.8594113484539994,-0.3526915856669274,2,0,2,2,New/Occasional Buyers
14758.0,144,4,711.82,17.361463414634148,257,0.5751033779445618,0.432565612158627,0.2262708484570079,0,0,0,0,Regular Average Customers
14759.0,4,3,1073.07,15.329571428571429,513,-0.9506890948269172,0.0019066252877515,0.8874689368714982,0,0,2,0,Regular Average Customers
14760.0,293,2,53.8,7.685714285714285,28,2.1989825096799214,-0.4287523615831239,-0.9781071892966338,1,0,0,1,At-Risk Customers
14761.0,58,2,255.9,23.263636363636365,118,-0.3621691410436324,-0.4287523615831239,-0.6082023210099389,2,0,2,2,New/Occasional Buyers
14762.0,263,1,277.12,13.856,305,1.8720269798003188,-0.8594113484539994,-0.5693632249928994,1,0,0,1,At-Risk Customers
14764.0,46,1,79.8,26.6,60,-0.4929513529954735,-0.8594113484539994,-0.9305192299920614,2,0,2,2,New/Occasional Buyers
14765.0,28,3,159.76,4.564571428571428,76,-0.6891246709232351,0.0019066252877515,-0.7841679520692305,2,0,2,2,New/Occasional Buyers
14766.0,7,6,2282.42,18.114444444444445,1256,-0.917993541838957,1.293883585900378,3.100949651678596,3,0,1,3,Regular Average Customers
14768.0,16,2,192.6,38.52,52,-0.8199068828750762,-0.4287523615831239,-0.7240606988553014,2,0,2,2,New/Occasional Buyers
14770.0,231,2,622.37,15.179756097560976,431,1.5232744145954094,-0.4287523615831239,0.062549965388008,1,0,0,1,At-Risk Customers
14772.0,111,1,126.51,15.81375,81,0.2154522950769988,-0.8594113484539994,-0.8450256307952702,2,0,0,2,New/Occasional Buyers
14775.0,57,3,879.42,15.989454545454544,910,-0.3730676587062859,0.0019066252877515,0.5330301553587894,0,0,2,0,Regular Average Customers
14777.0,3,2,-17.45,-5.816666666666666,-9,-0.9615876124895706,-0.4287523615831239,-1.108516500852433,2,0,2,2,New/Occasional Buyers
14778.0,126,2,691.0600000000001,20.94121212121212,302,0.3789300600168002,-0.4287523615831239,0.188273693258434,2,0,2,2,New/Occasional Buyers
14779.0,280,3,187.55,6.251666666666667,73,2.0573017800654267,0.0019066252877515,-0.7333037447971511,1,0,0,1,At-Risk Customers
14780.0,54,2,400.88,16.0352,306,-0.4057632116942461,-0.4287523615831239,-0.3428445387031352,2,0,2,2,New/Occasional Buyers
14782.0,319,1,110.1,22.020000000000003,42,2.48234396890891,-0.8594113484539994,-0.8750609543409635,1,0,0,1,At-Risk Customers
14784.0,25,2,231.32,17.793846153846154,188,-0.7218202239111954,-0.4287523615831239,-0.6531912456140306,2,0,2,2,New/Occasional Buyers
14785.0,14,1,39.48,19.74,36,-0.841703918200383,-0.8594113484539994,-1.0043171730366904,2,0,2,2,New/Occasional Buyers
14788.0,6,2,593.82,21.207857142857144,367,-0.9288920595016104,-0.4287523615831239,0.0102947254593335,2,0,2,2,New/Occasional Buyers
14789.0,28,1,169.2,33.84,80,-0.6891246709232351,-0.8594113484539994,-0.7668898622294166,2,0,2,2,New/Occasional Buyers
14790.0,16,4,554.46,14.216923076923075,465,-0.8199068828750762,0.432565612158627,-0.0617461237032805,0,0,2,0,Regular Average Customers
14792.0,63,2,0.0,0.0,0,-0.3076765527303653,-0.4287523615831239,-1.0765776589345564,2,0,2,2,New/Occasional Buyers
14793.0,3,2,214.14,14.276,88,-0.9615876124895706,-0.4287523615831239,-0.6846359048775904,2,0,2,2,New/Occasional Buyers
14794.0,2,7,1046.16,15.161739130434784,649,-0.972486130152224,1.7245425727712531,0.8382153989912661,3,0,1,3,Regular Average Customers
14795.0,165,1,4.25,4.25,1,0.8039722488602836,-0.8594113484539994,-1.068798857894386,1,0,0,1,At-Risk Customers
14798.0,52,3,173.74,14.478333333333332,150,-0.427560247019553,0.0019066252877515,-0.7585802724123873,2,0,2,2,New/Occasional Buyers
14799.0,50,1,32.720000000000006,6.544000000000001,14,-0.4493572823448598,-0.8594113484539994,-1.0166900424558791,2,0,2,2,New/Occasional Buyers
14801.0,60,1,180.84,3.2292857142857145,172,-0.3403721057183256,-0.8594113484539994,-0.7455850989099849,2,0,2,2,New/Occasional Buyers
14803.0,161,3,279.45,7.353947368421053,208,0.7603781782096699,0.0019066252877515,-0.5650986117167589,1,0,0,1,At-Risk Customers
14804.0,8,1,224.82,24.98,108,-0.9070950241763036,-0.8594113484539994,-0.6650882354401738,2,0,2,2,New/Occasional Buyers
14805.0,14,4,296.45,10.5875,85,-0.841703918200383,0.432565612158627,-0.533983407556077,0,0,2,0,Regular Average Customers
14806.0,74,1,66.0,16.5,47,-0.1877928584411777,-0.8594113484539994,-0.9557774545460268,2,0,2,2,New/Occasional Buyers
14808.0,39,9,1265.35,6.202696078431372,1049,-0.5692409766340475,2.585860546513004,1.2394001989900814,3,0,3,3,Regular Average Customers
14810.0,40,11,2035.53,8.14212,1011,-0.558342458971394,3.447178520254755,2.64906537195914,3,0,3,3,Regular Average Customers
14815.0,36,2,737.22,14.45529411764706,624,-0.6019365296220077,-0.4287523615831239,0.2727606240853208,2,0,2,2,New/Occasional Buyers
14816.0,196,1,11.9,11.9,2,1.1418262964025396,-0.8594113484539994,-1.0547970160220792,1,0,0,1,At-Risk Customers
14817.0,199,2,962.08,16.587586206896553,583,1.1745218493905,-0.4287523615831239,0.6843232598247875,1,0,0,1,At-Risk Customers
14818.0,73,3,390.05,9.75125,193,-0.1986913761038311,0.0019066252877515,-0.3626667540596166,2,0,2,2,New/Occasional Buyers
14819.0,63,2,176.07,16.006363636363634,69,-0.3076765527303653,-0.4287523615831239,-0.7543156591362469,2,0,2,2,New/Occasional Buyers
14820.0,20,4,423.79,16.9516,243,-0.7763128122244625,0.432565612158627,-0.3009122253312985,0,0,2,0,Regular Average Customers
14823.0,179,3,217.18,3.6810169491525424,77,0.9565514961374316,0.0019066252877515,-0.6790717742512096,1,0,0,1,At-Risk Customers
14824.0,9,4,711.71,29.65458333333333,325,-0.8961965065136501,0.432565612158627,0.226069514783027,0,0,2,0,Regular Average Customers
14828.0,253,1,10.08,10.08,24,1.7630418031737844,-0.8594113484539994,-1.0581281731733991,1,0,0,1,At-Risk Customers
14829.0,28,6,627.93,14.950714285714284,358,-0.6891246709232351,1.293883585900378,0.072726467454678,0,0,1,0,Regular Average Customers
14830.0,52,1,180.63,4.7534210526315785,163,-0.427560247019553,-0.8594113484539994,-0.7459694631966757,2,0,2,2,New/Occasional Buyers
14834.0,17,8,1235.97,21.68368421052632,620,-0.8090083652124227,2.155201559642129,1.185625804975915,3,0,1,3,Regular Average Customers
14836.0,9,3,102.45,17.075,45,-0.8961965065136501,0.0019066252877515,-0.8890627962132706,2,0,2,2,New/Occasional Buyers
14837.0,89,5,1605.2,15.001869158878504,1242,-0.0243150935013763,0.8632245990295024,1.8614297362846548,3,0,1,3,Regular Average Customers
14840.0,267,1,62.85,15.7125,31,1.9156210504509323,-0.8594113484539994,-0.9615429188463884,1,0,0,1,At-Risk Customers
14842.0,34,7,2199.0,15.934782608695652,1083,-0.6237335649473146,1.7245425727712531,2.948265514556003,3,0,1,3,Regular Average Customers
14844.0,63,4,1986.51,17.896486486486488,1299,-0.3076765527303653,0.432565612158627,2.55934376560875,3,0,1,3,Regular Average Customers
14847.0,148,1,218.4,21.84,110,0.6186974485951755,-0.8594113484539994,-0.676838800776149,1,0,0,1,At-Risk Customers
14850.0,311,2,269.65,12.84047619047619,284,2.395155827607683,-0.4287523615831239,-0.5830356117623285,1,0,0,1,At-Risk Customers
14851.0,22,2,416.55,16.662,291,-0.7545157768991556,-0.4287523615831239,-0.3141636416914948,2,0,2,2,New/Occasional Buyers
14852.0,57,6,2228.74,18.728907563025214,1272,-0.3730676587062859,1.293883585900378,3.0026988187759254,3,0,1,3,Regular Average Customers
14853.0,23,2,88.5,17.7,46,-0.7436172592365022,-0.4287523615831239,-0.9145955666863006,2,0,2,2,New/Occasional Buyers
14854.0,77,8,1811.64,15.891578947368425,1399,-0.1550973054532174,2.155201559642129,2.2392781331629594,3,0,1,3,Regular Average Customers
14855.0,134,1,91.85,13.12142857142857,63,0.4661182013180275,-0.8594113484539994,-0.9084640411605192,2,0,0,2,New/Occasional Buyers
14856.0,35,3,899.09,16.055178571428574,593,-0.6128350472846611,0.0019066252877515,0.5690322768788255,0,0,2,0,Regular Average Customers
14857.0,59,3,923.7,18.851020408163265,430,-0.351270623380979,0.0019066252877515,0.6140761106667304,0,0,2,0,Regular Average Customers
14859.0,12,5,1188.84,22.43094339622641,611,-0.8635009535256898,0.8632245990295024,1.099363477205742,0,0,1,0,Regular Average Customers
14860.0,8,2,147.74,13.430909090909092,158,-0.9070950241763036,-0.4287523615831239,-0.8061682317169597,2,0,2,2,New/Occasional Buyers
14861.0,51,1,83.37,20.8425,39,-0.4384587646822064,-0.8594113484539994,-0.923985037118318,2,0,2,2,New/Occasional Buyers
14862.0,25,2,727.62,18.1905,510,-0.7218202239111954,-0.4287523615831239,0.255189685265171,2,0,2,2,New/Occasional Buyers
14863.0,28,1,266.76,24.25090909090909,132,-0.6891246709232351,-0.8594113484539994,-0.5883251964696444,2,0,2,2,New/Occasional Buyers
14865.0,6,2,43.08,14.36,60,-0.9288920595016104,-0.4287523615831239,-0.9977280709791342,2,0,2,2,New/Occasional Buyers
14866.0,10,5,310.48,12.4192,67,-0.8852979888509966,0.8632245990295024,-0.508304212592879,0,0,2,0,Regular Average Customers
14867.0,185,3,517.78,18.492142857142856,306,1.021942602113352,0.0019066252877515,-0.1288817524452696,1,0,0,1,At-Risk Customers
14869.0,3,3,595.27,9.601129032258063,466,-0.9615876124895706,0.0019066252877515,0.0129486693436268,0,0,2,0,Regular Average Customers
14870.0,261,1,327.25,25.173076923076923,119,1.850229944475012,-0.8594113484539994,-0.4776099788414298,1,0,0,1,At-Risk Customers
14871.0,2,4,501.28,5.390107526881721,179,-0.972486130152224,0.432565612158627,-0.159081803542402,0,0,2,0,Regular Average Customers
14873.0,209,1,346.93,17.3465,151,1.2835070260170345,-0.8594113484539994,-0.4415895542601227,1,0,0,1,At-Risk Customers
14875.0,8,4,780.5,20.012820512820515,344,-0.9070950241763036,0.432565612158627,0.3519762732661627,0,0,2,0,Regular Average Customers
14878.0,12,9,1259.39,10.856810344827586,661,-0.8635009535256898,2.585860546513004,1.2284915744725722,3,0,3,3,Regular Average Customers
14880.0,76,3,525.09,14.585833333333332,347,-0.1659958231158708,0.0019066252877515,-0.1155022146561763,2,0,2,2,New/Occasional Buyers
14881.0,19,1,221.2,14.746666666666666,208,-0.7872113298871158,-0.8594113484539994,-0.6717139436202719,2,0,2,2,New/Occasional Buyers
14882.0,26,2,510.2000000000001,51.02,148,-0.7109217062485419,-0.4287523615831239,-0.1427554728886794,2,0,2,2,New/Occasional Buyers
14883.0,18,7,722.8,13.9,705,-0.7981098475497693,1.7245425727712531,0.246367609732554,0,0,1,0,Regular Average Customers
14885.0,131,1,102.0,34.0,72,0.4334226483300673,-0.8594113484539994,-0.889886433970465,2,0,0,2,New/Occasional Buyers
14886.0,252,1,325.0,19.11764705882353,156,1.7521432855111312,-0.8594113484539994,-0.4817281676274024,1,0,0,1,At-Risk Customers
14888.0,206,1,369.2,18.46,184,1.2508114730290738,-0.8594113484539994,-0.4008286368096295,1,0,0,1,At-Risk Customers
14889.0,335,1,135.9,13.59,90,2.656720251511365,-0.8594113484539994,-0.8278390562618111,1,0,0,1,At-Risk Customers
14890.0,253,1,125.65,17.95,51,1.7630418031737844,-0.8594113484539994,-0.8465996940645752,1,0,0,1,At-Risk Customers
14891.0,147,2,468.1,16.717857142857145,277,0.607798930932522,-0.4287523615831239,-0.2198113608395447,1,0,2,1,At-Risk Customers
14893.0,9,2,1044.63,16.848870967741938,641,-0.8961965065136501,-0.4287523615831239,0.8354150306168048,0,0,2,0,Regular Average Customers
14894.0,84,1,614.95,27.952272727272728,217,-0.0788076818146435,-0.8594113484539994,0.048969093924934,2,0,2,2,New/Occasional Buyers
14896.0,204,2,457.82,10.90047619047619,278,1.229014437703767,-0.4287523615831239,-0.2386269078261218,1,0,0,1,At-Risk Customers
14897.0,7,4,672.58,20.381212121212123,394,-0.917993541838957,0.432565612158627,0.1544496360296456,0,0,2,0,Regular Average Customers
14898.0,22,8,829.67,8.2967,467,-0.7545157768991556,2.155201559642129,0.4419724255356173,3,0,1,3,Regular Average Customers
14901.0,10,9,1034.01,12.164823529411764,582,-0.8852979888509966,2.585860546513004,0.8159771795470139,3,0,1,3,Regular Average Customers
14902.0,20,2,281.11,12.777727272727274,205,-0.7763128122244625,-0.4287523615831239,-0.5620603035457746,2,0,2,2,New/Occasional Buyers
14903.0,20,8,2365.58,7.212134146341463,1441,-0.7763128122244625,2.155201559642129,3.2531579092081437,3,0,1,3,Regular Average Customers
14904.0,1,2,577.12,11.77795918367347,819,-0.9833846478148774,-0.4287523615831239,-0.0202713868632187,2,0,2,2,New/Occasional Buyers
14905.0,153,3,355.1,23.673333333333336,178,0.6731900369084426,0.0019066252877515,-0.4266359532017243,1,0,0,1,At-Risk Customers
14908.0,73,1,135.3,22.55,86,-0.1986913761038311,-0.8594113484539994,-0.8289372399380704,2,0,2,2,New/Occasional Buyers
14910.0,2,7,350.06,11.668666666666669,217,-0.972486130152224,1.7245425727712531,-0.435860696082303,0,0,1,0,Regular Average Customers
14912.0,16,2,323.77,20.235625,215,-0.8199068828750762,-0.4287523615831239,-0.4839794441637341,2,0,2,2,New/Occasional Buyers
14913.0,35,4,995.12,13.821111111111112,1056,-0.6128350472846611,0.432565612158627,0.7447965742641363,0,0,2,0,Regular Average Customers
14915.0,85,3,233.33,19.444166666666668,103,-0.06790916415199,0.0019066252877515,-0.6495123302985617,2,0,2,2,New/Occasional Buyers
14916.0,70,5,1161.57,16.360140845070422,899,-0.2313869290917914,0.8632245990295024,1.049451029119754,0,0,1,0,Regular Average Customers
14918.0,115,2,1308.89,33.561282051282056,589,0.2590463657276126,-0.4287523615831239,1.319091727763969,0,0,0,0,Regular Average Customers
14920.0,212,2,780.25,16.96195652173913,409,1.3162025790049945,-0.4287523615831239,0.3515186967343879,1,0,0,1,At-Risk Customers
14921.0,29,2,1255.23,16.7364,845,-0.6782261532605817,-0.4287523615831239,1.2208775009838404,0,0,1,0,Regular Average Customers
14923.0,50,1,629.6,17.01621621621622,360,-0.4493572823448598,-0.8594113484539994,0.0757830786869333,2,0,2,2,New/Occasional Buyers
14924.0,245,1,168.05,21.00625,61,1.6758536618725572,-0.8594113484539994,-0.7689947142755803,1,0,0,1,At-Risk Customers
14929.0,31,1,172.88,17.288,130,-0.6564291179352748,-0.8594113484539994,-0.7601543356816924,2,0,2,2,New/Occasional Buyers
14930.0,108,3,1503.61,16.34358695652174,1032,0.1827567420890386,0.0019066252877515,1.6754889368326742,0,0,0,0,Regular Average Customers
14931.0,4,4,790.88,21.968888888888888,406,-0.9506890948269172,0.432565612158627,0.3709748508654497,0,0,2,0,Regular Average Customers
14934.0,72,3,1244.49,18.03608695652174,698,-0.2095898937664845,0.0019066252877515,1.2012200131787978,0,0,1,0,Regular Average Customers
14937.0,56,3,1154.43,36.0759375,387,-0.3839661763689393,0.0019066252877515,1.0363826433722678,0,0,1,0,Regular Average Customers
14946.0,13,1,100.9,33.63333333333333,22,-0.8526024358630364,-0.8594113484539994,-0.8918997707102739,2,0,2,2,New/Occasional Buyers
14947.0,71,2,275.82,21.21692307692308,178,-0.2204884114291379,-0.4287523615831239,-0.571742622958128,2,0,2,2,New/Occasional Buyers
14948.0,22,7,891.71,15.374310344827586,613,-0.7545157768991556,1.7245425727712531,0.5555246176608354,0,0,1,0,Regular Average Customers
14950.0,18,1,243.5,20.291666666666668,122,-0.7981098475497693,-0.8594113484539994,-0.6308981169859657,2,0,2,2,New/Occasional Buyers
14951.0,78,1,259.52,14.417777777777776,260,-0.144198787790564,-0.8594113484539994,-0.6015766128298408,2,0,2,2,New/Occasional Buyers
14953.0,24,1,202.59,4.134489795918367,144,-0.7327187415738488,-0.8594113484539994,-0.705775940645583,2,0,2,2,New/Occasional Buyers
14954.0,11,1,186.2,2.698550724637681,107,-0.8743994711883433,-0.8594113484539994,-0.7357746580687347,2,0,2,2,New/Occasional Buyers
14957.0,252,1,58.49,4.8741666666666665,34,1.7521432855111312,-0.8594113484539994,-0.9695230535605396,1,0,0,1,At-Risk Customers
14958.0,146,3,213.88,7.375172413793103,105,0.5969004132698686,0.0019066252877515,-0.6851117844706361,1,0,0,1,At-Risk Customers
14959.0,58,5,607.04,10.466206896551723,456,-0.3621691410436324,0.8632245990295024,0.0344913724595813,0,0,2,0,Regular Average Customers
14960.0,7,2,188.12,7.838333333333334,140,-0.917993541838957,-0.4287523615831239,-0.7322604703047046,2,0,2,2,New/Occasional Buyers
14962.0,270,1,14.85,14.85,3,1.9483166034388928,-0.8594113484539994,-1.0493976129471372,1,0,0,1,At-Risk Customers
14963.0,9,5,983.63,5.685722543352601,690,-0.8961965065136501,0.8632245990295024,0.7237663568637694,0,0,1,0,Regular Average Customers
14964.0,246,1,81.75,8.175,45,1.6867521795352105,-0.8594113484539994,-0.9269501330442184,1,0,0,1,At-Risk Customers
14965.0,95,1,461.64,5.918461538461538,350,0.0410760124745441,-0.8594113484539994,-0.2316351384206038,2,0,2,2,New/Occasional Buyers
14966.0,14,1,167.9,4.797142857142857,143,-0.841703918200383,-0.8594113484539994,-0.7692692601946453,2,0,2,2,New/Occasional Buyers
14967.0,49,1,139.8,34.95,60,-0.4602558000075132,-0.8594113484539994,-0.8207008623661253,2,0,2,2,New/Occasional Buyers
14968.0,29,1,139.09,3.863611111111111,126,-0.6782261532605817,-0.8594113484539994,-0.8220003797163654,2,0,2,2,New/Occasional Buyers
14970.0,67,4,1465.51,50.534827586206895,235,-0.2640824820797516,0.432565612158627,1.6057542733902046,0,0,1,0,Regular Average Customers
14971.0,34,3,808.7,5.902919708029198,453,-0.6237335649473146,0.0019066252877515,0.4035909060503528,0,0,2,0,Regular Average Customers
14972.0,127,1,53.47,4.113076923076923,22,0.3898285776794536,-0.8594113484539994,-0.9787111903185765,2,0,0,2,New/Occasional Buyers
14973.0,106,3,465.4,18.616,354,0.1609597067637317,0.0019066252877515,-0.2247531873827118,2,0,0,2,New/Occasional Buyers
14974.0,36,1,79.99000000000001,4.999375000000001,36,-0.6019365296220077,-0.8594113484539994,-0.9301714718279126,2,0,2,2,New/Occasional Buyers
14975.0,56,1,38.65,9.6625,23,-0.3839661763689393,-0.8594113484539994,-1.0058363271221826,2,0,2,2,New/Occasional Buyers
14976.0,56,7,600.0600000000001,9.3759375,215,-0.3839661763689393,1.7245425727712531,0.0217158356924309,0,0,1,0,Regular Average Customers
14978.0,71,5,1079.27,6.874331210191083,422,-0.2204884114291379,0.8632245990295024,0.8988168348595116,0,0,1,0,Regular Average Customers
14981.0,245,1,102.12,12.765,97,1.6758536618725572,-0.8594113484539994,-0.8896667972352131,1,0,0,1,At-Risk Customers
14984.0,18,2,89.57000000000001,3.198928571428572,46,-0.7981098475497693,-0.4287523615831239,-0.9126371391303048,2,0,2,2,New/Occasional Buyers
14985.0,197,2,263.34,3.251111111111111,207,1.1527248140651931,-0.4287523615831239,-0.5945848434243228,1,0,0,1,At-Risk Customers
14988.0,211,1,305.29,8.033947368421053,138,1.305304061342341,-0.8594113484539994,-0.5178035013925224,1,0,0,1,At-Risk Customers
14995.0,38,2,203.43,3.568947368421053,99,-0.5801394942967009,-0.4287523615831239,-0.70423848349882,2,0,2,2,New/Occasional Buyers
14997.0,45,3,234.32,21.30181818181818,244,-0.5038498706581269,0.0019066252877515,-0.6477003272327339,2,0,2,2,New/Occasional Buyers
14998.0,169,2,341.87,4.883857142857143,251,0.8475663195108973,-0.4287523615831239,-0.4508509032632433,1,0,0,1,At-Risk Customers
15000.0,47,1,443.42,5.992162162162162,180,-0.4820528353328201,-0.8594113484539994,-0.2649833160563464,2,0,2,2,New/Occasional Buyers
15002.0,115,4,1525.66,13.744684684684684,776,0.2590463657276126,0.432565612158627,1.7158471869352057,0,0,1,0,Regular Average Customers
15004.0,146,1,823.6,6.100740740740741,506,0.5969004132698686,-0.8594113484539994,0.4308624673441268,1,0,2,1,At-Risk Customers
15006.0,50,1,434.98,3.39828125,281,-0.4493572823448598,-0.8594113484539994,-0.2804310997690614,2,0,2,2,New/Occasional Buyers
15007.0,158,1,146.96,13.36,68,0.7276826252217097,-0.8594113484539994,-0.8075958704960968,1,0,0,1,At-Risk Customers
15009.0,11,3,1159.28,6.74,630,-0.8743994711883433,0.0019066252877515,1.0452596280886974,0,0,1,0,Regular Average Customers
15010.0,35,1,263.19,15.481764705882354,179,-0.6128350472846611,-0.8594113484539994,-0.5948593893433876,2,0,2,2,New/Occasional Buyers
15012.0,53,2,343.19,2.958534482758621,219,-0.4166617293568995,-0.4287523615831239,-0.4484348991754727,2,0,2,2,New/Occasional Buyers
15014.0,42,2,175.17000000000002,5.4740625000000005,99,-0.5365454236460871,-0.4287523615831239,-0.7559629346506359,2,0,2,2,New/Occasional Buyers
15016.0,172,1,100.24,7.160000000000001,68,0.8802618724988576,-0.8594113484539994,-0.8931077727541591,1,0,0,1,At-Risk Customers
15017.0,33,1,115.63,6.08578947368421,62,-0.634632082609968,-0.8594113484539994,-0.8649393614581066,2,0,2,2,New/Occasional Buyers
15018.0,38,3,275.36,13.112380952380953,173,-0.5801394942967009,0.0019066252877515,-0.5725845637765935,2,0,2,2,New/Occasional Buyers
15019.0,266,1,225.86,3.5290625,147,1.904722532788279,-0.8594113484539994,-0.6631847170679909,1,0,0,1,At-Risk Customers
15022.0,11,3,737.67,6.414521739130435,483,-0.8743994711883433,0.0019066252877515,0.2735842618425152,0,0,2,0,Regular Average Customers
15024.0,9,9,1470.33,10.891333333333332,883,-0.8961965065136501,2.585860546513004,1.614576348922821,3,0,3,3,Regular Average Customers
15025.0,32,1,342.06,5.2624615384615385,182,-0.6455306002726214,-0.8594113484539994,-0.4505031450990945,2,0,2,2,New/Occasional Buyers
15026.0,79,3,343.75,6.030701754385965,211,-0.1333002701279106,0.0019066252877515,-0.4474099277442973,2,0,2,2,New/Occasional Buyers
15027.0,30,5,514.9,19.803846153846152,312,-0.6673276355979283,0.8632245990295024,-0.1341530340913146,0,0,1,0,Regular Average Customers
15028.0,7,4,520.84,12.112558139534883,354,-0.917993541838957,0.432565612158627,-0.1232810156963468,0,0,2,0,Regular Average Customers
15030.0,267,1,20.4,20.4,24,1.9156210504509323,-0.8594113484539994,-1.0392394139417382,1,0,0,1,At-Risk Customers
15031.0,3,4,468.34,4.683400000000001,289,-0.9615876124895706,0.432565612158627,-0.2193720873690409,0,0,2,0,Regular Average Customers
15032.0,255,2,315.25,11.675925925925926,165,1.7848388384990914,-0.4287523615831239,-0.499573652366617,1,0,0,1,At-Risk Customers
15033.0,4,11,2271.5,4.654713114754099,1576,-0.9506890948269172,3.447178520254755,3.0809627087706755,3,0,3,3,Regular Average Customers
15035.0,89,1,227.29,9.0916,101,-0.0243150935013763,-0.8594113484539994,-0.6605673793062393,2,0,2,2,New/Occasional Buyers
15036.0,71,3,341.11,3.045625,249,-0.2204884114291379,0.0019066252877515,-0.4522419359198385,2,0,2,2,New/Occasional Buyers
15038.0,42,7,366.14,3.625148514851485,167,-0.5365454236460871,1.7245425727712531,-0.4064293735585522,0,0,1,0,Regular Average Customers
15041.0,169,1,151.48,2.366875,100,0.8475663195108973,-0.8594113484539994,-0.7993228868016097,1,0,0,1,At-Risk Customers
15042.0,198,1,46.68,15.56,20,1.1636233317278466,-0.8594113484539994,-0.9911389689215782,1,0,0,1,At-Risk Customers
15045.0,151,1,60.06,15.015,42,0.6513930015831357,-0.8594113484539994,-0.9666494729409943,1,0,0,1,At-Risk Customers
15047.0,269,1,329.7,15.7,174,1.9374180857762395,-0.8594113484539994,-0.4731257288300374,1,0,0,1,At-Risk Customers
15048.0,64,5,277.82,3.2304651162790696,168,-0.2967780350677119,0.8632245990295024,-0.5680820107039302,0,0,2,0,Regular Average Customers
15049.0,273,1,40.05,20.025,15,1.981012156426853,-0.8594113484539994,-1.0032738985442442,1,0,0,1,At-Risk Customers
15050.0,24,3,982.29,16.3715,616,-0.7327187415738488,0.0019066252877515,0.7213137466534568,0,0,2,0,Regular Average Customers
15051.0,22,3,1186.13,8.851716417910449,809,-0.7545157768991556,0.0019066252877515,1.0944033476013042,0,0,1,0,Regular Average Customers
15052.0,318,1,127.83,4.734444444444445,77,2.471445451246257,-0.8594113484539994,-0.8426096267074995,1,0,0,1,At-Risk Customers
15053.0,4,3,519.59,8.659833333333333,396,-0.9506890948269172,0.0019066252877515,-0.1255688983552204,2,0,2,2,New/Occasional Buyers
15054.0,11,2,277.95,2.4816964285714285,195,-0.8743994711883433,-0.4287523615831239,-0.5678440709074073,2,0,2,2,New/Occasional Buyers
15057.0,274,2,807.0,50.4375,332,1.9919106740895065,-0.4287523615831239,0.4004793856342845,1,0,0,1,At-Risk Customers
15058.0,24,11,1836.89,7.4975102040816335,1000,-0.7327187415738488,3.447178520254755,2.285493362872207,3,0,3,3,Regular Average Customers
15059.0,40,11,1045.97,4.79802752293578,492,-0.558342458971394,3.447178520254755,0.8378676408271172,3,0,3,3,Regular Average Customers
15060.0,7,4,268.75,2.3783185840707963,255,-0.917993541838957,0.432565612158627,-0.5846828872767175,0,0,2,0,Regular Average Customers
15062.0,70,4,912.38,17.54576923076923,583,-0.2313869290917914,0.432565612158627,0.5933570453079703,0,0,2,0,Regular Average Customers
15063.0,212,1,70.19999999999999,35.099999999999994,36,1.3162025790049945,-0.8594113484539994,-0.9480901688122112,1,0,0,1,At-Risk Customers
15065.0,37,5,2232.36,17.717142857142857,1254,-0.5910380119593543,0.8632245990295024,3.009324526956024,3,0,1,3,Regular Average Customers
15066.0,31,2,635.29,15.88225,279,-0.6564291179352748,-0.4287523615831239,0.0861975205501262,2,0,2,2,New/Occasional Buyers
15067.0,77,3,1277.2,18.24571428571429,702,-0.1550973054532174,0.0019066252877515,1.261089326596204,0,0,1,0,Regular Average Customers
15068.0,45,2,453.45,4.7234375,307,-0.5038498706581269,-0.4287523615831239,-0.2466253456015441,2,0,2,2,New/Occasional Buyers
15069.0,178,1,825.48,15.286666666666669,488,0.945652978474778,-0.8594113484539994,0.4343034428630729,1,0,0,1,At-Risk Customers
15071.0,93,2,601.82,31.674736842105265,190,0.0192789771492372,-0.4287523615831239,0.024937174476125,2,0,2,2,New/Occasional Buyers
15073.0,9,4,612.43,8.05828947368421,277,-0.8961965065136501,0.432565612158627,0.0443567224846445,0,0,2,0,Regular Average Customers
15074.0,104,1,735.67,17.943170731707315,431,0.1391626714384249,-0.8594113484539994,0.2699236495883174,2,0,2,2,New/Occasional Buyers
15075.0,77,1,496.78,23.656190476190478,274,-0.1550973054532174,-0.8594113484539994,-0.1673181811143473,2,0,2,2,New/Occasional Buyers
15076.0,172,1,771.3,17.529545454545453,562,0.8802618724988576,-0.8594113484539994,0.3351374568968524,1,0,0,1,At-Risk Customers
15079.0,212,4,608.61,13.832045454545456,321,1.3162025790049945,0.432565612158627,0.0373649530791267,1,0,0,1,At-Risk Customers
15081.0,21,6,371.2,13.748148148148148,177,-0.7654142945618091,1.293883585900378,-0.3971680245554316,0,0,1,0,Regular Average Customers
15083.0,256,1,62.7,20.9,36,1.795737356161745,-0.8594113484539994,-0.961817464765453,1,0,0,1,At-Risk Customers
15087.0,281,1,220.06,16.927692307692308,134,2.0682002977280805,-0.8594113484539994,-0.6738004926051647,1,0,0,1,At-Risk Customers
15088.0,20,3,821.57,17.480212765957447,429,-0.7763128122244625,0.0019066252877515,0.427146945906116,0,0,2,0,Regular Average Customers
15089.0,9,6,1906.61,15.012677165354331,1278,-0.8961965065136501,1.293883585900378,2.413102306053545,3,0,1,3,Regular Average Customers
15090.0,307,1,263.12,15.47764705882353,160,2.3515617569570693,-0.8594113484539994,-0.5949875107722845,1,0,0,1,At-Risk Customers
15091.0,53,2,442.96,14.765333333333333,339,-0.4166617293568995,-0.4287523615831239,-0.265825256874812,2,0,2,2,New/Occasional Buyers
15092.0,214,2,279.61,17.475625,115,1.3379996143303012,-0.4287523615831239,-0.564805762736423,1,0,0,1,At-Risk Customers
15093.0,17,9,1795.6,24.93888888888889,942,-0.8090083652124227,2.585860546513004,2.209920022884293,3,0,3,3,Regular Average Customers
15095.0,103,5,790.84,22.59542857142857,412,0.1282641537757715,0.8632245990295024,0.3709016386203658,0,0,0,0,Regular Average Customers
15096.0,42,1,206.89,20.689,119,-0.5365454236460871,-0.8594113484539994,-0.6979056242990577,2,0,2,2,New/Occasional Buyers
15097.0,3,1,215.08,9.351304347826089,166,-0.9615876124895706,-0.8594113484539994,-0.6829154171181173,2,0,2,2,New/Occasional Buyers
15099.0,83,1,238.7,13.261111111111113,113,-0.0897061994772969,-0.8594113484539994,-0.6396835863960404,2,0,2,2,New/Occasional Buyers
15101.0,8,3,112.63,18.77166666666667,35,-0.9070950241763036,0.0019066252877515,-0.8704302798394034,2,0,2,2,New/Occasional Buyers
15103.0,30,2,573.46,17.920625,325,-0.6673276355979283,-0.4287523615831239,-0.0269703072884008,2,0,2,2,New/Occasional Buyers
15104.0,196,2,571.49,12.98840909090909,548,1.1418262964025396,-0.4287523615831239,-0.0305760103587857,1,0,0,1,At-Risk Customers
15105.0,17,7,1728.99,18.591290322580644,1001,-0.8090083652124227,1.7245425727712531,2.088003331758232,3,0,1,3,Regular Average Customers
15106.0,17,5,1235.45,14.039204545454544,988,-0.8090083652124227,0.8632245990295024,1.1846740457898235,0,0,1,0,Regular Average Customers
15107.0,333,3,104.1,14.871428571428572,70,2.634923216186058,0.0019066252877515,-0.8860427911035572,1,0,0,1,At-Risk Customers
15108.0,141,4,975.05,20.31354166666667,471,0.5424078249566016,0.432565612158627,0.7080623302932607,0,0,0,0,Regular Average Customers
15109.0,240,2,318.7,14.486363636363636,114,1.62136107355929,-0.4287523615831239,-0.4932590962281257,1,0,0,1,At-Risk Customers
15110.0,23,6,606.0,21.642857142857142,220,-0.7436172592365022,1.293883585900378,0.0325878540873984,0,0,1,0,Regular Average Customers
15111.0,28,3,1339.68,18.60666666666667,684,-0.6891246709232351,0.0019066252877515,1.3754468534173456,0,0,1,0,Regular Average Customers
15113.0,9,3,1590.19,25.241111111111117,744,-0.8961965065136501,0.0019066252877515,1.8339568413169,0,0,1,0,Regular Average Customers
15115.0,17,1,238.81,13.267222222222223,147,-0.8090083652124227,-0.8594113484539994,-0.6394822527220596,2,0,2,2,New/Occasional Buyers
15116.0,17,4,1092.68,26.650731707317075,497,-0.8090083652124227,0.432565612158627,0.9233612400239084,0,0,1,0,Regular Average Customers
15117.0,14,6,1145.08,15.474054054054053,842,-0.841703918200383,1.293883585900378,1.0192692810838926,0,0,1,0,Regular Average Customers
15119.0,245,1,162.8,16.28,82,1.6758536618725572,-0.8594113484539994,-0.7786038214428497,1,0,0,1,At-Risk Customers
15120.0,129,2,229.4,13.494117647058824,238,0.4116256130047604,-0.4287523615831239,-0.6567054333780606,2,0,0,2,New/Occasional Buyers
15121.0,49,2,399.07,15.9628,195,-0.4602558000075132,-0.4287523615831239,-0.3461573927931842,2,0,2,2,New/Occasional Buyers
15122.0,84,6,1264.63,17.089594594594598,679,-0.0788076818146435,1.293883585900378,1.2380823785785706,3,0,1,3,Regular Average Customers
15123.0,6,2,1818.63,19.76771739130435,969,-0.9288920595016104,-0.4287523615831239,2.2520719729913803,0,0,1,0,Regular Average Customers
15124.0,22,2,126.5,11.5,134,-0.7545157768991556,-0.4287523615831239,-0.8450439338565411,2,0,2,2,New/Occasional Buyers
15127.0,65,1,346.53,23.102,203,-0.2858795174050585,-0.8594113484539994,-0.4423216767109623,2,0,2,2,New/Occasional Buyers
15128.0,59,7,1264.78,12.905918367346938,987,-0.351270623380979,1.7245425727712531,1.2383569244976351,3,0,1,3,Regular Average Customers
15129.0,49,10,1583.27,24.73859375,858,-0.4602558000075132,3.0165195333838795,1.8212911229173752,3,0,3,3,Regular Average Customers
15130.0,169,1,330.11,15.005,197,0.8475663195108973,-0.8594113484539994,-0.4723753033179268,1,0,0,1,At-Risk Customers
15132.0,17,5,791.69,16.156938775510206,507,-0.8090083652124227,0.8632245990295024,0.3724573988283999,0,0,1,0,Regular Average Customers
15133.0,127,3,584.1800000000001,27.818095238095243,286,0.3898285776794536,0.0019066252877515,-0.0073494256059001,2,0,0,2,New/Occasional Buyers
15134.0,14,8,1299.55,18.83405797101449,683,-0.841703918200383,2.155201559642129,1.3019966685368651,3,0,1,3,Regular Average Customers
15135.0,232,2,127.15,12.715,41,1.5341729322580626,-0.4287523615831239,-0.8438542348739269,1,0,0,1,At-Risk Customers
15136.0,2,5,1230.25,18.091911764705884,739,-0.972486130152224,0.8632245990295024,1.175156453928909,0,0,1,0,Regular Average Customers
15139.0,239,2,169.84,14.153333333333334,160,1.6104625558966366,-0.4287523615831239,-0.7657184663080732,1,0,0,1,At-Risk Customers
15140.0,51,8,1599.76,24.23878787878788,783,-0.4384587646822064,2.155201559642129,1.8514728709532369,3,0,1,3,Regular Average Customers
15142.0,45,1,430.52,19.569090909090907,311,-0.5038498706581269,-0.8594113484539994,-0.2885942650959227,2,0,2,2,New/Occasional Buyers
15143.0,225,1,239.55,18.42692307692308,148,1.457883308619489,-0.8594113484539994,-0.6381278261880065,1,0,0,1,At-Risk Customers
15145.0,3,4,921.73,16.758727272727274,695,-0.9615876124895706,0.432565612158627,0.6104704075963454,0,0,2,0,Regular Average Customers
15146.0,164,3,1151.02,12.789111111111112,1252,0.7930737311976302,0.0019066252877515,1.0301412994788604,0,0,0,0,Regular Average Customers
15147.0,218,2,367.15,15.963043478260868,305,1.381593684980915,-0.4287523615831239,-0.4045807643701823,1,0,0,1,At-Risk Customers
15148.0,10,1,301.29,15.0645,187,-0.8852979888509966,-0.8594113484539994,-0.5251247259009181,2,0,2,2,New/Occasional Buyers
15149.0,133,1,327.45000000000005,25.188461538461542,75,0.4552196836553741,-0.8594113484539994,-0.4772439176160099,2,0,0,2,New/Occasional Buyers
15153.0,30,1,251.82,13.99,122,-0.6673276355979283,-0.8594113484539994,-0.6156699700085025,2,0,2,2,New/Occasional Buyers
15154.0,73,2,153.28,2.2877611940298506,78,-0.1986913761038311,-0.4287523615831239,-0.7960283357728316,2,0,2,2,New/Occasional Buyers
15156.0,0,3,762.39,15.558979591836737,579,-0.9942831654775308,0.0019066252877515,0.3188294293044009,0,0,2,0,Regular Average Customers
15157.0,3,4,1399.51,13.202924528301889,1591,-0.9615876124895706,0.432565612158627,1.4849540690016747,0,0,1,0,Regular Average Customers
15158.0,44,1,119.76,29.94,96,-0.5147483883207804,-0.8594113484539994,-0.8573801971531879,2,0,2,2,New/Occasional Buyers
15163.0,17,2,278.77,10.324814814814816,154,-0.8090083652124227,-0.4287523615831239,-0.5663432198831863,2,0,2,2,New/Occasional Buyers
15164.0,68,3,759.08,7.990315789473684,345,-0.2531839644170982,0.0019066252877515,0.3127711160237036,0,0,2,0,Regular Average Customers
15167.0,320,1,134.4,3.6324324324324326,62,2.493242486571564,-0.8594113484539994,-0.8305845154524596,1,0,0,1,At-Risk Customers
15168.0,25,1,58.86,14.715,46,-0.7218202239111954,-0.8594113484539994,-0.9688458402935132,2,0,2,2,New/Occasional Buyers
15172.0,8,5,1385.88,14.287422680412371,1163,-0.9070950241763036,0.8632245990295024,1.4600069964893163,0,0,1,0,Regular Average Customers
15174.0,322,1,120.63,12.063,109,2.5150395218968704,-0.8594113484539994,-0.8557878308226119,1,0,0,1,At-Risk Customers
15175.0,71,1,212.5,10.11904761904762,338,-0.2204884114291379,-0.8594113484539994,-0.6876376069260326,2,0,2,2,New/Occasional Buyers
15178.0,259,1,40.5,13.5,30,1.828432909149705,-0.8594113484539994,-1.0024502607870496,1,0,0,1,At-Risk Customers
15179.0,17,5,1529.54,20.12552631578947,993,-0.8090083652124227,0.8632245990295024,1.7229487747083492,3,0,1,3,Regular Average Customers
15181.0,65,5,185.8,16.89090909090909,202,-0.2858795174050585,0.8632245990295024,-0.7365067805195743,0,0,2,0,Regular Average Customers
15182.0,153,2,605.85,21.6375,251,0.6731900369084426,-0.4287523615831239,0.0323133081683336,1,0,2,1,At-Risk Customers
15184.0,28,2,283.45,5.153636363636363,188,-0.6891246709232351,-0.4287523615831239,-0.5577773872083632,2,0,2,2,New/Occasional Buyers
15185.0,69,1,139.92000000000002,9.994285714285716,264,-0.2422854467544448,-0.8594113484539994,-0.8204812256308733,2,0,2,2,New/Occasional Buyers
15186.0,13,2,349.85,21.865625,163,-0.8526024358630364,-0.4287523615831239,-0.4362450603689938,2,0,2,2,New/Occasional Buyers
15192.0,119,3,618.6,16.278947368421054,528,0.3026404363782262,0.0019066252877515,0.0556497112888451,0,0,0,0,Regular Average Customers
15193.0,60,1,336.95,30.63181818181818,81,-0.3403721057183256,-0.8594113484539994,-0.4598560094085701,2,0,2,2,New/Occasional Buyers
15197.0,8,4,447.34,14.43032258064516,379,-0.9070950241763036,0.432565612158627,-0.2578085160381186,0,0,2,0,Regular Average Customers
15198.0,91,2,193.64,19.364,120,-0.0025180581760695,-0.4287523615831239,-0.7221571804831186,2,0,2,2,New/Occasional Buyers
15199.0,58,4,418.7000000000001,52.337500000000006,86,-0.3621691410436324,0.432565612158627,-0.310228483518232,0,0,2,0,Regular Average Customers
15201.0,78,11,951.78,10.345434782608695,1043,-0.144198787790564,3.447178520254755,0.6654711067156683,3,0,3,3,Regular Average Customers
15203.0,25,6,1757.4,12.827737226277373,1523,-0.7218202239111954,1.293883585900378,2.140002328829113,3,0,1,3,Regular Average Customers
15205.0,84,3,420.84,13.57548387096774,324,-0.0788076818146435,0.0019066252877515,-0.3063116284062405,2,0,2,2,New/Occasional Buyers
15206.0,9,4,420.3,46.7,162,-0.8961965065136501,0.432565612158627,-0.3072999937148739,0,0,2,0,Regular Average Customers
15208.0,0,6,440.07,16.29888888888889,267,-0.9942831654775308,1.293883585900378,-0.2711148415821279,0,0,1,0,Regular Average Customers
15210.0,224,1,211.2,13.2,130,1.4469847909568354,-0.8594113484539994,-0.6900170048912613,1,0,0,1,At-Risk Customers
15211.0,59,2,670.9100000000001,16.36365853658537,221,-0.351270623380979,-0.4287523615831239,0.1513930247973905,2,0,2,2,New/Occasional Buyers
15212.0,238,2,59.1,11.82,30,1.5995640382339833,-0.4287523615831239,-0.9684065668230092,1,0,0,1,At-Risk Customers
15213.0,318,3,325.05,13.002,270,2.471445451246257,0.0019066252877515,-0.4816366523210474,1,0,0,1,At-Risk Customers
15214.0,1,8,1497.14,14.823168316831683,1122,-0.9833846478148774,2.155201559642129,1.663646856190344,3,0,1,3,Regular Average Customers
15215.0,44,4,481.09,17.181785714285716,197,-0.5147483883207804,0.432565612158627,-0.1960356842485295,0,0,2,0,Regular Average Customers
15216.0,87,1,33.0,33.0,20,-0.0461121288266832,-0.8594113484539994,-1.0161775567402915,2,0,2,2,New/Occasional Buyers
15219.0,175,1,152.8,50.93333333333334,32,0.9129574254868178,-0.8594113484539994,-0.796906882713839,1,0,0,1,At-Risk Customers
15220.0,51,7,1540.41,14.263055555555557,1006,-0.4384587646822064,1.7245425727712531,1.7428442023099149,3,0,1,3,Regular Average Customers
15223.0,225,3,269.3,10.357692307692307,118,1.457883308619489,0.0019066252877515,-0.5836762189068131,1,0,0,1,At-Risk Customers
15225.0,233,1,344.70000000000005,18.142105263157895,218,1.545071449920716,-0.8594113484539994,-0.4456711369235532,1,0,0,1,At-Risk Customers
15226.0,310,1,128.91,18.415714285714284,69,2.384257309945029,-0.8594113484539994,-0.8406328960902327,1,0,0,1,At-Risk Customers
15227.0,36,5,891.78,19.81733333333333,528,-0.6019365296220077,0.8632245990295024,0.5556527390897322,0,0,1,0,Regular Average Customers
15228.0,65,5,2327.8,22.6,1148,-0.2858795174050585,0.8632245990295024,3.184008943726346,3,0,1,3,Regular Average Customers
15230.0,238,2,429.6,18.678260869565214,351,1.5995640382339833,-0.4287523615831239,-0.2902781467328537,1,0,0,1,At-Risk Customers
15232.0,112,2,358.06,16.275454545454547,406,0.2263508127396523,-0.4287523615831239,-0.4212182470655116,2,0,0,2,New/Occasional Buyers
15234.0,276,1,187.88,14.452307692307691,148,2.0137077094148133,-0.8594113484539994,-0.7326997437752084,1,0,0,1,At-Risk Customers
15236.0,298,1,321.05,21.40333333333333,269,2.253475097993189,-0.8594113484539994,-0.4889578768294432,1,0,0,1,At-Risk Customers
15237.0,1,4,1252.38,13.915333333333336,1019,-0.9833846478148774,0.432565612158627,1.2156611285216086,0,0,1,0,Regular Average Customers
15238.0,28,5,731.78,15.569787234042552,520,-0.6891246709232351,0.8632245990295024,0.2628037587539025,0,0,1,0,Regular Average Customers
15239.0,9,3,733.42,14.668399999999998,541,-0.8961965065136501,0.0019066252877515,0.2658054608023447,0,0,2,0,Regular Average Customers
15240.0,44,7,1147.8,17.658461538461538,630,-0.5147483883207804,1.7245425727712531,1.0242477137496016,3,0,1,3,Regular Average Customers
15241.0,66,9,1329.16,13.702680412371135,1351,-0.2749809997424051,2.585860546513004,1.3561920329602648,3,0,3,3,Regular Average Customers
15243.0,73,1,316.68,14.394545454545456,185,-0.1986913761038311,-0.8594113484539994,-0.4969563146048655,2,0,2,2,New/Occasional Buyers
15244.0,64,2,565.17,18.231290322580644,397,-0.2967780350677119,-0.4287523615831239,-0.0421435450820511,2,0,2,2,New/Occasional Buyers
15245.0,133,3,1490.76,21.29657142857143,832,0.4552196836553741,0.0019066252877515,1.6519695030994526,0,0,0,0,Regular Average Customers
15246.0,237,2,458.1,15.27,208,1.5886655205713298,-0.4287523615831239,-0.238114422110534,1,0,0,1,At-Risk Customers
15247.0,121,1,111.2,37.06666666666666,64,0.3244374717035331,-0.8594113484539994,-0.8730476176011548,2,0,0,2,New/Occasional Buyers
15251.0,80,9,1271.13,57.778636363636366,371,-0.1224017524652572,2.585860546513004,1.2499793684047136,3,0,3,3,Regular Average Customers
15252.0,35,2,740.78,16.83590909090909,522,-0.6128350472846611,-0.4287523615831239,0.2792765138977929,2,0,2,2,New/Occasional Buyers
15253.0,15,6,844.39,16.23826923076923,767,-0.8308054005377296,1.293883585900378,0.4689145317265136,0,0,1,0,Regular Average Customers
15254.0,126,1,253.32,15.8325,163,0.3789300600168002,-0.8594113484539994,-0.6129245108178542,2,0,0,2,New/Occasional Buyers
15255.0,66,1,865.35,18.81195652173913,487,-0.2749809997424051,-0.8594113484539994,0.5072777481505074,2,0,2,2,New/Occasional Buyers
15256.0,148,1,98.45,16.408333333333335,55,0.6186974485951755,-0.8594113484539994,-0.8963840207216662,1,0,0,1,At-Risk Customers
15257.0,282,1,40.2,20.1,36,2.0790988153907337,-0.8594113484539994,-1.002999352625179,1,0,0,1,At-Risk Customers
15258.0,168,2,386.76,16.815652173913044,118,0.8366678018482439,-0.4287523615831239,-0.3686884612177721,1,0,0,1,At-Risk Customers
15260.0,99,6,1595.27,23.119855072463768,831,0.0846700831251578,1.293883585900378,1.8432547964425623,3,0,1,3,Regular Average Customers
15261.0,134,1,254.82,13.41157894736842,270,0.4661182013180275,-0.8594113484539994,-0.6101790516272056,2,0,0,2,New/Occasional Buyers
15262.0,323,1,161.95000000000002,17.994444444444447,71,2.525938039559524,-0.8594113484539994,-0.7801595816508837,1,0,0,1,At-Risk Customers
15263.0,106,1,139.51,12.682727272727272,87,0.1609597067637317,-0.8594113484539994,-0.8212316511429839,2,0,0,2,New/Occasional Buyers
15264.0,63,1,393.74,17.11913043478261,265,-0.3076765527303653,-0.8594113484539994,-0.3559129244506215,2,0,2,2,New/Occasional Buyers
15265.0,150,2,1076.52,17.942,566,0.6404944839204822,-0.4287523615831239,0.8937834930099896,0,0,0,0,Regular Average Customers
15269.0,23,1,118.8,118.8,24,-0.7436172592365022,-0.8594113484539994,-0.8591372910352029,2,0,2,2,New/Occasional Buyers
15270.0,15,8,812.4100000000001,28.014137931034487,290,-0.8308054005377296,2.155201559642129,0.4103813417818899,3,0,1,3,Regular Average Customers
15272.0,56,2,502.26,10.0452,247,-0.3839661763689393,-0.4287523615831239,-0.1572881035378451,2,0,2,2,New/Occasional Buyers
15274.0,3,2,681.77,14.82108695652174,499,-0.9615876124895706,-0.4287523615831239,0.1712701493376847,2,0,2,2,New/Occasional Buyers
15275.0,30,2,467.34,14.161818181818182,344,-0.6673276355979283,-0.4287523615831239,-0.2212023934961398,2,0,2,2,New/Occasional Buyers
15276.0,65,1,95.38,2.1195555555555554,57,-0.2858795174050585,-0.8594113484539994,-0.90200306053186,2,0,2,2,New/Occasional Buyers
15277.0,46,1,241.98,21.998181818181816,157,-0.4929513529954735,-0.8594113484539994,-0.633680182299156,2,0,2,2,New/Occasional Buyers
15280.0,171,1,87.62,5.841333333333334,124,0.8693633548362042,-0.8594113484539994,-0.9162062360781476,1,0,0,1,At-Risk Customers
15286.0,49,1,240.55,80.18333333333334,55,-0.4602558000075132,-0.8594113484539994,-0.6362975200609075,2,0,2,2,New/Occasional Buyers
15287.0,21,3,413.24,20.662,232,-0.7654142945618091,0.0019066252877515,-0.3202219549721923,2,0,2,2,New/Occasional Buyers
15288.0,42,5,2074.12,25.9265,751,-0.5365454236460871,0.8632245990295024,2.7196968854038874,3,0,1,3,Regular Average Customers
15289.0,28,4,684.78,12.681111111111113,684,-0.6891246709232351,0.432565612158627,0.1767793707802525,0,0,2,0,Regular Average Customers
15292.0,200,1,111.69,5.8784210526315785,49,1.1854203670531531,-0.8594113484539994,-0.8721507675988763,1,0,0,1,At-Risk Customers
15297.0,9,4,618.04,15.451,288,-0.8961965065136501,0.432565612158627,0.0546247398576695,0,0,2,0,Regular Average Customers
15299.0,239,1,-6.01,-3.005,-5,1.6104625558966366,-0.8594113484539994,-1.087577798758421,1,0,0,1,At-Risk Customers
15300.0,63,1,454.44,17.478461538461538,288,-0.3076765527303653,-0.8594113484539994,-0.2448133425357161,2,0,2,2,New/Occasional Buyers
15303.0,289,1,444.42,17.7768,236,2.155388439029308,-0.8594113484539994,-0.2631530099292475,1,0,0,1,At-Risk Customers
15304.0,60,7,228.50000000000003,14.281250000000002,64,-0.3403721057183256,1.7245425727712531,-0.6583527088924497,0,0,1,0,Regular Average Customers
15306.0,63,3,854.02,17.792083333333334,563,-0.3076765527303653,0.0019066252877515,0.4865403797304764,0,0,2,0,Regular Average Customers
15307.0,95,1,119.20000000000002,17.028571428571432,28,0.0410760124745441,-0.8594113484539994,-0.8584051685843632,2,0,2,2,New/Occasional Buyers
15308.0,270,2,210.05,13.128125,117,1.9483166034388928,-0.4287523615831239,-0.692121856937425,1,0,0,1,At-Risk Customers
15312.0,74,5,839.5,17.861702127659573,481,-0.1877928584411777,0.8632245990295024,0.4599643347649999,0,0,1,0,Regular Average Customers
15313.0,109,1,52.0,52.0,25,0.193655259751692,-0.8594113484539994,-0.9814017403254118,2,0,0,2,New/Occasional Buyers
15314.0,198,1,314.05,13.654347826086957,265,1.1636233317278466,-0.8594113484539994,-0.5017700197191357,1,0,0,1,At-Risk Customers
15315.0,63,2,475.22,14.850625,574,-0.3076765527303653,-0.4287523615831239,-0.2067795812146003,2,0,2,2,New/Occasional Buyers
15318.0,3,1,284.9,9.496666666666666,534,-0.9615876124895706,-0.8594113484539994,-0.5551234433240697,2,0,2,2,New/Occasional Buyers
15319.0,283,1,145.0,11.153846153846152,169,2.089997333053387,-0.8594113484539994,-0.8111832705052108,1,0,0,1,At-Risk Customers
15320.0,43,1,189.03,5.559705882352941,85,-0.5256469059834338,-0.8594113484539994,-0.7305948917290447,2,0,2,2,New/Occasional Buyers
15321.0,48,4,2024.46,23.00522727272727,882,-0.4711543176701667,0.432565612158627,2.6288038831321545,3,0,1,3,Regular Average Customers
15322.0,63,2,529.95,11.776666666666667,311,-0.3076765527303653,-0.4287523615831239,-0.1066069268784754,2,0,2,2,New/Occasional Buyers
15325.0,103,1,161.74,3.3695833333333334,231,0.1282641537757715,-0.8594113484539994,-0.7805439459375746,2,0,0,2,New/Occasional Buyers
15326.0,333,1,311.71,10.748620689655173,386,2.634923216186058,-0.8594113484539994,-0.5060529360565473,1,0,0,1,At-Risk Customers
15327.0,52,1,125.1,17.87142857142857,109,-0.427560247019553,-0.8594113484539994,-0.8476063624344795,2,0,2,2,New/Occasional Buyers
15329.0,34,5,799.5,15.08490566037736,456,-0.6237335649473146,0.8632245990295024,0.3867520896810424,0,0,1,0,Regular Average Customers
15330.0,31,1,29.76,14.88,48,-0.6564291179352748,-0.8594113484539994,-1.0221077485920922,2,0,2,2,New/Occasional Buyers
15333.0,207,1,238.0,21.63636363636364,104,1.2617099906917273,-0.8594113484539994,-0.6409648006850098,1,0,0,1,At-Risk Customers
15334.0,156,3,340.87,3.5141237113402064,272,0.7058855898964028,0.0019066252877515,-0.4526812093903423,1,0,0,1,At-Risk Customers
15335.0,53,1,161.72,4.7564705882352944,78,-0.4166617293568995,-0.8594113484539994,-0.7805805520601166,2,0,2,2,New/Occasional Buyers
15339.0,65,3,524.96,6.324819277108435,347,-0.2858795174050585,0.0019066252877515,-0.1157401544526992,2,0,2,2,New/Occasional Buyers
15341.0,80,1,732.96,91.62,192,-0.1224017524652572,-0.8594113484539994,0.2649635199838794,2,0,2,2,New/Occasional Buyers
15342.0,115,2,376.81,15.0724,275,0.2590463657276126,-0.4287523615831239,-0.3869000071824065,2,0,0,2,New/Occasional Buyers
15343.0,86,1,153.7,13.97272727272727,62,-0.0570106464893366,-0.8594113484539994,-0.7952596071994501,2,0,2,2,New/Occasional Buyers
15344.0,31,3,176.13,11.742,77,-0.6564291179352748,0.0019066252877515,-0.754205840768621,2,0,2,2,New/Occasional Buyers
15345.0,34,2,224.49,14.966,67,-0.6237335649473146,-0.4287523615831239,-0.6656922364621164,2,0,2,2,New/Occasional Buyers
15346.0,332,1,252.42,14.848235294117648,144,2.624024698523405,-0.8594113484539994,-0.6145717863322431,1,0,0,1,At-Risk Customers
15348.0,71,1,158.04,17.56,84,-0.2204884114291379,-0.8594113484539994,-0.7873160786078407,2,0,2,2,New/Occasional Buyers
15349.0,157,2,357.46,5.673968253968254,269,0.7167841075590563,-0.4287523615831239,-0.422316430741771,1,0,0,1,At-Risk Customers
15351.0,11,10,1587.44,7.6687922705314016,692,-0.8743994711883433,3.0165195333838795,1.8289234994673775,3,0,3,3,Regular Average Customers
15353.0,254,2,548.27,10.153148148148148,322,1.773940320836438,-0.4287523615831239,-0.0730757186300231,1,0,0,1,At-Risk Customers
15355.0,28,2,189.3,17.20909090909091,34,-0.6891246709232351,-0.4287523615831239,-0.7301007090747279,2,0,2,2,New/Occasional Buyers
15360.0,39,1,427.93,32.917692307692306,223,-0.5692409766340475,-0.8594113484539994,-0.2933347579651089,2,0,2,2,New/Occasional Buyers
15364.0,95,2,675.59,24.12821428571429,445,0.0410760124745441,-0.4287523615831239,0.1599588574722134,2,0,2,2,New/Occasional Buyers
15365.0,25,8,1682.79,12.94453846153846,883,-0.7218202239111954,2.155201559642129,2.003443188686261,3,0,1,3,Regular Average Customers
15366.0,74,2,529.94,13.58820512820513,532,-0.1877928584411777,-0.4287523615831239,-0.1066252299397464,2,0,2,2,New/Occasional Buyers
15367.0,56,5,1680.95,19.32126436781609,925,-0.3839661763689393,0.8632245990295024,2.0000754254124,3,0,1,3,Regular Average Customers
15370.0,70,5,1495.2,18.69,753,-0.2313869290917914,0.8632245990295024,1.660096062303772,3,0,1,3,Regular Average Customers
15373.0,7,11,1339.41,13.003980582524273,393,-0.917993541838957,3.447178520254755,1.3749526707630289,3,0,3,3,Regular Average Customers
15374.0,128,1,25.200000000000003,25.200000000000003,12,0.400727095342107,-0.8594113484539994,-1.0304539445316632,2,0,0,2,New/Occasional Buyers
15376.0,39,3,1081.01,10.009351851851852,602,-0.5692409766340475,0.0019066252877515,0.9020015675206638,0,0,2,0,Regular Average Customers
15380.0,8,5,260.64,17.375999999999998,100,-0.9070950241763036,0.8632245990295024,-0.5995266699674899,0,0,2,0,Regular Average Customers
15381.0,267,1,143.1,28.62,66,1.9156210504509323,-0.8594113484539994,-0.8146608521466987,1,0,0,1,At-Risk Customers
15384.0,169,3,585.26,14.274634146341462,555,0.8475663195108973,0.0019066252877515,-0.0053726949886334,1,0,0,1,At-Risk Customers
15385.0,39,1,142.46,14.246,111,-0.5692409766340475,-0.8594113484539994,-0.815832248068042,2,0,2,2,New/Occasional Buyers
15386.0,185,1,370.74,12.358,410,1.021942602113352,-0.8594113484539994,-0.398009965373897,1,0,0,1,At-Risk Customers
15388.0,269,1,140.54,14.053999999999998,88,1.9374180857762395,-0.8594113484539994,-0.8193464358320721,1,0,0,1,At-Risk Customers
15392.0,4,5,1354.69,17.367820512820515,1021,-0.9506890948269172,0.8632245990295024,1.4029197483851006,0,0,1,0,Regular Average Customers
15393.0,15,2,231.86,19.32166666666667,150,-0.8308054005377296,-0.4287523615831239,-0.6522028803053972,2,0,2,2,New/Occasional Buyers
15394.0,9,4,1743.69,23.563378378378378,833,-0.8961965065136501,0.432565612158627,2.1149088318265865,3,0,1,3,Regular Average Customers
15395.0,325,1,74.55000000000001,14.910000000000002,13,2.547735074884831,-0.8594113484539994,-0.9401283371593308,1,0,0,1,At-Risk Customers
15396.0,112,1,204.28,17.023333333333333,112,0.2263508127396523,-0.8594113484539994,-0.702682723290786,2,0,2,2,New/Occasional Buyers
15397.0,289,1,94.0,15.666666666666666,20,2.155388439029308,-0.8594113484539994,-0.9045288829872564,1,0,0,1,At-Risk Customers
15398.0,15,3,1277.73,17.99619718309859,761,-0.8308054005377296,0.0019066252877515,1.2620593888435665,0,0,1,0,Regular Average Customers
15399.0,0,3,768.97,16.020208333333333,491,-0.9942831654775308,0.0019066252877515,0.330872843620712,0,0,2,0,Regular Average Customers
15400.0,127,3,208.6,41.72,76,0.3898285776794536,0.0019066252877515,-0.6947758008217184,2,0,0,2,New/Occasional Buyers
15402.0,148,2,396.81,11.670882352941176,202,0.6186974485951755,-0.4287523615831239,-0.3502938846404278,1,0,0,1,At-Risk Customers
15405.0,188,1,128.84,25.768,83,1.0546381551013122,-0.8594113484539994,-0.8407610175191296,1,0,0,1,At-Risk Customers
15406.0,17,4,275.54,6.123111111111111,172,-0.8090083652124227,0.432565612158627,-0.5722551086737158,0,0,2,0,Regular Average Customers
15407.0,33,4,652.74,4.871194029850746,486,-0.634632082609968,0.432565612158627,0.1181363624680027,0,0,2,0,Regular Average Customers
15408.0,263,1,121.98,5.0825000000000005,92,1.8720269798003188,-0.8594113484539994,-0.8533169175510282,1,0,0,1,At-Risk Customers
15411.0,25,5,1009.7,12.781012658227848,458,-0.7218202239111954,0.8632245990295024,0.7714824375972388,0,0,1,0,Regular Average Customers
15412.0,170,1,49.79,7.112857142857143,23,0.8584648371735507,-0.8594113484539994,-0.9854467168663004,1,0,0,1,At-Risk Customers
15414.0,9,3,675.45,20.46818181818182,329,-0.8961965065136501,0.0019066252877515,0.1597026146144196,0,0,2,0,Regular Average Customers
15415.0,312,1,465.09,11.07357142857143,417,2.4060543452703365,-0.8594113484539994,-0.2253205822821124,1,0,0,1,At-Risk Customers
15417.0,84,1,508.8,18.17142857142857,284,-0.0788076818146435,-0.8594113484539994,-0.145317901466618,2,0,2,2,New/Occasional Buyers
15419.0,24,1,84.74,14.123333333333331,94,-0.7327187415738488,-0.8594113484539994,-0.9214775177241926,2,0,2,2,New/Occasional Buyers
15421.0,58,4,856.94,17.48857142857143,442,-0.3621691410436324,0.432565612158627,0.4918848736216054,0,0,2,0,Regular Average Customers
15422.0,322,2,97.7,16.283333333333335,38,2.5150395218968704,-0.4287523615831239,-0.8977567503169904,1,0,0,1,At-Risk Customers
15423.0,37,1,7.5,7.5,1,-0.5910380119593543,-0.8594113484539994,-1.0628503629813144,2,0,2,2,New/Occasional Buyers
15424.0,253,2,304.14,20.276,218,1.7630418031737844,-0.4287523615831239,-0.5199083534386862,1,0,0,1,At-Risk Customers
15426.0,18,7,1178.58,4.430751879699248,626,-0.7981098475497693,1.7245425727712531,1.0805845363417068,3,0,1,3,Regular Average Customers
15427.0,32,3,1254.35,4.479821428571428,869,-0.6455306002726214,0.0019066252877515,1.2192668315919932,0,0,1,0,Regular Average Customers
15428.0,14,1,75.06,15.012,54,-0.841703918200383,-0.8594113484539994,-0.9391948810345104,2,0,2,2,New/Occasional Buyers
15429.0,26,3,289.23,3.708076923076924,281,-0.7109217062485419,0.0019066252877515,-0.5471982177937312,2,0,2,2,New/Occasional Buyers
15432.0,22,1,171.19,17.119,65,-0.7545157768991556,-0.8594113484539994,-0.7632475530364896,2,0,2,2,New/Occasional Buyers
15433.0,78,3,463.3,9.455102040816326,488,-0.144198787790564,0.0019066252877515,-0.2285968302496196,2,0,2,2,New/Occasional Buyers
15434.0,7,6,802.36,15.138867924528302,458,-0.917993541838957,1.293883585900378,0.3919867652045454,0,0,1,0,Regular Average Customers
15435.0,21,1,109.94,4.3976,50,-0.7654142945618091,-0.8594113484539994,-0.8753538033212994,2,0,2,2,New/Occasional Buyers
15436.0,11,3,911.15,3.3012681159420287,556,-0.8743994711883433,0.0019066252877515,0.5911057687716386,0,0,2,0,Regular Average Customers
15437.0,261,1,183.71,4.272325581395349,77,1.850229944475012,-0.8594113484539994,-0.7403321203252109,1,0,0,1,At-Risk Customers
15438.0,130,1,137.13,5.962173913043478,57,0.4225241306674139,-0.8594113484539994,-0.8255877797254794,2,0,0,2,New/Occasional Buyers
15440.0,54,3,307.18,5.206440677966102,188,-0.4057632116942461,0.0019066252877515,-0.5143442228123054,2,0,2,2,New/Occasional Buyers
15444.0,8,2,1253.81,6.237860696517413,742,-0.9070950241763036,-0.4287523615831239,1.2182784662833597,0,0,1,0,Regular Average Customers
15445.0,263,1,68.1,22.7,54,1.8720269798003188,-0.8594113484539994,-0.9519338116791188,1,0,0,1,At-Risk Customers
15447.0,330,1,129.67,16.20875,83,2.602227663198098,-0.8594113484539994,-0.8392418634336375,1,0,0,1,At-Risk Customers
15448.0,312,1,405.04,16.87666666666667,224,2.4060543452703365,-0.8594113484539994,-0.3352304652144036,1,0,0,1,At-Risk Customers
15449.0,25,5,899.96,15.2535593220339,712,-0.7218202239111954,0.8632245990295024,0.5706246432094016,0,0,1,0,Regular Average Customers
15450.0,29,1,388.94,13.890714285714283,372,-0.6782261532605817,-0.8594113484539994,-0.3646983938606964,2,0,2,2,New/Occasional Buyers
15452.0,29,3,492.83,9.29867924528302,277,-0.6782261532605817,0.0019066252877515,-0.1745478903163881,2,0,2,2,New/Occasional Buyers
15453.0,1,7,1160.12,4.462,814,-0.9833846478148774,1.7245425727712531,1.0467970852354604,3,0,1,3,Regular Average Customers
15456.0,282,3,356.17,6.595740740740741,379,2.0790988153907337,0.0019066252877515,-0.4246775256457285,1,0,0,1,At-Risk Customers
15457.0,261,1,217.17,3.81,130,1.850229944475012,-0.8594113484539994,-0.6790900773124807,1,0,0,1,At-Risk Customers
15458.0,24,1,142.92,23.82,108,-0.7327187415738488,-0.8594113484539994,-0.8149903072495767,2,0,2,2,New/Occasional Buyers
15462.0,93,3,144.6,16.066666666666666,100,0.0192789771492372,0.0019066252877515,-0.8119153929560503,2,0,2,2,New/Occasional Buyers
15463.0,28,1,119.3,19.883333333333333,70,-0.6891246709232351,-0.8594113484539994,-0.8582221379716534,2,0,2,2,New/Occasional Buyers
15466.0,84,1,324.58,5.7960714285714285,245,-0.0788076818146435,-0.8594113484539994,-0.4824968962007839,2,0,2,2,New/Occasional Buyers
15467.0,8,4,486.93,9.364038461538462,305,-0.9070950241763036,0.432565612158627,-0.1853466964662717,0,0,2,0,Regular Average Customers
15468.0,42,3,375.01,17.857619047619046,143,-0.5365454236460871,0.0019066252877515,-0.3901945582111846,2,0,2,2,New/Occasional Buyers
15469.0,49,3,277.95,16.349999999999998,131,-0.4602558000075132,0.0019066252877515,-0.5678440709074073,2,0,2,2,New/Occasional Buyers
15471.0,1,1,356.13,5.087571428571429,222,-0.9833846478148774,-0.8594113484539994,-0.4247507378908125,2,0,2,2,New/Occasional Buyers
15472.0,112,1,335.16,4.654999999999999,247,0.2263508127396523,-0.8594113484539994,-0.4631322573760772,2,0,2,2,New/Occasional Buyers
15475.0,76,1,406.31,14.511071428571428,315,-0.1659958231158708,-0.8594113484539994,-0.3329059764329879,2,0,2,2,New/Occasional Buyers
15478.0,39,2,862.19,25.358529411764707,340,-0.5692409766340475,-0.4287523615831239,0.5014939807888749,0,0,2,0,Regular Average Customers
15480.0,115,1,579.25,15.655405405405403,272,0.2590463657276126,-0.8594113484539994,-0.016372834812498,2,0,2,2,New/Occasional Buyers
15482.0,15,9,2176.88,65.96606060606061,636,-0.8308054005377296,2.585860546513004,2.9077791430245745,3,0,3,3,Regular Average Customers
15483.0,160,4,192.76,2.4095,170,0.7494796605470165,0.432565612158627,-0.7237678498749657,1,0,0,1,At-Risk Customers
15485.0,29,3,1388.46,22.03904761904762,908,-0.6782261532605817,0.0019066252877515,1.4647291862972316,0,0,1,0,Regular Average Customers
15489.0,22,4,702.14,15.603111111111112,408,-0.7545157768991556,0.432565612158627,0.2085534851466901,0,0,2,0,Regular Average Customers
15491.0,94,6,2358.59,19.175528455284557,1440,0.0301774948118907,1.293883585900378,3.240364069379722,3,0,1,3,Regular Average Customers
15492.0,27,2,504.74,17.404827586206896,421,-0.7000231885858885,-0.4287523615831239,-0.1527489443426398,2,0,2,2,New/Occasional Buyers
15493.0,32,6,1195.06,5.241491228070175,470,-0.6455306002726214,1.293883585900378,1.1107479813162973,0,0,1,0,Regular Average Customers
15494.0,20,2,1040.08,9.812075471698112,829,-0.7763128122244625,-0.4287523615831239,0.8270871377385043,0,0,2,0,Regular Average Customers
15497.0,17,3,495.5,49.55,182,-0.8090083652124227,0.0019066252877515,-0.1696609729570339,2,0,2,2,New/Occasional Buyers
15500.0,7,4,837.13,15.794905660377358,467,-0.917993541838957,0.432565612158627,0.4556265092437754,0,0,2,0,Regular Average Customers
15504.0,80,1,52.83,4.063846153846153,33,-0.1224017524652572,-0.8594113484539994,-0.9798825862399196,2,0,2,2,New/Occasional Buyers
15505.0,52,5,1903.86,27.59217391304348,968,-0.427560247019553,0.8632245990295024,2.4080689642040225,3,0,1,3,Regular Average Customers
15506.0,22,3,738.21,4.9214,655,-0.7545157768991556,0.0019066252877515,0.2745726271511488,0,0,2,0,Regular Average Customers
15507.0,171,1,296.76,8.243333333333332,140,0.8693633548362042,-0.8594113484539994,-0.5334160126566764,1,0,0,1,At-Risk Customers
15508.0,188,6,771.13,9.404024390243904,354,1.0546381551013122,1.293883585900378,0.3348263048552456,0,0,0,0,Regular Average Customers
15511.0,11,5,530.93,4.115736434108527,232,-0.8743994711883433,0.8632245990295024,-0.1048132268739187,0,0,1,0,Regular Average Customers
15512.0,155,2,121.0,17.285714285714285,68,0.6949870722337494,-0.4287523615831239,-0.8551106175555853,1,0,0,1,At-Risk Customers
15514.0,11,11,1855.73,10.726763005780349,925,-0.8743994711883433,3.447178520254755,2.3199763303067518,3,0,3,3,Regular Average Customers
15516.0,44,3,53.93,3.852142857142857,26,-0.5147483883207804,0.0019066252877515,-0.9778692495001108,2,0,2,2,New/Occasional Buyers
15517.0,232,1,246.72,9.8688,256,1.5341729322580626,-0.8594113484539994,-0.625004531256707,1,0,0,1,At-Risk Customers
15520.0,1,1,320.7,18.86470588235294,194,-0.9833846478148774,-0.8594113484539994,-0.4895984839739278,2,0,2,2,New/Occasional Buyers
15521.0,36,10,1782.76,10.24574712643678,1464,-0.6019365296220077,3.0165195333838795,2.186418892212342,3,0,3,3,Regular Average Customers
15522.0,32,2,326.65,6.049074074074074,449,-0.6455306002726214,-0.4287523615831239,-0.4787081625176892,2,0,2,2,New/Occasional Buyers
15523.0,83,1,88.51,12.644285714285717,31,-0.0897061994772969,-0.8594113484539994,-0.9145772636250296,2,0,2,2,New/Occasional Buyers
15525.0,1,4,562.52,3.8794482758620688,370,-0.9833846478148774,0.432565612158627,-0.0469938563188632,0,0,2,0,Regular Average Customers
15526.0,32,1,9.14,4.57,10,-0.6455306002726214,-0.8594113484539994,-1.059848660932872,2,0,2,2,New/Occasional Buyers
15527.0,18,9,1464.54,10.461,830,-0.7981098475497693,2.585860546513004,1.6039788764469185,3,0,3,3,Regular Average Customers
15528.0,253,1,153.43,6.670869565217392,81,1.7630418031737844,-0.8594113484539994,-0.7957537898537668,1,0,0,1,At-Risk Customers
15530.0,21,4,1067.92,11.999101123595509,660,-0.7654142945618091,0.432565612158627,0.8780428603169389,0,0,1,0,Regular Average Customers
15531.0,7,2,1677.6,8.388,1021,-0.917993541838957,-0.4287523615831239,1.993943899886618,0,0,1,0,Regular Average Customers
15532.0,24,6,1067.34,4.851545454545454,426,-0.7327187415738488,1.293883585900378,0.8769812827632212,0,0,1,0,Regular Average Customers
15533.0,18,5,490.57,7.0081428571428575,210,-0.7981098475497693,0.8632245990295024,-0.1786843821636316,0,0,1,0,Regular Average Customers
15535.0,172,5,200.8,3.937254901960785,97,0.8802618724988576,0.8632245990295024,-0.7090521886130902,1,0,0,1,At-Risk Customers
15537.0,162,1,86.02,3.91,27,0.7712766958723234,-0.8594113484539994,-0.919134725881506,1,0,0,1,At-Risk Customers
15539.0,6,1,478.46,11.9615,362,-0.9288920595016104,-0.8594113484539994,-0.2008493893627998,2,0,2,2,New/Occasional Buyers
15540.0,10,1,185.22,13.23,128,-0.8852979888509966,-0.8594113484539994,-0.7375683580732916,2,0,2,2,New/Occasional Buyers
15541.0,113,1,85.13000000000001,2.9355172413793107,49,0.2372493304023057,-0.8594113484539994,-0.920763698334624,2,0,0,2,New/Occasional Buyers
15543.0,287,1,117.91,4.367037037037037,85,2.133591403704001,-0.8594113484539994,-0.860766263488321,1,0,0,1,At-Risk Customers
15545.0,53,2,229.37,3.142054794520548,155,-0.4166617293568995,-0.4287523615831239,-0.6567603425618735,2,0,2,2,New/Occasional Buyers
15549.0,76,4,1146.51,11.35158415841584,599,-0.1659958231158708,0.432565612158627,1.021886618845644,0,0,2,0,Regular Average Customers
15550.0,3,4,474.38,8.62509090909091,286,-0.9615876124895706,0.432565612158627,-0.2083170383613634,0,0,2,0,Regular Average Customers
15551.0,36,1,270.87,13.5435,165,-0.6019365296220077,-0.8594113484539994,-0.5808026382872677,2,0,2,2,New/Occasional Buyers
15552.0,216,1,90.12,5.301176470588236,60,1.3597966496556082,-0.8594113484539994,-0.9116304707604004,1,0,0,1,At-Risk Customers
15553.0,59,1,382.63,7.5025490196078435,444,-0.351270623380979,-0.8594113484539994,-0.3762476255226907,2,0,2,2,New/Occasional Buyers
15554.0,277,1,130.4,14.488888888888887,64,2.0246062270774665,-0.8594113484539994,-0.8379057399608553,1,0,0,1,At-Risk Customers
15556.0,23,1,201.37,7.191785714285714,193,-0.7436172592365022,-0.8594113484539994,-0.7080089141206438,2,0,2,2,New/Occasional Buyers
15557.0,28,1,276.26,18.41733333333333,131,-0.6891246709232351,-0.8594113484539994,-0.5709372882622046,2,0,2,2,New/Occasional Buyers
15561.0,11,5,480.59,19.2236,237,-0.8743994711883433,0.8632245990295024,-0.1969508373120789,0,0,1,0,Regular Average Customers
15563.0,8,5,1070.08,10.490980392156862,1030,-0.9070950241763036,0.8632245990295024,0.8819963215514723,0,0,1,0,Regular Average Customers
15565.0,49,2,123.66,24.732000000000003,54,-0.4602558000075132,-0.4287523615831239,-0.850242003257502,2,0,2,2,New/Occasional Buyers
15567.0,18,1,59.7,19.9,30,-0.7981098475497693,-0.8594113484539994,-0.96730838314675,2,0,2,2,New/Occasional Buyers
15568.0,2,3,724.39,13.930576923076924,459,-0.972486130152224,0.0019066252877515,0.2492777964746414,0,0,2,0,Regular Average Customers
15569.0,131,2,59.16,3.113684210526316,53,0.4334226483300673,-0.4287523615831239,-0.9682967484553836,2,0,0,2,New/Occasional Buyers
15571.0,11,4,558.05,10.731730769230769,211,-0.8743994711883433,0.432565612158627,-0.0551753247069955,0,0,2,0,Regular Average Customers
15572.0,4,7,1745.99,9.14130890052356,1121,-0.9506890948269172,1.7245425727712531,2.119118535918914,3,0,1,3,Regular Average Customers
15573.0,31,2,414.3,4.817441860465117,236,-0.6564291179352748,-0.4287523615831239,-0.3182818304774674,2,0,2,2,New/Occasional Buyers
15574.0,177,4,438.65,3.1557553956834536,240,0.9347544608121248,0.432565612158627,-0.2737138762826083,1,0,0,1,At-Risk Customers
15576.0,37,1,576.33,16.46657142857143,287,-0.5910380119593543,-0.8594113484539994,-0.0217173287036268,2,0,2,2,New/Occasional Buyers
15577.0,150,3,209.53,6.16264705882353,84,0.6404944839204822,0.0019066252877515,-0.6930736161235165,1,0,0,1,At-Risk Customers
15578.0,161,1,119.15,9.929166666666667,51,0.7603781782096699,-0.8594113484539994,-0.8584966838907183,1,0,0,1,At-Risk Customers
15579.0,68,2,209.85,5.671621621621622,103,-0.2531839644170982,-0.4287523615831239,-0.6924879181628448,2,0,2,2,New/Occasional Buyers
15581.0,155,10,603.9300000000001,4.473555555555556,267,0.6949870722337494,3.0165195333838795,0.0287991204043037,3,-1,3,3,Regular Average Customers
15582.0,24,3,663.01,15.418837209302325,451,-0.7327187415738488,0.0019066252877515,0.1369336063933087,0,0,2,0,Regular Average Customers
15584.0,23,5,564.96,4.955789473684211,264,-0.7436172592365022,0.8632245990295024,-0.0425279093687417,0,0,1,0,Regular Average Customers
15585.0,176,1,439.4,14.646666666666668,318,0.9238559431494712,-0.8594113484539994,-0.2723411466872842,1,0,0,1,At-Risk Customers
15587.0,49,3,305.28,61.056,96,-0.4602558000075132,0.0019066252877515,-0.5178218044537934,2,0,2,2,New/Occasional Buyers
15589.0,255,3,413.73,16.5492,237,1.7848388384990914,0.0019066252877515,-0.3193251049699138,1,0,0,1,At-Risk Customers
15592.0,46,1,314.66,14.302727272727276,258,-0.4929513529954735,-0.8594113484539994,-0.5006535329816053,2,0,2,2,New/Occasional Buyers
15593.0,70,1,199.8,39.96,60,-0.2313869290917914,-0.8594113484539994,-0.710882494740189,2,0,2,2,New/Occasional Buyers
15594.0,15,6,1644.25,17.127604166666668,940,-0.8308054005377296,1.293883585900378,1.932903190547868,3,0,1,3,Regular Average Customers
15596.0,100,9,1067.79,15.475217391304348,519,0.0955686007878112,2.585860546513004,0.8778049205204158,3,0,3,3,Regular Average Customers
15597.0,29,2,315.72,13.72695652173913,276,-0.6782261532605817,-0.4287523615831239,-0.4987134084868805,2,0,2,2,New/Occasional Buyers
15598.0,34,3,218.68,14.578666666666669,154,-0.6237335649473146,0.0019066252877515,-0.6763263150605612,2,0,2,2,New/Occasional Buyers
15599.0,26,2,653.6899999999999,13.908297872340423,661,-0.7109217062485419,-0.4287523615831239,0.1198751532887466,2,0,2,2,New/Occasional Buyers
15602.0,7,8,613.95,21.92678571428572,397,-0.917993541838957,2.155201559642129,0.047138787797835,0,0,1,0,Regular Average Customers
15604.0,51,1,216.39,12.728823529411764,159,-0.4384587646822064,-0.8594113484539994,-0.6805177160916178,2,0,2,2,New/Occasional Buyers
15605.0,35,5,944.53,17.821320754716982,413,-0.6128350472846611,0.8632245990295024,0.6522013872942013,0,0,1,0,Regular Average Customers
15606.0,56,11,2349.37,29.00456790123457,697,-0.3839661763689393,3.447178520254755,3.2234886468878696,3,0,3,3,Regular Average Customers
15607.0,336,1,87.76,7.313333333333333,200,2.6676187691740183,-0.8594113484539994,-0.915949993220354,1,0,0,1,At-Risk Customers
15608.0,59,3,800.16,16.669999999999998,520,-0.351270623380979,0.0019066252877515,0.3879600917249277,0,0,2,0,Regular Average Customers
15609.0,182,2,257.28000000000003,17.152,144,0.9892470491253916,-0.4287523615831239,-0.6056764985545423,1,0,0,1,At-Risk Customers
15610.0,51,1,112.46,18.743333333333336,66,-0.4384587646822064,-0.8594113484539994,-0.87074143188101,2,0,2,2,New/Occasional Buyers
15612.0,35,2,180.15,36.03,51,-0.6128350472846611,-0.4287523615831239,-0.7468480101376832,2,0,2,2,New/Occasional Buyers
15618.0,32,5,710.131,15.109170212765957,424,-0.6455306002726214,0.8632245990295024,0.2231794614083376,0,0,1,0,Regular Average Customers
15619.0,10,1,99.6,99.6,24,-0.8852979888509966,-0.8594113484539994,-0.8942791686755024,2,0,2,2,New/Occasional Buyers
15620.0,49,6,1179.17,14.037738095238096,836,-0.4602558000075132,1.293883585900378,1.0816644169566954,0,0,1,0,Regular Average Customers
15621.0,3,3,202.01,22.44555555555556,119,-0.9615876124895706,0.0019066252877515,-0.7068375181993005,2,0,2,2,New/Occasional Buyers
15623.0,140,1,229.43,15.295333333333334,117,0.5315093072939481,-0.8594113484539994,-0.6566505241942476,2,0,0,2,New/Occasional Buyers
15624.0,116,4,511.5,17.637931034482758,240,0.2699448833902659,0.432565612158627,-0.1403760749234509,0,0,0,0,Regular Average Customers
15625.0,99,8,1131.72,18.862,794,0.0846700831251578,2.155201559642129,0.9948163912258507,3,0,3,3,Regular Average Customers
15626.0,74,2,562.56,13.082790697674415,534,-0.1877928584411777,-0.4287523615831239,-0.0469206440737793,2,0,2,2,New/Occasional Buyers
15630.0,44,3,971.8,17.996296296296297,747,-0.5147483883207804,0.0019066252877515,0.702113835380189,0,0,2,0,Regular Average Customers
15634.0,16,1,227.65,16.260714285714286,97,-0.8199068828750762,-0.8594113484539994,-0.6599084691004838,2,0,2,2,New/Occasional Buyers
15636.0,89,2,589.5600000000001,26.79818181818182,268,-0.0243150935013763,-0.4287523615831239,0.002497621357892,2,0,2,2,New/Occasional Buyers
15637.0,52,1,223.36,14.890666666666668,128,-0.427560247019553,-0.8594113484539994,-0.6677604823857382,2,0,2,2,New/Occasional Buyers
15639.0,133,1,178.02,10.471764705882354,297,0.4552196836553741,-0.8594113484539994,-0.750746562188404,2,0,0,2,New/Occasional Buyers
15641.0,104,4,1749.32,15.75963963963964,1278,0.1391626714384249,0.432565612158627,2.1252134553221533,3,0,1,3,Regular Average Customers
15643.0,178,6,417.35,16.694000000000003,223,0.945652978474778,1.293883585900378,-0.3126993967898157,0,0,0,0,Regular Average Customers
15644.0,165,4,732.09,3.210921052631579,541,0.8039722488602836,0.432565612158627,0.2633711536533033,0,0,0,0,Regular Average Customers
15645.0,18,1,481.5100000000001,10.031458333333337,218,-0.7981098475497693,-0.8594113484539994,-0.1952669556751479,2,0,2,2,New/Occasional Buyers
15646.0,157,4,342.07000000000005,11.402333333333337,299,0.7167841075590563,0.432565612158627,-0.4504848420378234,1,0,0,1,At-Risk Customers
15648.0,203,4,458.75,21.84523809523809,164,1.2181159200411136,0.432565612158627,-0.2369247231279198,1,0,0,1,At-Risk Customers
15651.0,36,3,491.66,16.953793103448273,343,-0.6019365296220077,0.0019066252877515,-0.1766893484850938,2,0,2,2,New/Occasional Buyers
15652.0,90,1,293.09000000000003,17.24058823529412,203,-0.0134165758387229,-0.8594113484539994,-0.5401332361431294,2,0,2,2,New/Occasional Buyers
15653.0,115,1,48.0,12.0,48,0.2590463657276126,-0.8594113484539994,-0.9887229648338076,2,0,0,2,New/Occasional Buyers
15654.0,8,2,380.91,29.300769230769237,169,-0.9070950241763036,-0.4287523615831239,-0.3793957520613009,2,0,2,2,New/Occasional Buyers
15655.0,232,2,451.67,15.055666666666667,312,1.5341729322580626,-0.4287523615831239,-0.2498832905077802,1,0,0,1,At-Risk Customers
15656.0,44,4,569.4,16.268571428571427,324,-0.5147483883207804,0.432565612158627,-0.0344013501644226,0,0,2,0,Regular Average Customers
15657.0,22,1,30.0,30.0,24,-0.7545157768991556,-0.8594113484539994,-1.0216684751215883,2,0,2,2,New/Occasional Buyers
15658.0,189,5,561.15,17.004545454545454,193,1.0655366727639657,0.8632245990295024,-0.0495013757129888,1,0,0,1,At-Risk Customers
15659.0,43,1,77.85,19.4625,51,-0.5256469059834338,-0.8594113484539994,-0.9340883269399044,2,0,2,2,New/Occasional Buyers
15660.0,24,11,1421.39,16.52779069767442,931,-0.7327187415738488,3.447178520254755,1.5250011670625996,3,0,3,3,Regular Average Customers
15661.0,316,1,19.8,6.6000000000000005,36,2.44964841592095,-0.8594113484539994,-1.0403375976179976,1,0,0,1,At-Risk Customers
15663.0,105,1,124.1,15.5125,70,0.1500611891010783,-0.8594113484539994,-0.8494366685615785,2,0,0,2,New/Occasional Buyers
15664.0,50,2,283.63,16.684117647058823,135,-0.4493572823448598,-0.4287523615831239,-0.5574479321054854,2,0,2,2,New/Occasional Buyers
15665.0,167,2,1887.45,18.50441176470588,1214,0.8257692841855905,-0.4287523615831239,2.3780336406583293,0,-1,0,0,Regular Average Customers
15667.0,39,1,301.32,23.178461538461537,240,-0.5692409766340475,-0.8594113484539994,-0.5250698167171052,2,0,2,2,New/Occasional Buyers
15669.0,39,5,430.35,14.839655172413794,235,-0.5692409766340475,0.8632245990295024,-0.2889054171375295,0,0,2,0,Regular Average Customers
15670.0,296,1,157.15,14.286363636363635,89,2.2316780626678816,-0.8594113484539994,-0.7889450510609588,1,0,0,1,At-Risk Customers
15671.0,25,6,1179.81,19.6635,799,-0.7218202239111954,1.293883585900378,1.0828358128780389,0,0,1,0,Regular Average Customers
15673.0,87,4,2054.26,16.838196721311476,1258,-0.0461121288266832,0.432565612158627,2.6833470057197037,3,0,1,3,Regular Average Customers
15674.0,72,5,1533.86,13.109914529914532,855,-0.2095898937664845,0.8632245990295024,1.730855697177417,3,0,1,3,Regular Average Customers
15675.0,80,3,216.16,16.627692307692307,124,-0.1224017524652572,0.0019066252877515,-0.6809386865008505,2,0,2,2,New/Occasional Buyers
15677.0,48,1,580.93,19.36433333333333,313,-0.4711543176701667,-0.8594113484539994,-0.0132979205189719,2,0,2,2,New/Occasional Buyers
15678.0,52,1,290.3,26.39090909090909,154,-0.427560247019553,-0.8594113484539994,-0.5452397902377354,2,0,2,2,New/Occasional Buyers
15679.0,23,4,690.98,6.774313725490196,864,-0.7436172592365022,0.432565612158627,0.188127268768266,0,0,2,0,Regular Average Customers
15680.0,8,3,1153.39,16.477,769,-0.9070950241763036,0.0019066252877515,1.0344791250000849,0,0,1,0,Regular Average Customers
15681.0,17,6,1151.62,20.203859649122805,750,-0.8090083652124227,1.293883585900378,1.0312394831551197,0,0,1,0,Regular Average Customers
15683.0,116,1,152.95,16.994444444444444,83,0.2699448833902659,-0.8594113484539994,-0.7966323367947743,2,0,0,2,New/Occasional Buyers
15687.0,8,10,2342.58,17.481940298507464,1198,-0.9070950241763036,3.0165195333838795,3.211060868284868,3,0,3,3,Regular Average Customers
15689.0,119,2,238.8,29.85,82,0.3026404363782262,-0.4287523615831239,-0.6395005557833306,2,0,0,2,New/Occasional Buyers
15690.0,3,2,201.48,12.5925,276,-0.9615876124895706,-0.4287523615831239,-0.7078075804466629,2,0,2,2,New/Occasional Buyers
15692.0,27,1,191.04,15.92,138,-0.7000231885858885,-0.8594113484539994,-0.7269159764135759,2,0,2,2,New/Occasional Buyers
15695.0,266,2,357.81,17.8905,161,1.904722532788279,-0.4287523615831239,-0.4216758235972863,1,0,0,1,At-Risk Customers
15696.0,32,11,2223.76,14.924563758389263,970,-0.6455306002726214,3.447178520254755,2.9935838942629727,3,0,3,3,Regular Average Customers
15699.0,17,1,201.0,15.461538461538462,104,-0.8090083652124227,-0.8594113484539994,-0.7086861273876705,2,0,2,2,New/Occasional Buyers
15700.0,171,3,539.18,6.656543209876543,293,0.8693633548362042,0.0019066252877515,-0.0897132013253524,1,0,0,1,At-Risk Customers
15701.0,1,4,1175.66,5.763039215686275,807,-0.9833846478148774,0.432565612158627,1.075240042450578,0,0,1,0,Regular Average Customers
15703.0,264,1,211.5,42.3,66,1.882925497462972,-0.8594113484539994,-0.6894679130531316,1,0,0,1,At-Risk Customers
15704.0,139,4,1778.37,18.5246875,909,0.5206107896312947,0.432565612158627,2.1783838483143776,3,0,1,3,Regular Average Customers
15705.0,200,1,19.5,19.5,6,1.1854203670531531,-0.8594113484539994,-1.0408866894561273,1,0,0,1,At-Risk Customers
15706.0,59,5,687.8100000000001,16.376428571428573,271,-0.351270623380979,0.8632245990295024,0.1823251983453624,0,0,1,0,Regular Average Customers
15707.0,34,4,793.76,4.112746113989637,546,-0.6237335649473146,0.432565612158627,0.3762461325114946,0,0,2,0,Regular Average Customers
15709.0,283,1,69.65,17.4125,37,2.089997333053387,-0.8594113484539994,-0.9490968371821156,1,0,0,1,At-Risk Customers
15712.0,8,5,842.9,19.15681818181818,376,-0.9070950241763036,0.8632245990295024,0.4661873755971362,0,0,1,0,Regular Average Customers
15713.0,142,2,266.6,19.042857142857144,142,0.5533063426192549,-0.4287523615831239,-0.5886180454499802,2,0,0,2,New/Occasional Buyers
15714.0,11,2,254.53,8.776896551724137,178,-0.8743994711883433,-0.4287523615831239,-0.6107098404040644,2,0,2,2,New/Occasional Buyers
15716.0,145,4,824.64,7.429189189189189,447,0.5860018956072152,0.432565612158627,0.4327659857163097,0,0,0,0,Regular Average Customers
15717.0,233,1,150.3,21.47142857142857,70,1.545071449920716,-0.8594113484539994,-0.8014826480315864,1,0,0,1,At-Risk Customers
15720.0,23,1,423.03,3.5850000000000004,234,-0.7436172592365022,-0.8594113484539994,-0.3023032579878937,2,0,2,2,New/Occasional Buyers
15721.0,11,1,458.9,5.5963414634146345,287,-0.8743994711883433,-0.8594113484539994,-0.2366501772088548,2,0,2,2,New/Occasional Buyers
15722.0,35,5,841.5200000000001,17.17387755102041,389,-0.6128350472846611,0.8632245990295024,0.4636615531417399,0,0,1,0,Regular Average Customers
15724.0,200,3,212.3,17.691666666666666,72,1.1854203670531531,0.0019066252877515,-0.6880036681514524,1,0,0,1,At-Risk Customers
15725.0,14,1,382.25,12.330645161290322,217,-0.841703918200383,-0.8594113484539994,-0.3769431418509883,2,0,2,2,New/Occasional Buyers
15728.0,48,1,-62.55,-20.85,-17,-0.4711543176701667,-0.8594113484539994,-1.1910633071845949,2,0,2,2,New/Occasional Buyers
15729.0,197,2,62.0,10.333333333333334,24,1.1527248140651931,-0.4287523615831239,-0.9630986790544224,1,0,0,1,At-Risk Customers
15730.0,65,4,931.41,14.55328125,616,-0.2858795174050585,0.432565612158627,0.628187770906663,0,0,2,0,Regular Average Customers
15732.0,211,2,280.2,21.553846153846152,167,1.305304061342341,-0.4287523615831239,-0.5637258821214347,1,0,0,1,At-Risk Customers
15733.0,282,1,112.4,16.057142857142857,56,2.0790988153907337,-0.8594113484539994,-0.8708512502486361,1,0,0,1,At-Risk Customers
15734.0,114,2,376.35,25.09,160,0.2481478480649591,-0.4287523615831239,-0.387741948000872,2,0,0,2,New/Occasional Buyers
15737.0,14,10,915.94,14.3115625,500,-0.841703918200383,3.0165195333838795,0.5998729351204426,3,0,3,3,Regular Average Customers
15739.0,65,1,77.6,25.866666666666664,16,-0.2858795174050585,-0.8594113484539994,-0.934545903471679,2,0,2,2,New/Occasional Buyers
15740.0,48,1,126.8,15.85,80,-0.4711543176701667,-0.8594113484539994,-0.8444948420184114,2,0,2,2,New/Occasional Buyers
15743.0,15,4,565.76,8.32,190,-0.8308054005377296,0.432565612158627,-0.0410636644670627,0,0,2,0,Regular Average Customers
15744.0,77,1,6.959999999999999,6.959999999999999,24,-0.1550973054532174,-0.8594113484539994,-1.0638387282899475,2,0,2,2,New/Occasional Buyers
15745.0,8,6,905.19,16.164107142857144,395,-0.9070950241763036,1.293883585900378,0.580197144254129,0,0,1,0,Regular Average Customers
15746.0,133,1,182.96,6.776296296296296,130,0.4552196836553741,-0.8594113484539994,-0.7417048499205351,2,0,0,2,New/Occasional Buyers
15747.0,12,3,631.09,7.696219512195122,310,-0.8635009535256898,0.0019066252877515,0.0785102348163108,0,0,2,0,Regular Average Customers
15748.0,39,1,134.41,7.074210526315789,49,-0.5692409766340475,-0.8594113484539994,-0.8305662123911886,2,0,2,2,New/Occasional Buyers
15750.0,2,9,2156.9,7.871897810218979,1538,-0.972486130152224,2.585860546513004,2.871209626605137,3,0,3,3,Regular Average Customers
15754.0,50,4,455.67,15.712758620689655,197,-0.4493572823448598,0.432565612158627,-0.2425620659993844,0,0,2,0,Regular Average Customers
15755.0,0,8,2031.12,15.868125,1229,-0.9942831654775308,2.155201559642129,2.6409937219386337,3,0,3,3,Regular Average Customers
15756.0,60,4,454.41,2.4831147540983607,233,-0.3403721057183256,0.432565612158627,-0.2448682517195291,0,0,2,0,Regular Average Customers
15757.0,65,2,672.88,16.02095238095238,406,-0.2858795174050585,-0.4287523615831239,0.1549987278677752,2,0,2,2,New/Occasional Buyers
15758.0,24,1,205.25,22.80555555555556,47,-0.7327187415738488,-0.8594113484539994,-0.7009073263475,2,0,2,2,New/Occasional Buyers
15759.0,296,2,77.24000000000001,19.31,40,2.2316780626678816,-0.4287523615831239,-0.9352048136774348,1,0,0,1,At-Risk Customers
15762.0,64,2,482.9500000000001,15.579032258064515,241,-0.2967780350677119,-0.4287523615831239,-0.1926313148521254,2,0,2,2,New/Occasional Buyers
15763.0,31,2,602.87,15.865,229,-0.6564291179352748,-0.4287523615831239,0.0268589959095788,2,0,2,2,New/Occasional Buyers
15766.0,63,1,273.66,30.406666666666663,166,-0.3076765527303653,-0.8594113484539994,-0.5756960841926618,2,0,2,2,New/Occasional Buyers
15768.0,115,3,331.03,14.392608695652171,238,0.2590463657276126,0.0019066252877515,-0.4706914216809958,2,0,0,2,New/Occasional Buyers
15769.0,234,1,122.04,61.02,36,1.5559699675833696,-0.8594113484539994,-0.8532070991834024,1,0,0,1,At-Risk Customers
15773.0,5,1,128.8,16.1,119,-0.9397905771642638,-0.8594113484539994,-0.8408342297642135,2,0,2,2,New/Occasional Buyers
15774.0,68,1,189.75,9.4875,79,-0.2531839644170982,-0.8594113484539994,-0.7292770713175334,2,0,2,2,New/Occasional Buyers
15775.0,244,1,87.9,14.65,66,1.6649551442099038,-0.8594113484539994,-0.91569375036256,1,0,0,1,At-Risk Customers
15776.0,132,1,164.13,12.625384615384617,95,0.4443211659927207,-0.8594113484539994,-0.7761695142938082,2,0,0,2,New/Occasional Buyers
15777.0,240,3,309.21000000000004,23.78538461538462,136,1.62136107355929,0.0019066252877515,-0.5106287013742945,1,0,0,1,At-Risk Customers
15780.0,183,3,402.08,16.753333333333334,212,1.0001455667880452,0.0019066252877515,-0.3406481713506165,1,0,0,1,At-Risk Customers
15781.0,24,4,243.01,15.188125,169,-0.7327187415738488,0.432565612158627,-0.6317949669882441,2,0,2,2,New/Occasional Buyers
15782.0,9,3,1351.38,56.307500000000005,342,-0.8961965065136501,0.0019066252877515,1.3968614351044033,0,0,1,0,Regular Average Customers
15783.0,10,1,165.62,16.562,64,-0.8852979888509966,-0.8594113484539994,-0.7734423581644307,2,0,2,2,New/Occasional Buyers
15785.0,29,7,1101.4,16.438805970149254,885,-0.6782261532605817,1.7245425727712531,0.9393215094522112,3,0,1,3,Regular Average Customers
15787.0,25,3,752.56,4.002978723404255,515,-0.7218202239111954,0.0019066252877515,0.3008375200750183,0,0,2,0,Regular Average Customers
15790.0,9,1,143.43,5.1225000000000005,70,-0.8961965065136501,-0.8594113484539994,-0.8140568511247561,2,0,2,2,New/Occasional Buyers
15791.0,43,2,1297.17,19.95646153846154,575,-0.5256469059834338,-0.4287523615831239,1.2976405399543698,0,0,1,0,Regular Average Customers
15793.0,14,2,133.92000000000002,44.64000000000001,72,-0.841703918200383,-0.4287523615831239,-0.831463062393467,2,0,2,2,New/Occasional Buyers
15795.0,149,1,495.52,14.157714285714285,536,0.6295959662578289,-0.8594113484539994,-0.1696243668344919,1,0,2,1,At-Risk Customers
15796.0,0,9,2044.26,17.932105263157894,787,-0.9942831654775308,2.585860546513004,2.6650439444487133,3,0,3,3,Regular Average Customers
15799.0,75,3,715.04,8.218850574712643,737,-0.1768943407785242,0.0019066252877515,0.2321644341862663,0,0,2,0,Regular Average Customers
15800.0,106,2,588.69,5.400825688073395,320,0.1609597067637317,-0.4287523615831239,0.0009052550273159,2,0,2,2,New/Occasional Buyers
15801.0,45,4,986.04,15.406875,556,-0.5038498706581269,0.432565612158627,0.7281773946300778,0,0,2,0,Regular Average Customers
15803.0,50,1,154.86,30.972,90,-0.4493572823448598,-0.8594113484539994,-0.7931364520920152,2,0,2,2,New/Occasional Buyers
15806.0,45,3,671.22,24.86,418,-0.5038498706581269,0.0019066252877515,0.151960419696791,0,0,2,0,Regular Average Customers
15807.0,49,2,798.1,17.735555555555557,418,-0.4602558000075132,-0.4287523615831239,0.384189661103104,2,0,2,2,New/Occasional Buyers
15809.0,35,5,252.54,9.019285714285711,188,-0.6128350472846611,0.8632245990295024,-0.6143521495969914,0,0,2,0,Regular Average Customers
15810.0,78,7,1077.63,10.166320754716985,733,-0.144198787790564,1.7245425727712531,0.8958151328110696,3,0,1,3,Regular Average Customers
15811.0,16,9,1871.28,15.090967741935485,937,-0.8199068828750762,2.585860546513004,2.3484375905831394,3,0,3,3,Regular Average Customers
15812.0,106,4,506.38000000000005,19.47615384615385,234,0.1609597067637317,0.432565612158627,-0.1497472422941974,0,0,0,0,Regular Average Customers
15813.0,207,2,728.86,24.295333333333332,422,1.2617099906917273,-0.4287523615831239,0.2574592648627737,1,0,0,1,At-Risk Customers
15814.0,16,4,994.09,18.756415094339623,729,-0.8199068828750762,0.432565612158627,0.7429113589532244,0,0,2,0,Regular Average Customers
15815.0,63,3,522.48,27.498947368421053,314,-0.3076765527303653,0.0019066252877515,-0.1202793136479045,2,0,2,2,New/Occasional Buyers
15819.0,48,4,1728.57,15.03104347826087,1165,-0.4711543176701667,0.432565612158627,2.0872346031848505,3,0,1,3,Regular Average Customers
15820.0,319,1,116.98,7.311249999999999,56,2.48234396890891,-0.8594113484539994,-0.8624684481865229,1,0,0,1,At-Risk Customers
15821.0,43,2,396.86,7.631923076923077,184,-0.5256469059834338,-0.4287523615831239,-0.3502023693340729,2,0,2,2,New/Occasional Buyers
15822.0,2,2,627.02,23.222962962962963,344,-0.972486130152224,-0.4287523615831239,0.071060888879018,2,0,2,2,New/Occasional Buyers
15823.0,336,1,-222.6,-27.825000000000003,-72,2.6676187691740183,-0.8594113484539994,-1.4840038028267797,1,0,0,1,At-Risk Customers
15825.0,171,1,199.44,11.731764705882354,176,0.8693633548362042,-0.8594113484539994,-0.7115414049459448,1,0,0,1,At-Risk Customers
15826.0,50,4,1327.02,22.117,832,-0.4493572823448598,0.432565612158627,1.352275177848273,0,0,1,0,Regular Average Customers
15829.0,98,2,517.8199999999999,12.629756097560977,640,0.0737715654625044,-0.4287523615831239,-0.1288085402001857,2,0,2,2,New/Occasional Buyers
15830.0,28,2,431.2,12.32,395,-0.6891246709232351,-0.4287523615831239,-0.2873496569294955,2,0,2,2,New/Occasional Buyers
15831.0,57,4,338.02,6.500384615384615,359,-0.3730676587062859,0.432565612158627,-0.4578975818525743,0,0,2,0,Regular Average Customers
15832.0,253,1,821.49,15.499811320754716,463,1.7630418031737844,-0.8594113484539994,0.4270005214159481,1,0,0,1,At-Risk Customers
15834.0,69,4,1477.53,6.130829875518672,807,-0.2422854467544448,0.432565612158627,1.6277545530379336,0,0,1,0,Regular Average Customers
15835.0,43,4,802.09,17.436739130434784,427,-0.5256469059834338,0.432565612158627,0.3914925825502288,0,0,2,0,Regular Average Customers
15836.0,49,1,49.97,12.4925,19,-0.4602558000075132,-0.8594113484539994,-0.9851172617634226,2,0,2,2,New/Occasional Buyers
15837.0,64,1,300.23,16.679444444444446,179,-0.2967780350677119,-0.8594113484539994,-0.527064850395643,2,0,2,2,New/Occasional Buyers
15838.0,24,5,717.84,71.784,224,-0.7327187415738488,0.8632245990295024,0.2372892913421434,0,0,1,0,Regular Average Customers
15839.0,24,5,994.46,15.785079365079364,586,-0.7327187415738488,0.8632245990295024,0.743588572220251,0,0,1,0,Regular Average Customers
15840.0,58,3,307.9,12.316,308,-0.3621691410436324,0.0019066252877515,-0.5130264024007942,2,0,2,2,New/Occasional Buyers
15841.0,63,6,720.04,18.000999999999998,496,-0.3076765527303653,1.293883585900378,0.241315964821761,0,0,1,0,Regular Average Customers
15843.0,303,1,80.70000000000002,16.140000000000004,24,2.307967686306456,-0.8594113484539994,-0.9288719544776722,1,0,0,1,At-Risk Customers
15844.0,45,1,108.84,10.884,132,-0.5038498706581269,-0.8594113484539994,-0.8773671400611084,2,0,2,2,New/Occasional Buyers
15847.0,37,2,278.04,15.446666666666667,156,-0.5910380119593543,-0.4287523615831239,-0.5676793433559684,2,0,2,2,New/Occasional Buyers
15850.0,18,2,202.97,2.2552222222222222,225,-0.7981098475497693,-0.4287523615831239,-0.7050804243172855,2,0,2,2,New/Occasional Buyers
15852.0,186,2,109.71,5.77421052631579,44,1.0328411197760057,-0.4287523615831239,-0.8757747737305321,1,0,0,1,At-Risk Customers
15853.0,51,1,110.8,3.693333333333333,135,-0.4384587646822064,-0.8594113484539994,-0.8737797400519943,2,0,2,2,New/Occasional Buyers
15854.0,3,11,1986.73,15.521328125000002,579,-0.9615876124895706,3.447178520254755,2.559746432956712,3,0,3,3,Regular Average Customers
15855.0,136,5,712.24,8.903,470,0.4879152366433344,0.8632245990295024,0.2270395770303894,0,0,0,0,Regular Average Customers
15857.0,18,1,174.6,14.55,228,-0.7981098475497693,-0.8594113484539994,-0.7570062091430823,2,0,2,2,New/Occasional Buyers
15858.0,15,5,1175.8,6.836046511627907,1076,-0.8308054005377296,0.8632245990295024,1.0754962853083718,0,0,1,0,Regular Average Customers
15860.0,40,8,754.76,5.99015873015873,349,-0.558342458971394,2.155201559642129,0.3048641935546361,0,0,1,0,Regular Average Customers
15862.0,7,4,657.29,4.905149253731343,382,-0.917993541838957,0.432565612158627,0.1264642553463028,0,0,2,0,Regular Average Customers
15863.0,25,2,42.44,2.829333333333333,16,-0.7218202239111954,-0.4287523615831239,-0.9988994669004776,2,0,2,2,New/Occasional Buyers
15864.0,66,4,329.85,29.98636363636364,85,-0.2749809997424051,0.432565612158627,-0.4728511829109725,0,0,2,0,Regular Average Customers
15865.0,40,3,460.18,19.174166666666668,297,-0.558342458971394,0.0019066252877515,-0.2343073853661683,2,0,2,2,New/Occasional Buyers
15866.0,100,1,161.49,4.140769230769231,120,0.0955686007878112,-0.8594113484539994,-0.7810015224693493,2,0,0,2,New/Occasional Buyers
15869.0,276,2,119.4,8.528571428571428,91,2.0137077094148133,-0.4287523615831239,-0.8580391073589436,1,0,0,1,At-Risk Customers
15870.0,32,1,334.69,4.648472222222222,331,-0.6455306002726214,-0.8594113484539994,-0.4639925012558137,2,0,2,2,New/Occasional Buyers
15872.0,14,2,268.2,2.5788461538461536,182,-0.841703918200383,-0.4287523615831239,-0.585689555646622,2,0,2,2,New/Occasional Buyers
15874.0,62,9,1541.99,15.89680412371134,705,-0.3185750703930188,2.585860546513004,1.7457360859907312,3,0,3,3,Regular Average Customers
15877.0,1,2,376.18,3.108925619834711,260,-0.9833846478148774,-0.4287523615831239,-0.3880531000424789,2,0,2,2,New/Occasional Buyers
15881.0,311,6,193.84,7.7536,56,2.395155827607683,1.293883585900378,-0.7217911192576987,1,0,0,1,At-Risk Customers
15882.0,198,5,404.7600000000001,18.398181818181826,182,1.1636233317278466,0.8632245990295024,-0.3357429509299912,1,0,0,1,At-Risk Customers
15883.0,1,2,348.28,7.571304347826087,219,-0.9833846478148774,-0.4287523615831239,-0.4391186409885392,2,0,2,2,New/Occasional Buyers
15885.0,92,1,258.55,19.888461538461534,101,0.0083804594865838,-0.8594113484539994,-0.6033520097731266,2,0,2,2,New/Occasional Buyers
15886.0,59,1,104.5,11.61111111111111,34,-0.351270623380979,-0.8594113484539994,-0.8853106686527177,2,0,2,2,New/Occasional Buyers
15888.0,79,2,64.77,4.982307692307692,54,-0.1333002701279106,-0.4287523615831239,-0.9580287310823584,2,0,2,2,New/Occasional Buyers
15889.0,156,2,333.67,4.22367088607595,198,0.7058855898964028,-0.4287523615831239,-0.4658594135054546,1,0,0,1,At-Risk Customers
15891.0,226,1,394.32,7.439999999999999,327,1.4687818262821422,-0.8594113484539994,-0.3548513468969042,1,0,0,1,At-Risk Customers
15894.0,252,2,250.3,6.952777777777778,163,1.7521432855111312,-0.4287523615831239,-0.6184520353216929,1,0,0,1,At-Risk Customers
15895.0,149,1,21.85,2.427777777777778,10,0.6295959662578289,-0.8594113484539994,-1.0365854700574446,1,0,0,1,At-Risk Customers
15897.0,193,2,90.53,4.5265,57,1.1091307434145794,-0.4287523615831239,-0.9108800452482898,1,0,0,1,At-Risk Customers
15898.0,0,6,679.33,9.704714285714289,382,-0.9942831654775308,1.293883585900378,0.1668042023875635,0,0,1,0,Regular Average Customers
15900.0,23,1,337.28,7.176170212765957,216,-0.7436172592365022,-0.8594113484539994,-0.4592520083866275,2,0,2,2,New/Occasional Buyers
15901.0,16,3,272.76,2.6481553398058253,283,-0.8199068828750762,0.0019066252877515,-0.5773433597070508,2,0,2,2,New/Occasional Buyers
15903.0,9,8,2050.02,37.96333333333333,1247,-0.8961965065136501,2.155201559642129,2.675586507740803,3,0,3,3,Regular Average Customers
15904.0,7,1,128.23,4.749259259259259,81,-0.917993541838957,-0.8594113484539994,-0.8418775042566599,2,0,2,2,New/Occasional Buyers
15906.0,19,7,1247.79,9.041956521739133,514,-0.7872113298871158,1.7245425727712531,1.2072600233982242,3,0,1,3,Regular Average Customers
15907.0,3,3,757.32,3.572264150943397,464,-0.9615876124895706,0.0019066252877515,0.3095497772400095,0,0,2,0,Regular Average Customers
15909.0,173,1,191.94,27.42,98,0.8911603901615109,-0.8594113484539994,-0.7252687008991867,1,0,0,1,At-Risk Customers
15910.0,0,8,1154.23,4.456486486486487,1005,-0.9942831654775308,2.155201559642129,1.036016582146848,3,0,1,3,Regular Average Customers
15912.0,177,2,254.67,14.148333333333332,184,0.9347544608121248,-0.4287523615831239,-0.6104535975462705,1,0,0,1,At-Risk Customers
15916.0,15,9,1052.34,7.795111111111111,671,-0.8308054005377296,2.585860546513004,0.8495266908567372,3,0,1,3,Regular Average Customers
15917.0,247,1,60.55,6.727777777777778,37,1.697650697197864,-0.8594113484539994,-0.965752622938716,1,0,0,1,At-Risk Customers
15918.0,190,2,334.23,8.35575,153,1.0764351904266192,-0.4287523615831239,-0.4648344420742792,1,0,0,1,At-Risk Customers
15919.0,19,2,483.74,4.065042016806723,381,-0.7872113298871158,-0.4287523615831239,-0.1911853730117173,2,0,2,2,New/Occasional Buyers
15920.0,153,4,158.55,2.6872881355932203,98,0.6731900369084426,0.432565612158627,-0.7863826224830202,1,0,0,1,At-Risk Customers
15921.0,172,1,151.06,7.950526315789474,104,0.8802618724988576,-0.8594113484539994,-0.8000916153749912,1,0,0,1,At-Risk Customers
15925.0,193,1,168.9,15.354545454545455,90,1.1091307434145794,-0.8594113484539994,-0.7674389540675463,1,0,0,1,At-Risk Customers
15930.0,66,1,393.63,20.71736842105263,135,-0.2749809997424051,-0.8594113484539994,-0.3561142581246024,2,0,2,2,New/Occasional Buyers
15932.0,3,10,1565.04,16.3025,1370,-0.9615876124895706,3.0165195333838795,1.7879246422203614,3,0,3,3,Regular Average Customers
15933.0,20,3,1035.05,14.786428571428573,738,-0.7763128122244625,0.0019066252877515,0.8178806979191967,0,0,2,0,Regular Average Customers
15935.0,238,1,91.04,9.104,112,1.5995640382339833,-0.8594113484539994,-0.9099465891234692,1,0,0,1,At-Risk Customers
15937.0,63,1,145.35,20.764285714285712,73,-0.3076765527303653,-0.8594113484539994,-0.8105426633607261,2,0,2,2,New/Occasional Buyers
15938.0,111,5,297.58,19.838666666666665,166,0.2154522950769988,0.8632245990295024,-0.5319151616324552,0,0,0,0,Regular Average Customers
15940.0,310,1,-4.0,-4.0,-1,2.384257309945029,-0.8594113484539994,-1.0838988834429522,1,0,0,1,At-Risk Customers
15942.0,133,1,255.54,23.23090909090909,192,0.4552196836553741,-0.8594113484539994,-0.6088612312156946,2,0,0,2,New/Occasional Buyers
15944.0,276,1,149.9,29.98,34,2.0137077094148133,-0.8594113484539994,-0.8022147704824261,1,0,0,1,At-Risk Customers
15947.0,82,1,349.64,34.964,156,-0.1006047171399503,-0.8594113484539994,-0.4366294246556846,2,0,2,2,New/Occasional Buyers
15948.0,7,2,931.84,15.793898305084744,531,-0.917993541838957,-0.4287523615831239,0.6289748025413157,0,0,2,0,Regular Average Customers
15949.0,16,2,349.6,19.422222222222224,248,-0.8199068828750762,-0.4287523615831239,-0.4367026369007685,2,0,2,2,New/Occasional Buyers
15950.0,1,5,1580.31,17.559,700,-0.9833846478148774,0.8632245990295024,1.815873416781162,3,0,1,3,Regular Average Customers
15951.0,0,3,559.57,15.543611111111112,296,-0.9942831654775308,0.0019066252877515,-0.052393259393805,0,0,2,0,Regular Average Customers
15952.0,33,4,670.0400000000001,8.816315789473686,334,-0.634632082609968,0.432565612158627,0.1498006584668144,0,0,2,0,Regular Average Customers
15953.0,14,9,949.98,11.176235294117648,616,-0.841703918200383,2.585860546513004,0.6621765556868904,3,0,1,3,Regular Average Customers
15957.0,31,1,399.04,9.976,208,-0.6564291179352748,-0.8594113484539994,-0.3462123019769971,2,0,2,2,New/Occasional Buyers
15958.0,73,1,87.85,17.57,31,-0.1986913761038311,-0.8594113484539994,-0.9157852656689148,2,0,2,2,New/Occasional Buyers
15963.0,19,2,434.36,16.706153846153846,294,-0.7872113298871158,-0.4287523615831239,-0.2815658895678627,2,0,2,2,New/Occasional Buyers
15965.0,16,4,752.0,7.09433962264151,393,-0.8199068828750762,0.432565612158627,0.299812548643843,0,0,2,0,Regular Average Customers
15967.0,22,2,352.28,4.697066666666666,200,-0.7545157768991556,-0.4287523615831239,-0.4317974164801434,2,0,2,2,New/Occasional Buyers
15969.0,2,3,272.7,24.79090909090909,90,-0.972486130152224,0.0019066252877515,-0.5774531780746768,2,0,2,2,New/Occasional Buyers
15970.0,303,1,314.1,28.55454545454546,116,2.307967686306456,-0.8594113484539994,-0.5016785044127807,1,0,0,1,At-Risk Customers
15971.0,52,7,273.05,22.754166666666663,127,-0.427560247019553,1.7245425727712531,-0.5768125709301921,0,0,1,0,Regular Average Customers
15975.0,83,1,371.01,15.45875,243,-0.0897061994772969,-0.8594113484539994,-0.3975157827195804,2,0,2,2,New/Occasional Buyers
15976.0,164,2,375.78,4.175333333333334,234,0.7930737311976302,-0.4287523615831239,-0.3887852224933183,1,0,0,1,At-Risk Customers
15977.0,16,2,633.32,12.924897959183674,425,-0.8199068828750762,-0.4287523615831239,0.0825918174797414,2,0,2,2,New/Occasional Buyers
15978.0,76,1,942.58,21.422272727272727,748,-0.1659958231158708,-0.8594113484539994,0.6486322903463583,2,0,2,2,New/Occasional Buyers
15980.0,88,3,1250.0,43.10344827586207,530,-0.0352136111640298,0.0019066252877515,1.211304999939113,0,0,1,0,Regular Average Customers
15981.0,24,8,2328.48,27.72,1306,-0.7327187415738488,2.155201559642129,3.1852535518927727,3,0,1,3,Regular Average Customers
15983.0,21,4,1119.91,10.872912621359225,662,-0.7654142945618091,0.432565612158627,0.9732004758648124,0,0,1,0,Regular Average Customers
15984.0,2,10,1794.96,7.326367346938776,1052,-0.972486130152224,3.0165195333838795,2.208748626962949,3,0,3,3,Regular Average Customers
15985.0,122,2,569.1800000000001,21.891538461538463,482,0.3353359893661865,-0.4287523615831239,-0.0348040175123842,2,0,2,2,New/Occasional Buyers
15986.0,29,1,126.12,11.465454545454543,148,-0.6782261532605817,-0.8594113484539994,-0.8457394501848386,2,0,2,2,New/Occasional Buyers
15987.0,11,5,506.44,4.403826086956522,405,-0.8743994711883433,0.8632245990295024,-0.1496374239265715,0,0,1,0,Regular Average Customers
15988.0,18,1,112.13,5.096818181818182,77,-0.7981098475497693,-0.8594113484539994,-0.8713454329029529,2,0,2,2,New/Occasional Buyers
15990.0,43,2,604.01,13.422444444444444,325,-0.5256469059834338,-0.4287523615831239,0.0289455448944715,2,0,2,2,New/Occasional Buyers
15992.0,3,1,27.04,13.52,16,-0.9615876124895706,-0.8594113484539994,-1.0270861812578014,2,0,2,2,New/Occasional Buyers
15993.0,8,9,2228.93,4.361898238747553,1897,-0.9070950241763036,2.585860546513004,3.0030465769400734,3,0,3,3,Regular Average Customers
15994.0,54,1,342.37,11.805862068965515,135,-0.4057632116942461,-0.8594113484539994,-0.4499357501996939,2,0,2,2,New/Occasional Buyers
15996.0,87,6,792.23,7.268165137614679,357,-0.0461121288266832,1.293883585900378,0.3734457641370333,0,0,1,0,Regular Average Customers
15998.0,36,6,2458.31,5.379234135667396,1925,-0.6019365296220077,1.293883585900378,3.422882196374028,3,0,1,3,Regular Average Customers
16003.0,29,5,1628.87,17.5147311827957,1059,-0.6782261532605817,0.8632245990295024,1.904753082313087,3,0,1,3,Regular Average Customers
16005.0,11,4,470.06,2.5003191489361702,267,-0.8743994711883433,0.432565612158627,-0.2162239608304308,0,0,2,0,Regular Average Customers
16006.0,210,1,101.4,12.675,84,1.2944055436796875,-0.8594113484539994,-0.8909846176467244,1,0,0,1,At-Risk Customers
16007.0,47,4,1592.62,4.26975871313673,1284,-0.4820528353328201,0.432565612158627,1.8384044852057504,0,0,1,0,Regular Average Customers
16008.0,23,3,428.26,13.81483870967742,271,-0.7436172592365022,0.0019066252877515,-0.2927307569431663,2,0,2,2,New/Occasional Buyers
16009.0,21,4,665.1600000000001,9.927761194029852,333,-0.7654142945618091,0.432565612158627,0.1408687645665716,0,0,2,0,Regular Average Customers
16010.0,245,3,392.4,4.9670886075949365,202,1.6758536618725572,0.0019066252877515,-0.3583655346609342,1,0,0,1,At-Risk Customers
16012.0,34,3,984.87,11.58670588235294,625,-0.6237335649473146,0.0019066252877515,0.7260359364613722,0,0,2,0,Regular Average Customers
16013.0,7,9,839.6999999999999,18.25434782608696,673,-0.917993541838957,2.585860546513004,0.4603303959904196,3,0,1,3,Regular Average Customers
16014.0,35,4,545.33,4.100225563909775,244,-0.6128350472846611,0.432565612158627,-0.0784568186436938,0,0,2,0,Regular Average Customers
16015.0,3,4,552.0,3.1186440677966103,674,-0.9615876124895706,0.432565612158627,-0.066248676775944,0,0,2,0,Regular Average Customers
16016.0,2,8,1246.56,5.936,579,-0.972486130152224,2.155201559642129,1.2050087468618924,3,0,1,3,Regular Average Customers
16017.0,46,1,172.03,5.734333333333334,99,-0.4929513529954735,-0.8594113484539994,-0.7617100958897266,2,0,2,2,New/Occasional Buyers
16018.0,38,2,332.46,13.8525,147,-0.5801394942967009,-0.4287523615831239,-0.4680740839192444,2,0,2,2,New/Occasional Buyers
16019.0,1,10,2365.13,17.263722627737227,1458,-0.9833846478148774,3.0165195333838795,3.252334271450949,3,0,3,3,Regular Average Customers
16020.0,16,3,707.01,16.442093023255815,443,-0.8199068828750762,0.0019066252877515,0.2174670759856619,0,0,2,0,Regular Average Customers
16022.0,259,1,532.28,8.188923076923077,248,1.828432909149705,-0.8594113484539994,-0.1023423136023351,1,0,0,1,At-Risk Customers
16023.0,45,3,548.86,6.098444444444445,341,-0.5038498706581269,0.0019066252877515,-0.0719958380150346,2,0,2,2,New/Occasional Buyers
16024.0,11,1,224.39,3.739833333333333,277,-0.8743994711883433,-0.8594113484539994,-0.6658752670748264,2,0,2,2,New/Occasional Buyers
16025.0,29,1,423.16,15.672592592592592,336,-0.6782261532605817,-0.8594113484539994,-0.3020653181913709,2,0,2,2,New/Occasional Buyers
16026.0,42,1,236.09,7.3778125,243,-0.5365454236460871,-0.8594113484539994,-0.6444606853877687,2,0,2,2,New/Occasional Buyers
16027.0,136,3,64.75,16.1875,25,0.4879152366433344,0.0019066252877515,-0.9580653372049004,2,0,0,2,New/Occasional Buyers
16030.0,309,1,312.85,11.587037037037035,246,2.373358792282376,-0.8594113484539994,-0.5039663870716544,1,0,0,1,At-Risk Customers
16031.0,91,2,434.05,4.876966292134831,412,-0.0025180581760695,-0.4287523615831239,-0.2821332844672634,2,0,2,2,New/Occasional Buyers
16034.0,195,3,407.1,19.38571428571429,206,1.1309277787398864,0.0019066252877515,-0.3314600345925798,1,0,0,1,At-Risk Customers
16036.0,86,2,607.69,11.915490196078432,499,-0.0570106464893366,-0.4287523615831239,0.0356810714421957,2,0,2,2,New/Occasional Buyers
16037.0,269,3,675.4200000000001,18.76166666666667,420,1.9374180857762395,0.0019066252877515,0.1596477054306067,1,0,0,1,At-Risk Customers
16038.0,7,4,424.48,16.979200000000002,238,-0.917993541838957,0.432565612158627,-0.2996493141036002,0,0,2,0,Regular Average Customers
16040.0,64,3,1018.86,20.3772,492,-0.2967780350677119,0.0019066252877515,0.788248041721465,0,0,2,0,Regular Average Customers
16042.0,21,7,1061.27,15.839850746268656,695,-0.7654142945618091,1.7245425727712531,0.8658713245717308,3,0,1,3,Regular Average Customers
16043.0,37,4,598.74,19.3141935483871,377,-0.5910380119593543,0.432565612158627,0.0192998316046602,0,0,2,0,Regular Average Customers
16045.0,119,4,1133.4,15.741666666666667,875,0.3026404363782262,0.432565612158627,0.9978913055193772,0,0,0,0,Regular Average Customers
16049.0,39,3,973.99,3.358586206896552,719,-0.5692409766340475,0.0019066252877515,0.7061222057985358,0,0,2,0,Regular Average Customers
16050.0,173,1,77.48,15.496,48,0.8911603901615109,-0.8594113484539994,-0.9347655402069308,1,0,0,1,At-Risk Customers
16052.0,53,1,303.54,9.791612903225808,230,-0.4166617293568995,-0.8594113484539994,-0.5210065371149455,2,0,2,2,New/Occasional Buyers
16053.0,32,2,1075.45,15.36357142857143,721,-0.6455306002726214,-0.4287523615831239,0.8918250654539939,0,0,2,0,Regular Average Customers
16054.0,144,1,608.5600000000001,11.064727272727271,331,0.5751033779445618,-0.8594113484539994,0.0372734377727718,1,0,2,1,At-Risk Customers
16055.0,220,1,78.0,15.6,18,1.4033907203062217,-0.8594113484539994,-0.9338137810208396,1,0,0,1,At-Risk Customers
16056.0,44,1,485.85,8.523684210526316,285,-0.5147483883207804,-0.8594113484539994,-0.1873234270835385,2,0,2,2,New/Occasional Buyers
16057.0,3,10,1893.07,16.752831858407077,808,-0.9615876124895706,3.0165195333838795,2.388319961092625,3,0,3,3,Regular Average Customers
16059.0,65,6,1303.51,7.948231707317073,625,-0.2858795174050585,1.293883585900378,1.309244680800177,3,0,1,3,Regular Average Customers
16062.0,9,4,571.52,10.583703703703703,692,-0.8961965065136501,0.432565612158627,-0.0305211011749728,0,0,2,0,Regular Average Customers
16063.0,259,1,335.32,14.57913043478261,262,1.828432909149705,-0.8594113484539994,-0.4628394083957414,1,0,0,1,At-Risk Customers
16066.0,16,5,1085.74,13.240731707317073,609,-0.8199068828750762,0.8632245990295024,0.9106589155018416,0,0,1,0,Regular Average Customers
16070.0,21,2,852.15,25.82272727272727,457,-0.7654142945618091,-0.4287523615831239,0.4831177072728014,0,0,2,0,Regular Average Customers
16071.0,44,1,299.29,15.752105263157896,177,-0.5147483883207804,-0.8594113484539994,-0.528785338155116,2,0,2,2,New/Occasional Buyers
16072.0,287,1,138.15,19.735714285714288,51,2.133591403704001,-0.8594113484539994,-0.8237208674758385,1,0,0,1,At-Risk Customers
16073.0,291,1,-28.05,-28.05,-11,2.1771854743546144,-0.8594113484539994,-1.1279177457996814,1,0,0,1,At-Risk Customers
16076.0,2,9,2002.96,16.974237288135594,1122,-0.972486130152224,2.585860546513004,2.589452301399528,3,0,3,3,Regular Average Customers
16078.0,283,1,79.2,79.2,16,2.089997333053387,-0.8594113484539994,-0.9316174136683208,1,0,0,1,At-Risk Customers
16079.0,16,3,98.34,14.04857142857143,96,-0.8199068828750762,0.0019066252877515,-0.896585354395647,2,0,2,2,New/Occasional Buyers
16080.0,81,2,217.16,21.716,128,-0.1115032348026037,-0.4287523615831239,-0.6791083803737517,2,0,2,2,New/Occasional Buyers
16081.0,55,5,2321.37,11.323756097560976,1335,-0.3948646940315927,0.8632245990295024,3.1722400753291,3,0,1,3,Regular Average Customers
16083.0,100,2,606.14,27.55181818181818,410,0.0955686007878112,-0.4287523615831239,0.0328440969451923,2,0,2,2,New/Occasional Buyers
16084.0,298,1,397.58,11.359428571428571,212,2.253475097993189,-0.8594113484539994,-0.3488845489225617,1,0,0,1,At-Risk Customers
16085.0,22,5,852.4,5.464102564102564,483,-0.7545157768991556,0.8632245990295024,0.4835752838045761,0,0,1,0,Regular Average Customers
16086.0,58,6,791.98,25.54774193548387,401,-0.3621691410436324,1.293883585900378,0.3729881876052585,0,0,1,0,Regular Average Customers
16091.0,154,2,315.06,17.503333333333334,154,0.684088554571096,-0.4287523615831239,-0.4999214105307658,1,0,0,1,At-Risk Customers
16092.0,114,4,744.0600000000001,15.184897959183674,620,0.2481478480649591,0.432565612158627,0.2852799179946776,0,0,0,0,Regular Average Customers
16093.0,106,1,17.0,17.0,20,0.1609597067637317,-0.8594113484539994,-1.0454624547738744,2,0,0,2,New/Occasional Buyers
16094.0,11,6,819.48,14.899636363636365,612,-0.8743994711883433,1.293883585900378,0.4233216061004792,0,0,1,0,Regular Average Customers
16096.0,263,1,124.62,15.5775,146,1.8720269798003188,-0.8594113484539994,-0.848484909375487,1,0,0,1,At-Risk Customers
16097.0,239,1,110.4,18.4,80,1.6104625558966366,-0.8594113484539994,-0.874511862502834,1,0,0,1,At-Risk Customers
16098.0,87,7,1107.51,20.509444444444444,435,-0.0461121288266832,1.7245425727712531,0.9505046798887856,3,0,1,3,Regular Average Customers
16099.0,49,3,731.9,18.766666666666666,434,-0.4602558000075132,0.0019066252877515,0.2630233954891544,0,0,2,0,Regular Average Customers
16101.0,8,3,1229.46,15.36825,736,-0.9070950241763036,0.0019066252877515,1.1737105120885007,0,0,1,0,Regular Average Customers
16102.0,41,3,1562.74,29.48566037735849,784,-0.5474439413087406,0.0019066252877515,1.783714938128034,0,0,1,0,Regular Average Customers
16103.0,79,4,644.6,26.85833333333333,304,-0.1333002701279106,0.432565612158627,0.1032376705934174,0,0,2,0,Regular Average Customers
16104.0,61,1,239.41,9.208076923076923,118,-0.3294735880556722,-0.8594113484539994,-0.6383840690458004,2,0,2,2,New/Occasional Buyers
16105.0,248,1,165.6,15.054545454545456,186,1.7085492148605177,-0.8594113484539994,-0.7734789642869727,1,0,0,1,At-Risk Customers
16106.0,65,1,108.38,18.063333333333333,74,-0.2858795174050585,-0.8594113484539994,-0.8782090808795738,2,0,2,2,New/Occasional Buyers
16107.0,28,6,577.9000000000001,38.52666666666667,154,-0.6891246709232351,1.293883585900378,-0.0188437480840814,0,0,1,0,Regular Average Customers
16108.0,84,1,811.58,17.64304347826087,565,-0.0788076818146435,-0.8594113484539994,0.4088621876963977,2,0,2,2,New/Occasional Buyers
16109.0,218,2,208.32,18.938181818181818,192,1.381593684980915,-0.4287523615831239,-0.6952882865373062,1,0,0,1,At-Risk Customers
16110.0,44,3,1232.15,3.6890718562874256,711,-0.5147483883207804,0.0019066252877515,1.178634035570397,0,0,1,0,Regular Average Customers
16112.0,142,2,100.7,8.391666666666667,190,0.5533063426192549,-0.4287523615831239,-0.8922658319356936,2,0,0,2,New/Occasional Buyers
16113.0,182,1,110.15,4.07962962962963,55,0.9892470491253916,-0.8594113484539994,-0.8749694390346088,1,0,0,1,At-Risk Customers
16114.0,170,1,135.75000000000003,16.968750000000004,43,0.8584648371735507,-0.8594113484539994,-0.8281136021808759,1,0,0,1,At-Risk Customers
16115.0,9,8,1512.38,5.643208955223881,978,-0.8961965065136501,2.155201559642129,1.6915407215673317,3,0,1,3,Regular Average Customers
16116.0,211,1,446.98,16.554814814814815,232,1.305304061342341,-0.8594113484539994,-0.2584674262438742,1,0,0,1,At-Risk Customers
16117.0,189,1,195.31,6.975357142857143,126,1.0655366727639657,-0.8594113484539994,-0.7191005692508633,1,0,0,1,At-Risk Customers
16119.0,7,2,363.96,24.264000000000003,204,-0.917993541838957,-0.4287523615831239,-0.4104194409156278,2,0,2,2,New/Occasional Buyers
16120.0,58,4,573.1,26.05,310,-0.3621691410436324,0.432565612158627,-0.0276292174941564,0,0,2,0,Regular Average Customers
16121.0,56,2,817.51,4.08755,572,-0.3839661763689393,-0.4287523615831239,0.4197159030300943,2,0,2,2,New/Occasional Buyers
16122.0,72,4,342.18,14.877391304347826,224,-0.2095898937664845,0.432565612158627,-0.4502835083638427,0,0,2,0,Regular Average Customers
16123.0,51,1,254.88,18.205714285714286,164,-0.4384587646822064,-0.8594113484539994,-0.6100692332595797,2,0,2,2,New/Occasional Buyers
16124.0,315,2,102.4,11.377777777777778,36,2.4387498982582967,-0.4287523615831239,-0.8891543115196254,1,0,0,1,At-Risk Customers
16127.0,38,1,656.25,16.40625,323,-0.5801394942967009,-0.8594113484539994,0.1245607369741199,2,0,2,2,New/Occasional Buyers
16128.0,17,5,1819.27,20.91114942528736,983,-0.8090083652124227,0.8632245990295024,2.253243368912724,3,0,1,3,Regular Average Customers
16131.0,51,5,1984.64,38.16615384615385,1004,-0.4384587646822064,0.8632245990295024,2.5559210931510745,3,0,1,3,Regular Average Customers
16134.0,21,3,571.89,15.456486486486488,353,-0.7654142945618091,0.0019066252877515,-0.0298438879079462,0,0,2,0,Regular Average Customers
16135.0,262,1,313.7,17.427777777777777,190,1.8611284621376651,-0.8594113484539994,-0.5024106268636204,1,0,0,1,At-Risk Customers
16136.0,59,3,535.94,16.748125,376,-0.351270623380979,0.0019066252877515,-0.0956433931771528,2,0,2,2,New/Occasional Buyers
16139.0,18,3,635.41,20.497096774193547,330,-0.7981098475497693,0.0019066252877515,0.0864171572853781,0,0,2,0,Regular Average Customers
16140.0,52,3,497.49,15.5465625,403,-0.427560247019553,0.0019066252877515,-0.166018663764107,2,0,2,2,New/Occasional Buyers
16141.0,87,1,430.7000000000001,19.577272727272728,218,-0.0461121288266832,-0.8594113484539994,-0.2882648099930448,2,0,2,2,New/Occasional Buyers
16142.0,249,1,356.04,12.715714285714286,358,1.719447732523171,-0.8594113484539994,-0.4249154654422514,1,0,0,1,At-Risk Customers
16143.0,2,7,1943.09,17.349017857142858,864,-0.972486130152224,1.7245425727712531,2.479871873570114,3,0,1,3,Regular Average Customers
16146.0,203,2,557.13,20.634444444444444,327,1.2181159200411136,-0.4287523615831239,-0.0568592063439265,1,0,0,1,At-Risk Customers
16147.0,133,1,243.08,16.205333333333336,186,0.4552196836553741,-0.8594113484539994,-0.6316668455593472,2,0,0,2,New/Occasional Buyers
16149.0,4,2,251.24,15.7025,212,-0.9506890948269172,-0.4287523615831239,-0.6167315475622198,2,0,2,2,New/Occasional Buyers
16150.0,38,10,1734.17,13.985241935483872,984,-0.5801394942967009,3.0165195333838795,2.0974843174966047,3,0,3,3,Regular Average Customers
16152.0,268,1,712.46,64.7690909090909,230,1.9265195681135856,-0.8594113484539994,0.2274422443783512,1,0,0,1,At-Risk Customers
16153.0,49,5,1463.53,18.525696202531645,777,-0.4602558000075132,0.8632245990295024,1.6021302672585485,3,0,1,3,Regular Average Customers
16157.0,15,4,357.5,23.83333333333333,134,-0.8308054005377296,0.432565612158627,-0.422243218496687,0,0,2,0,Regular Average Customers
16159.0,281,1,348.2,24.87142857142857,236,2.0682002977280805,-0.8594113484539994,-0.4392650654787071,1,0,0,1,At-Risk Customers
16160.0,63,3,157.11,31.422,21,-0.3076765527303653,0.0019066252877515,-0.7890182633060426,2,0,2,2,New/Occasional Buyers
16162.0,251,1,11.9,11.9,2,1.7412447678484777,-0.8594113484539994,-1.0547970160220792,1,0,0,1,At-Risk Customers
16164.0,16,3,678.54,21.204375,395,-0.8199068828750762,0.0019066252877515,0.1653582605471552,0,0,2,0,Regular Average Customers
16169.0,7,4,1651.8200000000002,21.734473684210528,1052,-0.917993541838957,0.432565612158627,1.9467586079300077,3,0,1,3,Regular Average Customers
16170.0,50,7,1593.89,14.231160714285712,1193,-0.4493572823448598,1.7245425727712531,1.8407289739871653,3,0,1,3,Regular Average Customers
16171.0,58,1,73.2,24.4,24,-0.3621691410436324,-0.8594113484539994,-0.9425992504309144,2,0,2,2,New/Occasional Buyers
16172.0,94,5,1091.31,16.28820895522388,749,0.0301774948118907,0.8632245990295024,0.9208537206297828,0,0,1,0,Regular Average Customers
16173.0,15,7,1204.87,16.064933333333336,550,-0.8308054005377296,1.7245425727712531,1.1287032844231382,3,0,1,3,Regular Average Customers
16174.0,125,2,313.0,19.5625,188,0.3680315423541467,-0.4287523615831239,-0.5036918411525896,2,0,0,2,New/Occasional Buyers
16175.0,93,4,885.09,17.701800000000002,519,0.0192789771492372,0.432565612158627,0.5434079910994404,0,0,2,0,Regular Average Customers
16177.0,49,1,179.35,17.935,79,-0.4602558000075132,-0.8594113484539994,-0.7483122550393623,2,0,2,2,New/Occasional Buyers
16178.0,137,1,150.1,21.442857142857143,90,0.4988137543059878,-0.8594113484539994,-0.8018487092570061,2,0,0,2,New/Occasional Buyers
16179.0,60,1,177.58,17.758000000000003,96,-0.3403721057183256,-0.8594113484539994,-0.7515518968843274,2,0,2,2,New/Occasional Buyers
16180.0,99,10,1891.63,17.041711711711713,1160,0.0846700831251578,3.0165195333838795,2.385684320269603,3,0,3,3,Regular Average Customers
16181.0,72,1,163.94,16.394,104,-0.2095898937664845,-0.8594113484539994,-0.776517272457957,2,0,2,2,New/Occasional Buyers
16182.0,71,1,72.8,18.2,40,-0.2204884114291379,-0.8594113484539994,-0.943331372881754,2,0,2,2,New/Occasional Buyers
16183.0,66,1,338.71000000000004,22.58066666666667,113,-0.2749809997424051,-0.8594113484539994,-0.4566346706248759,2,0,2,2,New/Occasional Buyers
16184.0,63,7,719.33,22.4790625,395,-0.3076765527303653,1.7245425727712531,0.2400164474715209,0,0,1,0,Regular Average Customers
16185.0,16,2,473.26,17.528148148148148,254,-0.8199068828750762,-0.4287523615831239,-0.2103669812237142,2,0,2,2,New/Occasional Buyers
16188.0,44,4,910.87,14.458253968253969,741,-0.5147483883207804,0.432565612158627,0.590593283056051,0,0,2,0,Regular Average Customers
16189.0,15,2,125.57999999999998,15.697499999999998,84,-0.8308054005377296,-0.4287523615831239,-0.8467278154934721,2,0,2,2,New/Occasional Buyers
16190.0,39,1,94.99,23.7475,37,-0.5692409766340475,-0.8594113484539994,-0.9027168799214286,2,0,2,2,New/Occasional Buyers
16193.0,236,1,280.63,16.50764705882353,169,1.5777670029086763,-0.8594113484539994,-0.5629388504867822,1,0,0,1,At-Risk Customers
16198.0,74,1,286.281,26.02554545454545,117,-0.1877928584411777,-0.8594113484539994,-0.552595790562546,2,0,2,2,New/Occasional Buyers
16200.0,3,2,854.4200000000001,5.442165605095542,493,-0.9615876124895706,-0.4287523615831239,0.4872725021813162,0,0,2,0,Regular Average Customers
16201.0,2,5,1697.97,15.43609090909091,1183,-0.972486130152224,0.8632245990295024,2.031227235695623,3,0,1,3,Regular Average Customers
16203.0,58,5,589.15,16.365277777777777,261,-0.3621691410436324,0.8632245990295024,0.0017471958457813,0,0,2,0,Regular Average Customers
16204.0,22,1,384.18,7.6836,218,-0.7545157768991556,-0.8594113484539994,-0.3734106510256874,2,0,2,2,New/Occasional Buyers
16205.0,30,4,609.93,6.702527472527472,334,-0.6673276355979283,0.432565612158627,0.0397809571668971,0,0,2,0,Regular Average Customers
16206.0,54,4,502.71,8.520508474576271,268,-0.4057632116942461,0.432565612158627,-0.1564644657806505,0,0,2,0,Regular Average Customers
16207.0,24,1,310.38,18.25764705882353,134,-0.7327187415738488,-0.8594113484539994,-0.5084872432055888,2,0,2,2,New/Occasional Buyers
16208.0,44,2,534.06,8.901,321,-0.5147483883207804,-0.4287523615831239,-0.099084368696099,2,0,2,2,New/Occasional Buyers
16209.0,88,4,744.28,19.08410256410256,480,-0.0352136111640298,0.432565612158627,0.2856825853426392,0,0,2,0,Regular Average Customers
16211.0,80,2,324.97,15.474761904761904,133,-0.1224017524652572,-0.4287523615831239,-0.4817830768112153,2,0,2,2,New/Occasional Buyers
16212.0,18,3,542.94,15.968823529411766,226,-0.7981098475497693,0.0019066252877515,-0.0828312502874603,0,0,2,0,Regular Average Customers
16213.0,78,1,82.5,16.5,42,-0.144198787790564,-0.8594113484539994,-0.9255774034488944,2,0,2,2,New/Occasional Buyers
16214.0,170,3,653.45,19.801515151515154,338,0.8584648371735507,0.0019066252877515,0.119435879818243,1,0,0,1,At-Risk Customers
16215.0,80,1,186.9,18.69,98,-0.1224017524652572,-0.8594113484539994,-0.7344934437797654,2,0,2,2,New/Occasional Buyers
16216.0,266,1,605.88,19.544516129032257,240,1.904722532788279,-0.8594113484539994,0.0323682173521465,1,0,0,1,At-Risk Customers
16217.0,234,4,243.59000000000003,13.53277777777778,74,1.5559699675833696,0.432565612158627,-0.6307333894345267,1,0,0,1,At-Risk Customers
16218.0,29,6,1164.72,19.09377049180328,808,-0.6782261532605817,1.293883585900378,1.0552164934201158,0,0,1,0,Regular Average Customers
16221.0,36,3,668.08,7.953333333333334,426,-0.6019365296220077,0.0019066252877515,0.1462132584577004,0,0,2,0,Regular Average Customers
16222.0,317,1,620.7,5.747222222222223,309,2.460546933583604,-0.8594113484539994,0.0594933541557529,1,0,0,1,At-Risk Customers
16224.0,56,4,1072.85,12.92590361445783,969,-0.3839661763689393,0.432565612158627,0.8870662695235363,0,0,2,0,Regular Average Customers
16225.0,44,5,1077.87,8.165681818181818,491,-0.5147483883207804,0.8632245990295024,0.8962544062815734,0,0,1,0,Regular Average Customers
16226.0,202,3,181.2,30.200000000000003,96,1.2072174023784603,0.0019066252877515,-0.7449261887042292,1,0,0,1,At-Risk Customers
16227.0,218,2,308.32000000000005,44.04571428571429,88,1.381593684980915,-0.4287523615831239,-0.5122576738274125,1,0,0,1,At-Risk Customers
16229.0,86,2,836.6,19.455813953488374,300,-0.0570106464893366,-0.4287523615831239,0.454656446996413,2,0,2,2,New/Occasional Buyers
16230.0,189,2,516.53,15.192058823529411,363,1.0655366727639657,-0.4287523615831239,-0.1311696351041433,1,0,0,1,At-Risk Customers
16232.0,32,5,788.23,22.520857142857142,391,-0.6455306002726214,0.8632245990295024,0.3661245396286375,0,0,1,0,Regular Average Customers
16233.0,70,2,373.38,19.65157894736842,160,-0.2313869290917914,-0.4287523615831239,-0.3931779571983559,2,0,2,2,New/Occasional Buyers
16235.0,40,5,586.8100000000001,17.259117647058826,301,-0.558342458971394,0.8632245990295024,-0.0025357204916299,0,0,2,0,Regular Average Customers
16236.0,77,1,416.3,21.910526315789475,182,-0.1550973054532174,-0.8594113484539994,-0.3146212182232695,2,0,2,2,New/Occasional Buyers
16239.0,56,3,321.9,16.095,214,-0.3839661763689393,0.0019066252877515,-0.4874021166214091,2,0,2,2,New/Occasional Buyers
16240.0,8,4,2038.13,16.984416666666668,1324,-0.9070950241763036,0.432565612158627,2.653824167889597,3,0,1,3,Regular Average Customers
16243.0,33,2,227.4,5.546341463414635,99,-0.634632082609968,-0.4287523615831239,-0.6603660456322585,2,0,2,2,New/Occasional Buyers
16244.0,211,2,1475.05,16.761931818181818,849,1.305304061342341,-0.4287523615831239,1.6232153938427285,1,0,0,1,At-Risk Customers
16245.0,23,4,1208.91,14.742804878048782,821,-0.7436172592365022,0.432565612158627,1.136097721176618,0,0,1,0,Regular Average Customers
16247.0,169,1,56.28,5.116363636363636,47,0.8475663195108973,-0.8594113484539994,-0.9735680301014284,1,0,0,1,At-Risk Customers
16248.0,61,1,152.94,21.84857142857143,78,-0.3294735880556722,-0.8594113484539994,-0.7966506398560452,2,0,2,2,New/Occasional Buyers
16249.0,52,5,1103.39,21.219038461538464,660,-0.427560247019553,0.8632245990295024,0.9429638186451382,0,0,1,0,Regular Average Customers
16250.0,260,2,373.54,16.24086956521739,206,1.8393314268123584,-0.4287523615831239,-0.39288510821802,1,0,0,1,At-Risk Customers
16253.0,66,2,2191.18,27.38975,1405,-0.2749809997424051,-0.4287523615831239,2.9339525206420887,3,0,1,3,Regular Average Customers
16255.0,16,10,2170.0,8.68,1346,-0.8199068828750762,3.0165195333838795,2.895186636870134,3,0,3,3,Regular Average Customers
16256.0,257,2,150.15,21.45,73,1.8066358738243984,-0.4287523615831239,-0.8017571939506513,1,0,0,1,At-Risk Customers
16260.0,50,1,427.4500000000001,32.88076923076923,113,-0.4493572823448598,-0.8594113484539994,-0.2942133049061163,2,0,2,2,New/Occasional Buyers
16261.0,16,4,597.09,5.477889908256881,288,-0.8199068828750762,0.432565612158627,0.016279826494947,0,0,2,0,Regular Average Customers
16266.0,73,7,607.99,12.93595744680851,372,-0.1986913761038311,1.7245425727712531,0.0362301632803253,0,0,1,0,Regular Average Customers
16268.0,70,2,495.2,13.031578947368422,521,-0.2313869290917914,-0.4287523615831239,-0.1702100647951636,2,0,2,2,New/Occasional Buyers
16271.0,15,5,1215.9,9.7272,863,-0.8308054005377296,0.8632245990295024,1.1488915610050394,0,0,1,0,Regular Average Customers
16272.0,116,1,411.7,16.468,224,0.2699448833902659,-0.8594113484539994,-0.3230406264079247,2,0,2,2,New/Occasional Buyers
16275.0,196,1,322.12,15.33904761904762,266,1.1418262964025396,-0.8594113484539994,-0.4869994492734473,1,0,0,1,At-Risk Customers
16276.0,176,1,177.0,44.25,84,0.9238559431494712,-0.8594113484539994,-0.7526134744380448,1,0,0,1,At-Risk Customers
16278.0,93,2,195.23,13.015333333333334,93,0.0192789771492372,-0.4287523615831239,-0.7192469937410312,2,0,2,2,New/Occasional Buyers
16279.0,20,4,1388.05,13.743069306930693,907,-0.7763128122244625,0.432565612158627,1.463978760785121,0,0,1,0,Regular Average Customers
16281.0,71,1,121.5,30.375,62,-0.2204884114291379,-0.8594113484539994,-0.8541954644920358,2,0,2,2,New/Occasional Buyers
16283.0,5,7,1282.81,8.495430463576158,1042,-0.9397905771642638,1.7245425727712531,1.271357343969229,3,0,1,3,Regular Average Customers
16284.0,30,2,759.84,7.753469387755103,436,-0.6673276355979283,-0.4287523615831239,0.3141621486802988,2,0,2,2,New/Occasional Buyers
16287.0,169,1,125.22,17.88857142857143,82,0.8475663195108973,-0.8594113484539994,-0.8473867256992277,1,0,0,1,At-Risk Customers
16292.0,116,2,280.9,16.523529411764706,188,0.2699448833902659,-0.4287523615831239,-0.5624446678324655,2,0,0,2,New/Occasional Buyers
16293.0,8,11,1873.99,18.55435643564357,946,-0.9070950241763036,3.447178520254755,2.3533977201875778,3,0,3,3,Regular Average Customers
16295.0,9,4,967.26,15.85672131147541,654,-0.8961965065136501,0.432565612158627,0.6938042455631599,0,0,2,0,Regular Average Customers
16297.0,212,3,271.24,13.562,166,1.3162025790049945,0.0019066252877515,-0.5801254250202411,1,0,0,1,At-Risk Customers
16298.0,22,3,385.2,16.747826086956522,176,-0.7545157768991556,0.0019066252877515,-0.3715437387760465,2,0,2,2,New/Occasional Buyers
16302.0,126,1,233.22,21.201818181818183,158,0.3789300600168002,-0.8594113484539994,-0.6497136639725426,2,0,0,2,New/Occasional Buyers
16305.0,138,1,361.22,16.419090909090908,256,0.5097122719686412,-0.8594113484539994,-0.415434479703879,2,0,0,2,New/Occasional Buyers
16306.0,213,9,555.17,13.218333333333332,393,1.3271010966676478,2.585860546513004,-0.0604466063530404,0,-1,3,0,Regular Average Customers
16309.0,105,2,666.77,16.669249999999998,463,0.1500611891010783,-0.4287523615831239,0.1438155574312007,2,0,2,2,New/Occasional Buyers
16311.0,17,2,568.89,16.73205882352941,343,-0.8090083652124227,-0.4287523615831239,-0.035334806289243,2,0,2,2,New/Occasional Buyers
16313.0,2,2,203.57,16.964166666666667,89,-0.972486130152224,-0.4287523615831239,-0.7039822406410261,2,0,2,2,New/Occasional Buyers
16315.0,330,1,155.52,15.552,68,2.602227663198098,-0.8594113484539994,-0.7919284500481301,1,0,0,1,At-Risk Customers
16316.0,63,9,1775.97,14.20776,1298,-0.3076765527303653,2.585860546513004,2.17399111360934,3,0,3,3,Regular Average Customers
16317.0,119,3,1055.63,17.305409836065575,726,0.3026404363782262,0.0019066252877515,0.855548398014893,0,0,0,0,Regular Average Customers
16318.0,34,1,304.75,16.930555555555557,163,-0.6237335649473146,-0.8594113484539994,-0.5187918667011558,2,0,2,2,New/Occasional Buyers
16319.0,217,1,404.4,134.8,72,1.3706951673182617,-0.8594113484539994,-0.3364018611357469,1,0,0,1,At-Risk Customers
16320.0,171,2,922.64,18.09098039215686,686,0.8693633548362042,-0.4287523615831239,0.6121359861720054,1,0,0,1,At-Risk Customers
16321.0,71,7,296.55,22.81153846153846,117,-0.2204884114291379,1.7245425727712531,-0.5338003769433671,0,0,1,0,Regular Average Customers
16322.0,0,2,306.85,8.523611111111112,229,-0.9942831654775308,-0.4287523615831239,-0.514948223834248,2,0,2,2,New/Occasional Buyers
16324.0,127,3,369.89,3.4569158878504678,266,0.3898285776794536,0.0019066252877515,-0.3995657255819312,2,0,0,2,New/Occasional Buyers
16325.0,43,4,530.14,31.18470588235294,178,-0.5256469059834338,0.432565612158627,-0.1062591687143268,0,0,2,0,Regular Average Customers
16330.0,17,4,112.96,2.9726315789473685,53,-0.8090083652124227,0.432565612158627,-0.8698262788174607,2,0,2,2,New/Occasional Buyers
16332.0,27,8,1221.9,9.187218045112784,713,-0.7000231885858885,2.155201559642129,1.159873397767633,3,0,1,3,Regular Average Customers
16337.0,36,1,133.15,14.794444444444444,85,-0.6019365296220077,-0.8594113484539994,-0.8328723981113332,2,0,2,2,New/Occasional Buyers
16338.0,156,1,199.85,19.985,93,0.7058855898964028,-0.8594113484539994,-0.7107909794338342,1,0,0,1,At-Risk Customers
16339.0,283,1,30.45,3.045,13,2.089997333053387,-0.8594113484539994,-1.0208448373643937,1,0,0,1,At-Risk Customers
16340.0,106,1,465.44,3.3973722627737226,434,0.1609597067637317,-0.8594113484539994,-0.2246799751376279,2,0,2,2,New/Occasional Buyers
16341.0,24,6,1027.88,15.115882352941178,804,-0.7327187415738488,1.293883585900378,0.8047574029878976,0,0,1,0,Regular Average Customers
16342.0,74,4,193.96,19.396,102,-0.1877928584411777,0.432565612158627,-0.7215714825224468,2,0,2,2,New/Occasional Buyers
16343.0,15,2,278.83,6.97075,170,-0.8308054005377296,-0.4287523615831239,-0.5662334015155602,2,0,2,2,New/Occasional Buyers
16344.0,157,1,101.1,50.55,18,0.7167841075590563,-0.8594113484539994,-0.891533709484854,1,0,0,1,At-Risk Customers
16345.0,43,1,421.76,12.78060606060606,281,-0.5256469059834338,-0.8594113484539994,-0.3046277467693094,2,0,2,2,New/Occasional Buyers
16347.0,10,2,620.58,8.501095890410959,243,-0.8852979888509966,-0.4287523615831239,0.059273717420501,2,0,2,2,New/Occasional Buyers
16348.0,31,7,1128.05,5.44951690821256,749,-0.6564291179352748,1.7245425727712531,0.9880991677393977,3,0,1,3,Regular Average Customers
16349.0,290,1,12.65,2.1083333333333334,6,2.166286956691961,-0.8594113484539994,-1.053424286426755,1,0,0,1,At-Risk Customers
16350.0,20,5,924.65,18.493,476,-0.7763128122244625,0.8632245990295024,0.6158149014874742,0,0,1,0,Regular Average Customers
16351.0,332,1,153.9,19.2375,90,2.624024698523405,-0.8594113484539994,-0.7948935459740303,1,0,0,1,At-Risk Customers
16352.0,17,2,494.44,17.658571428571427,300,-0.8090083652124227,-0.4287523615831239,-0.1716010974517587,2,0,2,2,New/Occasional Buyers
16354.0,62,2,361.4,9.767567567567568,146,-0.3185750703930188,-0.4287523615831239,-0.415105024601001,2,0,2,2,New/Occasional Buyers
16356.0,197,4,210.32,6.572500000000001,92,1.1527248140651931,0.432565612158627,-0.6916276742831082,1,0,0,1,At-Risk Customers
16357.0,32,3,538.6800000000001,19.951111111111118,234,-0.6455306002726214,0.0019066252877515,-0.0906283543889017,2,0,2,2,New/Occasional Buyers
16358.0,0,5,2024.95,18.408636363636365,1301,-0.9942831654775308,0.8632245990295024,2.629700733134433,3,0,1,3,Regular Average Customers
16359.0,6,9,417.56,10.184390243902438,459,-0.9288920595016104,2.585860546513004,-0.3123150325031249,0,0,1,0,Regular Average Customers
16361.0,9,4,711.36,7.488,401,-0.8961965065136501,0.432565612158627,0.2254289076385423,0,0,2,0,Regular Average Customers
16362.0,31,9,576.6,7.031707317073171,274,-0.6564291179352748,2.585860546513004,-0.0212231460493101,0,0,1,0,Regular Average Customers
16363.0,52,1,75.36,18.84,48,-0.427560247019553,-0.8594113484539994,-0.9386457891963806,2,0,2,2,New/Occasional Buyers
16364.0,11,2,467.64,10.628181818181815,254,-0.8743994711883433,-0.4287523615831239,-0.2206533016580102,2,0,2,2,New/Occasional Buyers
16365.0,17,7,547.61,16.594242424242424,194,-0.8090083652124227,1.7245425727712531,-0.0742837206739083,0,0,1,0,Regular Average Customers
16366.0,18,1,281.90000000000003,17.618750000000002,252,-0.7981098475497693,-0.8594113484539994,-0.5606143617053665,2,0,2,2,New/Occasional Buyers
16367.0,36,2,696.76,5.955213675213675,470,-0.6019365296220077,-0.4287523615831239,0.1987064381828978,2,0,2,2,New/Occasional Buyers
16368.0,1,2,421.07,6.57921875,211,-0.9833846478148774,-0.4287523615831239,-0.3058906579970076,2,0,2,2,New/Occasional Buyers
16369.0,17,3,1309.04,12.12074074074074,904,-0.8090083652124227,0.0019066252877515,1.319366273683034,0,0,1,0,Regular Average Customers
16370.0,81,4,977.21,4.88605,612,-0.1115032348026037,0.432565612158627,0.7120157915277944,0,0,2,0,Regular Average Customers
16372.0,32,2,271.48,3.231904761904762,149,-0.6455306002726214,-0.4287523615831239,-0.5796861515497373,2,0,2,2,New/Occasional Buyers
16374.0,65,2,396.28,3.847378640776699,230,-0.2858795174050585,-0.4287523615831239,-0.3512639468877902,2,0,2,2,New/Occasional Buyers
16376.0,8,3,712.1,6.301769911504425,500,-0.9070950241763036,0.0019066252877515,0.2267833341725955,0,0,2,0,Regular Average Customers
16378.0,246,3,362.95,15.780434782608696,267,1.6867521795352105,0.0019066252877515,-0.4122680501039978,1,0,0,1,At-Risk Customers
16379.0,3,4,2006.68,19.48233009708738,1292,-0.9615876124895706,0.432565612158627,2.5962610401923354,3,0,1,3,Regular Average Customers
16380.0,60,1,142.79,9.519333333333332,116,-0.3403721057183256,-0.8594113484539994,-0.8152282470460995,2,0,2,2,New/Occasional Buyers
16383.0,74,2,515.89,5.732111111111111,329,-0.1877928584411777,-0.4287523615831239,-0.1323410310254866,2,0,2,2,New/Occasional Buyers
16384.0,89,2,502.2,17.317241379310346,252,-0.0243150935013763,-0.4287523615831239,-0.157397921905471,2,0,2,2,New/Occasional Buyers
16385.0,59,3,478.01,9.019056603773585,249,-0.351270623380979,0.0019066252877515,-0.2016730271199943,2,0,2,2,New/Occasional Buyers
16386.0,28,2,273.07,3.500897435897436,202,-0.6891246709232351,-0.4287523615831239,-0.5767759648076501,2,0,2,2,New/Occasional Buyers
16387.0,322,1,94.36,23.59,44,2.5150395218968704,-0.8594113484539994,-0.9038699727815008,1,0,0,1,At-Risk Customers
16389.0,52,5,787.7099999999999,28.1325,409,-0.427560247019553,0.8632245990295024,0.3651727804425459,0,0,1,0,Regular Average Customers
16392.0,269,1,210.24,5.005714285714286,200,1.9374180857762395,-0.8594113484539994,-0.6917740987732762,1,0,0,1,At-Risk Customers
16394.0,56,8,741.44,10.01945945945946,793,-0.3839661763689393,2.155201559642129,0.2804845159416784,0,0,1,0,Regular Average Customers
16395.0,60,5,1270.64,6.482857142857143,1179,-0.3403721057183256,0.8632245990295024,1.2490825184024352,0,0,1,0,Regular Average Customers
16398.0,144,3,958.15,17.420909090909092,501,0.5751033779445618,0.0019066252877515,0.6771301567452885,0,0,0,0,Regular Average Customers
16399.0,18,2,326.0,5.015384615384615,209,-0.7981098475497693,-0.4287523615831239,-0.4798978615003034,2,0,2,2,New/Occasional Buyers
16400.0,94,1,271.08,10.04,169,0.0301774948118907,-0.8594113484539994,-0.580418274000577,2,0,2,2,New/Occasional Buyers
16402.0,264,2,208.6,3.935849056603773,107,1.882925497462972,-0.4287523615831239,-0.6947758008217184,1,0,0,1,At-Risk Customers
16403.0,301,2,161.04999999999998,10.736666666666666,103,2.286170650981149,-0.4287523615831239,-0.781806857165273,1,0,0,1,At-Risk Customers
16404.0,69,1,296.45,17.438235294117646,143,-0.2422854467544448,-0.8594113484539994,-0.533983407556077,2,0,2,2,New/Occasional Buyers
16405.0,301,2,74.85,18.7125,19,2.286170650981149,-0.4287523615831239,-0.9395792453212012,1,0,0,1,At-Risk Customers
16406.0,18,1,146.4,2.568421052631579,115,-0.7981098475497693,-0.8594113484539994,-0.8086208419272723,2,0,2,2,New/Occasional Buyers
16407.0,12,9,1638.98,10.926533333333332,931,-0.8635009535256898,2.585860546513004,1.9232574772580568,3,0,3,3,Regular Average Customers
16409.0,35,5,1737.14,8.232890995260664,1090,-0.6128350472846611,0.8632245990295024,2.1029203266940883,3,0,1,3,Regular Average Customers
16411.0,18,2,203.75,4.738372093023256,130,-0.7981098475497693,-0.4287523615831239,-0.7036527855381484,2,0,2,2,New/Occasional Buyers
16412.0,53,1,135.99,4.533,63,-0.4166617293568995,-0.8594113484539994,-0.8276743287103722,2,0,2,2,New/Occasional Buyers
16413.0,56,1,247.25,8.241666666666667,147,-0.3839661763689393,-0.8594113484539994,-0.6240344690093447,2,0,2,2,New/Occasional Buyers
16414.0,21,2,31.6,15.8,16,-0.7654142945618091,-0.4287523615831239,-1.01873998531823,2,0,2,2,New/Occasional Buyers
16415.0,43,1,181.62,4.0360000000000005,147,-0.5256469059834338,-0.8594113484539994,-0.7441574601308477,2,0,2,2,New/Occasional Buyers
16416.0,26,4,747.89,11.68578125,509,-0.7109217062485419,0.432565612158627,0.2922899904614664,0,0,2,0,Regular Average Customers
16418.0,44,3,490.12,5.766117647058824,269,-0.5147483883207804,0.0019066252877515,-0.1795080199208261,2,0,2,2,New/Occasional Buyers
16419.0,112,6,522.09,14.11054054054054,281,0.2263508127396523,1.293883585900378,-0.1209931330374731,0,0,0,0,Regular Average Customers
16423.0,24,1,268.78,16.79875,192,-0.7327187415738488,-0.8594113484539994,-0.5846279780929046,2,0,2,2,New/Occasional Buyers
16424.0,190,1,70.56,35.28,48,1.0764351904266192,-0.8594113484539994,-0.9474312586064556,1,0,0,1,At-Risk Customers
16425.0,301,1,157.4,12.107692307692307,181,2.286170650981149,-0.8594113484539994,-0.788487474529184,1,0,0,1,At-Risk Customers
16426.0,1,10,1640.4,4.796491228070176,1110,-0.9833846478148774,3.0165195333838795,1.9258565119585376,3,0,3,3,Regular Average Customers
16427.0,262,2,166.06,23.722857142857144,96,1.8611284621376651,-0.4287523615831239,-0.7726370234685072,1,0,0,1,At-Risk Customers
16428.0,80,1,-2.95,-2.95,-1,-0.1224017524652572,-0.8594113484539994,-1.0819770620094984,2,0,2,2,New/Occasional Buyers
16429.0,105,1,4.95,4.95,1,0.1500611891010783,-0.8594113484539994,-1.0675176436054166,2,0,0,2,New/Occasional Buyers
16430.0,56,1,200.05,40.010000000000005,55,-0.3839661763689393,-0.8594113484539994,-0.7104249182084144,2,0,2,2,New/Occasional Buyers
16431.0,212,3,547.68,7.40108108108108,370,1.3162025790049945,0.0019066252877515,-0.0741555992450115,1,0,0,1,At-Risk Customers
16432.0,63,1,111.0,22.2,72,-0.3076765527303653,-0.8594113484539994,-0.8734136788265746,2,0,2,2,New/Occasional Buyers
16433.0,27,1,120.66,7.54125,98,-0.7000231885858885,-0.8594113484539994,-0.8557329216387989,2,0,2,2,New/Occasional Buyers
16434.0,28,7,1192.4,12.821505376344088,697,-0.6891246709232351,1.7245425727712531,1.1058793670182143,3,0,1,3,Regular Average Customers
16438.0,5,5,748.6,5.803100775193799,458,-0.9397905771642638,0.8632245990295024,0.2935895078117067,0,0,1,0,Regular Average Customers
16441.0,66,2,358.75,16.306818181818183,171,-0.2749809997424051,-0.4287523615831239,-0.4199553358378133,2,0,2,2,New/Occasional Buyers
16442.0,1,3,495.2,3.095,369,-0.9833846478148774,0.0019066252877515,-0.1702100647951636,2,0,2,2,New/Occasional Buyers
16444.0,45,5,545.22,6.901518987341772,342,-0.5038498706581269,0.8632245990295024,-0.0786581523176747,0,0,2,0,Regular Average Customers
16445.0,33,1,208.06,3.410819672131148,109,-0.634632082609968,-0.8594113484539994,-0.6957641661303519,2,0,2,2,New/Occasional Buyers
16446.0,205,1,2.9,1.45,2,1.2399129553664203,-0.8594113484539994,-1.0712697711659696,1,0,0,1,At-Risk Customers
16447.0,135,1,116.56,4.3170370370370375,72,0.477016718980681,-0.8594113484539994,-0.8632371767599045,2,0,0,2,New/Occasional Buyers
16448.0,197,1,157.49,8.749444444444444,74,1.1527248140651931,-0.8594113484539994,-0.7883227469777451,1,0,0,1,At-Risk Customers
16449.0,190,3,593.44,16.484444444444446,350,1.0764351904266192,0.0019066252877515,0.0095992091310359,1,0,0,1,At-Risk Customers
16450.0,149,1,311.92,28.35636363636364,200,0.6295959662578289,-0.8594113484539994,-0.5056685717698565,1,0,0,1,At-Risk Customers
16451.0,87,1,266.97,19.06928571428572,120,-0.0461121288266832,-0.8594113484539994,-0.5879408321829536,2,0,2,2,New/Occasional Buyers
16454.0,44,2,6.9,3.45,3,-0.5147483883207804,-0.4287523615831239,-1.0639485466575738,2,0,2,2,New/Occasional Buyers
16455.0,63,7,1841.18,18.59777777777778,988,-0.3076765527303653,1.7245425727712531,2.2933453761574616,3,0,1,3,Regular Average Customers
16456.0,98,5,1407.13,14.657604166666667,800,0.0737715654625044,0.8632245990295024,1.498901001690169,0,0,1,0,Regular Average Customers
16457.0,217,1,161.56,20.195,68,1.3706951673182617,-0.8594113484539994,-0.7808734010404524,1,0,0,1,At-Risk Customers
16460.0,27,3,726.0,5.716535433070866,739,-0.7000231885858885,0.0019066252877515,0.2522245893392707,0,0,2,0,Regular Average Customers
16461.0,177,1,76.67,2.948846153846154,42,0.9347544608121248,-0.8594113484539994,-0.936248088169881,1,0,0,1,At-Risk Customers
16463.0,20,6,1276.78,16.581558441558442,861,-0.7763128122244625,1.293883585900378,1.2603205980228225,3,0,1,3,Regular Average Customers
16464.0,19,3,1087.25,5.056976744186047,688,-0.7872113298871158,0.0019066252877515,0.9134226777537612,0,0,2,0,Regular Average Customers
16466.0,33,7,1368.42,10.136444444444445,661,-0.634632082609968,1.7245425727712531,1.428049851510169,3,0,1,3,Regular Average Customers
16469.0,23,4,523.17,3.2698125,249,-0.7436172592365022,0.432565612158627,-0.1190164024202064,0,0,2,0,Regular Average Customers
16470.0,51,5,659.95,4.176898734177216,431,-0.4384587646822064,0.8632245990295024,0.1313328696443861,0,0,1,0,Regular Average Customers
16471.0,274,1,223.95,17.22692307692308,141,1.9919106740895065,-0.8594113484539994,-0.6666806017707497,1,0,0,1,At-Risk Customers
16473.0,164,4,287.91,16.935882352941178,192,0.7930737311976302,0.432565612158627,-0.5496142218815019,1,0,0,1,At-Risk Customers
16474.0,6,10,1621.22,4.868528528528529,870,-0.9288920595016104,3.0165195333838795,1.89075124044078,3,0,3,3,Regular Average Customers
16475.0,143,3,417.7,16.065384615384616,254,0.5642048602819083,0.0019066252877515,-0.3120587896453311,2,0,0,2,New/Occasional Buyers
16477.0,63,7,2450.7200000000003,17.1379020979021,1317,-0.3076765527303653,1.7245425727712531,3.408990172869347,3,0,1,3,Regular Average Customers
16478.0,24,2,251.26,19.32769230769231,146,-0.7327187415738488,-0.4287523615831239,-0.616694941439678,2,0,2,2,New/Occasional Buyers
16479.0,9,2,255.63,7.9884375,97,-0.8961965065136501,-0.4287523615831239,-0.6086965036642555,2,0,2,2,New/Occasional Buyers
16480.0,75,1,416.57,9.68767441860465,315,-0.1768943407785242,-0.8594113484539994,-0.3141270355689529,2,0,2,2,New/Occasional Buyers
16482.0,15,1,167.34,11.156,202,-0.8308054005377296,-0.8594113484539994,-0.7702942316258206,2,0,2,2,New/Occasional Buyers
16483.0,191,1,95.7,5.98125,41,1.0873337080892729,-0.8594113484539994,-0.9014173625711884,1,0,0,1,At-Risk Customers
16484.0,173,3,351.9,14.6625,192,0.8911603901615109,0.0019066252877515,-0.4324929328084411,1,0,0,1,At-Risk Customers
16485.0,76,1,279.35,7.351315789473685,227,-0.1659958231158708,-0.8594113484539994,-0.5652816423294688,2,0,2,2,New/Occasional Buyers
16488.0,32,4,283.7,12.895454545454545,294,-0.6455306002726214,0.432565612158627,-0.5573198106765884,0,0,2,0,Regular Average Customers
16491.0,46,1,617.84,17.65257142857143,404,-0.4929513529954735,-0.8594113484539994,0.0542586786322499,2,0,2,2,New/Occasional Buyers
16493.0,72,6,989.99,20.624791666666667,632,-0.2095898937664845,1.293883585900378,0.7354071038321187,0,0,1,0,Regular Average Customers
16494.0,296,1,723.93,15.402765957446809,543,2.2316780626678816,-0.8594113484539994,0.2484358556561758,1,0,0,1,At-Risk Customers
16495.0,2,2,420.61,5.534342105263158,262,-0.972486130152224,-0.4287523615831239,-0.3067325988154731,2,0,2,2,New/Occasional Buyers
16496.0,8,4,1222.33,14.726867469879515,928,-0.9070950241763036,0.432565612158627,1.1606604294022853,0,0,1,0,Regular Average Customers
16497.0,49,6,2296.79,20.32557522123894,1329,-0.4602558000075132,1.293883585900378,3.127251150725008,3,0,1,3,Regular Average Customers
16498.0,160,3,78.17,5.211333333333333,41,0.7494796605470165,0.0019066252877515,-0.9335026289792326,1,0,0,1,At-Risk Customers
16500.0,4,5,235.86,23.586,122,-0.9506890948269172,0.8632245990295024,-0.6448816557970015,0,0,2,0,Regular Average Customers
16503.0,106,5,1121.73,16.74223880597015,535,0.1609597067637317,0.8632245990295024,0.9765316330161324,0,0,1,0,Regular Average Customers
16504.0,24,1,451.84,5.510243902439024,474,-0.7327187415738488,-0.8594113484539994,-0.2495721384661734,2,0,2,2,New/Occasional Buyers
16506.0,19,2,90.3,30.100000000000005,42,-0.7872113298871158,-0.4287523615831239,-0.9113010156575224,2,0,2,2,New/Occasional Buyers
16509.0,296,1,169.50000000000003,28.250000000000004,46,2.2316780626678816,-0.8594113484539994,-0.7663407703912869,1,0,0,1,At-Risk Customers
16511.0,21,3,667.33,4.699507042253521,311,-0.7654142945618091,0.0019066252877515,0.1448405288623762,0,0,2,0,Regular Average Customers
16513.0,4,4,874.59,24.98828571428572,407,-0.9506890948269172,0.432565612158627,0.5241897767649016,0,0,2,0,Regular Average Customers
16515.0,51,5,1367.54,13.407254901960783,649,-0.4384587646822064,0.8632245990295024,1.4264391821183218,0,0,1,0,Regular Average Customers
16516.0,29,1,101.7,16.95,58,-0.6782261532605817,-0.8594113484539994,-0.8904355258085948,2,0,2,2,New/Occasional Buyers
16517.0,276,1,154.75,9.671875,95,2.0137077094148133,-0.8594113484539994,-0.7933377857659961,1,0,0,1,At-Risk Customers
16518.0,60,3,372.67,9.807105263157895,271,-0.3403721057183256,0.0019066252877515,-0.3944774745485961,2,0,2,2,New/Occasional Buyers
16519.0,24,2,74.38,10.625714285714285,42,-0.7327187415738488,-0.4287523615831239,-0.9404394892009376,2,0,2,2,New/Occasional Buyers
16520.0,185,3,912.72,6.294620689655172,544,1.021942602113352,0.0019066252877515,0.593979349391184,1,0,0,1,At-Risk Customers
16526.0,171,1,237.66,21.605454545454545,102,0.8693633548362042,-0.8594113484539994,-0.6415871047682234,1,0,0,1,At-Risk Customers
16527.0,80,1,219.81,16.908461538461538,105,-0.1224017524652572,-0.8594113484539994,-0.6742580691369394,2,0,2,2,New/Occasional Buyers
16528.0,3,1,175.02,13.463076923076924,130,-0.9615876124895706,-0.8594113484539994,-0.7562374805697007,2,0,2,2,New/Occasional Buyers
16529.0,189,1,391.65,15.06346153846154,190,1.0655366727639657,-0.8594113484539994,-0.3597382642562582,1,0,0,1,At-Risk Customers
16531.0,21,7,1050.32,15.913939393939392,710,-0.7654142945618091,1.7245425727712531,0.8458294724799974,3,0,1,3,Regular Average Customers
16533.0,18,4,894.47,5.421030303030303,485,-0.7981098475497693,0.432565612158627,0.5605762625716284,0,0,2,0,Regular Average Customers
16535.0,4,1,384.63,14.79346153846154,302,-0.9506890948269172,-0.8594113484539994,-0.3725870132684928,2,0,2,2,New/Occasional Buyers
16536.0,109,1,356.17,8.094772727272728,231,0.193655259751692,-0.8594113484539994,-0.4246775256457285,2,0,2,2,New/Occasional Buyers
16539.0,2,4,1372.91,31.2025,475,-0.972486130152224,0.432565612158627,1.4362679260208433,0,0,1,0,Regular Average Customers
16542.0,53,1,119.62,23.924,46,-0.4166617293568995,-0.8594113484539994,-0.8576364400109817,2,0,2,2,New/Occasional Buyers
16545.0,164,1,101.7,50.85,30,0.7930737311976302,-0.8594113484539994,-0.8904355258085948,1,0,0,1,At-Risk Customers
16546.0,290,2,564.95,28.2475,385,2.166286956691961,-0.4287523615831239,-0.0425462124300127,1,0,0,1,At-Risk Customers
16550.0,108,9,1901.38,7.856942148760331,1196,0.1827567420890386,2.585860546513004,2.4035298050088176,3,0,3,3,Regular Average Customers
16551.0,95,3,426.38,19.38090909090909,360,0.0410760124745441,0.0019066252877515,-0.2961717324621123,2,0,2,2,New/Occasional Buyers
16552.0,242,2,189.19000000000003,17.199090909090913,105,1.643158108884597,-0.4287523615831239,-0.7303020427487087,1,0,0,1,At-Risk Customers
16553.0,204,7,972.99,34.74964285714286,381,1.229014437703767,1.7245425727712531,0.7042918996714368,0,0,0,0,Regular Average Customers
16554.0,2,6,606.75,9.193181818181818,327,-0.972486130152224,1.293883585900378,0.0339605836827226,0,0,1,0,Regular Average Customers
16555.0,34,2,269.39,16.836875,173,-0.6237335649473146,-0.4287523615831239,-0.5835114913553743,2,0,2,2,New/Occasional Buyers
16556.0,66,7,2316.6,15.444,1664,-0.2749809997424051,1.7245425727712531,3.163509515102837,3,0,1,3,Regular Average Customers
16557.0,23,2,174.1,29.016666666666666,70,-0.7436172592365022,-0.4287523615831239,-0.7579213622066318,2,0,2,2,New/Occasional Buyers
16560.0,20,3,627.76,13.64695652173913,476,-0.7763128122244625,0.0019066252877515,0.0724153154130713,0,0,2,0,Regular Average Customers
16561.0,5,2,494.12,16.470666666666666,242,-0.9397905771642638,-0.4287523615831239,-0.1721867954124304,2,0,2,2,New/Occasional Buyers
16563.0,53,1,324.5,27.041666666666668,146,-0.4166617293568995,-0.8594113484539994,-0.4826433206909518,2,0,2,2,New/Occasional Buyers
16566.0,14,6,286.63,22.048461538461535,143,-0.841703918200383,1.293883585900378,-0.5519570137241886,0,0,1,0,Regular Average Customers
16567.0,193,2,561.4,20.79259259259259,332,1.1091307434145794,-0.4287523615831239,-0.049043799181214,1,0,0,1,At-Risk Customers
16569.0,2,1,76.5,19.125,87,-0.972486130152224,-0.8594113484539994,-0.9365592402114878,2,0,2,2,New/Occasional Buyers
16571.0,2,5,1153.16,12.39956989247312,822,-0.972486130152224,0.8632245990295024,1.0340581545908525,0,0,1,0,Regular Average Customers
16572.0,126,4,845.65,17.258163265306123,515,0.3789300600168002,0.432565612158627,0.4712207174466583,0,0,0,0,Regular Average Customers
16573.0,73,4,510.76,13.441052631578946,339,-0.1986913761038311,0.432565612158627,-0.1417305014575041,0,0,2,0,Regular Average Customers
16574.0,70,1,409.14,15.736153846153844,366,-0.2313869290917914,-0.8594113484539994,-0.327726210093298,2,0,2,2,New/Occasional Buyers
16581.0,154,2,70.44,6.403636363636363,122,0.684088554571096,-0.4287523615831239,-0.9476508953417072,1,0,0,1,At-Risk Customers
16582.0,112,1,50.1,12.525,68,0.2263508127396523,-0.8594113484539994,-0.9848793219668998,2,0,0,2,New/Occasional Buyers
16584.0,79,3,647.33,23.975185185185182,287,-0.1333002701279106,0.0019066252877515,0.1082344063203975,0,0,2,0,Regular Average Customers
16586.0,248,1,361.95,51.707142857142856,83,1.7085492148605177,-0.8594113484539994,-0.4140983562310967,1,0,0,1,At-Risk Customers
16587.0,231,1,127.85,15.98125,63,1.5232744145954094,-0.8594113484539994,-0.8425730205849575,1,0,0,1,At-Risk Customers
16589.0,70,3,459.24,13.916363636363636,368,-0.2313869290917914,0.0019066252877515,-0.2360278731256412,2,0,2,2,New/Occasional Buyers
16591.0,68,1,213.5,21.35,41,-0.2531839644170982,-0.8594113484539994,-0.6858073007989337,2,0,2,2,New/Occasional Buyers
16593.0,50,2,104.48,6.529999999999999,51,-0.4493572823448598,-0.4287523615831239,-0.8853472747752597,2,0,2,2,New/Occasional Buyers
16594.0,74,1,123.44,2.626382978723404,58,-0.1877928584411777,-0.8594113484539994,-0.8506446706054638,2,0,2,2,New/Occasional Buyers
16595.0,60,1,341.96,4.12,333,-0.3403721057183256,-0.8594113484539994,-0.4506861757118044,2,0,2,2,New/Occasional Buyers
16596.0,15,2,193.85,19.385,91,-0.8308054005377296,-0.4287523615831239,-0.7217728161964277,2,0,2,2,New/Occasional Buyers
16597.0,3,1,44.24,8.848,44,-0.9615876124895706,-0.8594113484539994,-0.9956049158716996,2,0,2,2,New/Occasional Buyers
16598.0,276,2,140.7,12.79090909090909,70,2.0137077094148133,-0.4287523615831239,-0.8190535868517362,1,0,0,1,At-Risk Customers
16600.0,3,6,658.1,12.416981132075472,851,-0.9615876124895706,1.293883585900378,0.127946803309253,0,0,1,0,Regular Average Customers
16601.0,40,1,160.91,6.188846153846153,90,-0.558342458971394,-0.8594113484539994,-0.7820631000230668,2,0,2,2,New/Occasional Buyers
16602.0,30,2,463.86,15.462,268,-0.6673276355979283,-0.4287523615831239,-0.2275718588184442,2,0,2,2,New/Occasional Buyers
16603.0,74,2,465.97,14.5615625,379,-0.1877928584411777,-0.4287523615831239,-0.2237099128902654,2,0,2,2,New/Occasional Buyers
16610.0,218,1,75.66,12.61,66,1.381593684980915,-0.8594113484539994,-0.9380966973582512,1,0,0,1,At-Risk Customers
16611.0,185,1,129.49,12.949000000000002,47,1.021942602113352,-0.8594113484539994,-0.8395713185365152,1,0,0,1,At-Risk Customers
16612.0,32,4,1036.76,17.57220338983051,488,-0.6455306002726214,0.432565612158627,0.8210105213965359,0,0,2,0,Regular Average Customers
16613.0,69,1,586.79,20.23413793103448,289,-0.2422854467544448,-0.8594113484539994,-0.0025723266141721,2,0,2,2,New/Occasional Buyers
16614.0,182,1,305.79,20.386000000000003,199,0.9892470491253916,-0.8594113484539994,-0.5168883483289729,1,0,0,1,At-Risk Customers
16616.0,14,2,420.52,13.14125,368,-0.841703918200383,-0.4287523615831239,-0.3068973263669121,2,0,2,2,New/Occasional Buyers
16617.0,235,1,79.1,26.366666666666664,42,1.5668684852460228,-0.8594113484539994,-0.9318004442810306,1,0,0,1,At-Risk Customers
16618.0,30,4,1561.08,21.987042253521125,936,-0.6673276355979283,0.432565612158627,1.7806766299570496,0,0,1,0,Regular Average Customers
16619.0,253,2,204.41,12.775625,129,1.7630418031737844,-0.4287523615831239,-0.7024447834942631,1,0,0,1,At-Risk Customers
16620.0,3,2,144.96,18.12,84,-0.9615876124895706,-0.4287523615831239,-0.8112564827502947,2,0,2,2,New/Occasional Buyers
16621.0,51,4,282.71000000000004,14.135500000000002,191,-0.4384587646822064,0.432565612158627,-0.5591318137424163,2,0,2,2,New/Occasional Buyers
16623.0,245,1,129.45,25.89,39,1.6758536618725572,-0.8594113484539994,-0.8396445307815993,1,0,0,1,At-Risk Customers
16624.0,80,2,439.49,12.208055555555555,207,-0.1224017524652572,-0.4287523615831239,-0.2721764191358453,2,0,2,2,New/Occasional Buyers
16625.0,274,1,300.68,14.31809523809524,160,1.9919106740895065,-0.8594113484539994,-0.5262412126384485,1,0,0,1,At-Risk Customers
16627.0,78,1,162.38,16.238,98,-0.144198787790564,-0.8594113484539994,-0.7793725500162313,2,0,2,2,New/Occasional Buyers
16628.0,29,6,1958.04,17.800363636363635,1174,-0.6782261532605817,1.293883585900378,2.507234950170244,3,0,1,3,Regular Average Customers
16629.0,73,2,328.95,6.206603773584906,265,-0.1986913761038311,-0.4287523615831239,-0.4744984584253616,2,0,2,2,New/Occasional Buyers
16633.0,16,7,2254.6,18.63305785123967,992,-0.8199068828750762,1.7245425727712531,3.0500305352227035,3,0,1,3,Regular Average Customers
16634.0,222,2,172.5,24.642857142857142,78,1.4251877556315284,-0.4287523615831239,-0.76084985200999,1,0,0,1,At-Risk Customers
16637.0,31,5,891.88,14.156825396825395,632,-0.6564291179352748,0.8632245990295024,0.5558357697024422,0,0,1,0,Regular Average Customers
16638.0,22,11,1121.3,16.48970588235294,815,-0.7545157768991556,3.447178520254755,0.97574460138148,3,0,3,3,Regular Average Customers
16639.0,24,4,973.18,21.626222222222225,480,-0.7327187415738488,0.432565612158627,0.7046396578355857,0,0,2,0,Regular Average Customers
16641.0,105,1,123.38,17.625714285714285,62,0.1500611891010783,-0.8594113484539994,-0.8507544889730898,2,0,0,2,New/Occasional Buyers
16642.0,4,2,428.73,18.640434782608697,243,-0.9506890948269172,-0.4287523615831239,-0.2918705130634297,2,0,2,2,New/Occasional Buyers
16643.0,245,1,401.31,16.72125,217,1.6758536618725572,-0.8594113484539994,-0.3420575070684826,1,0,0,1,At-Risk Customers
16644.0,177,2,813.88,13.342295081967212,824,0.9347544608121248,-0.4287523615831239,0.4130718917887251,1,0,0,1,At-Risk Customers
16647.0,169,2,142.42000000000002,12.947272727272727,94,0.8475663195108973,-0.4287523615831239,-0.815905460313126,1,0,0,1,At-Risk Customers
16648.0,38,2,247.46,12.373,233,-0.5801394942967009,-0.4287523615831239,-0.6236501047226539,2,0,2,2,New/Occasional Buyers
16650.0,71,1,430.38,20.494285714285716,274,-0.2204884114291379,-0.8594113484539994,-0.2888505079537166,2,0,2,2,New/Occasional Buyers
16653.0,15,3,1006.52,15.484923076923076,707,-0.8308054005377296,0.0019066252877515,0.765662064113064,0,0,2,0,Regular Average Customers
16654.0,140,5,375.57,16.32913043478261,181,0.5315093072939481,0.8632245990295024,-0.3891695867800092,0,0,0,0,Regular Average Customers
16657.0,9,4,756.46,4.133661202185793,833,-0.8961965065136501,0.432565612158627,0.3079757139707044,0,0,2,0,Regular Average Customers
16659.0,188,1,20.4,20.4,24,1.0546381551013122,-0.8594113484539994,-1.0392394139417382,1,0,0,1,At-Risk Customers
16660.0,15,2,205.97,22.885555555555555,131,-0.8308054005377296,-0.4287523615831239,-0.6995895059359887,2,0,2,2,New/Occasional Buyers
16666.0,18,1,118.98,3.718125,233,-0.7981098475497693,-0.8594113484539994,-0.858807835932325,2,0,2,2,New/Occasional Buyers
16667.0,67,2,469.98,9.999574468085108,228,-0.2640824820797516,-0.4287523615831239,-0.2163703853205986,2,0,2,2,New/Occasional Buyers
16668.0,14,6,286.56,15.082105263157894,270,-0.841703918200383,1.293883585900378,-0.5520851351530854,0,0,1,0,Regular Average Customers
16669.0,23,4,1102.18,7.707552447552448,752,-0.7436172592365022,0.432565612158627,0.9407491482313484,0,0,1,0,Regular Average Customers
16671.0,35,1,81.75,81.75,15,-0.6128350472846611,-0.8594113484539994,-0.9269501330442184,2,0,2,2,New/Occasional Buyers
16674.0,54,2,293.84,3.1939130434782608,180,-0.4057632116942461,-0.4287523615831239,-0.5387605065478053,2,0,2,2,New/Occasional Buyers
16676.0,33,5,1054.88,16.228923076923078,582,-0.634632082609968,0.8632245990295024,0.8541756684195688,0,0,1,0,Regular Average Customers
16680.0,42,1,149.7,18.7125,90,-0.5365454236460871,-0.8594113484539994,-0.8025808317078458,2,0,2,2,New/Occasional Buyers
16681.0,77,5,939.64,34.80148148148148,535,-0.1550973054532174,0.8632245990295024,0.6432511903326873,0,0,1,0,Regular Average Customers
16682.0,4,5,363.42,24.228,278,-0.9506890948269172,0.8632245990295024,-0.4114078062242612,0,0,2,0,Regular Average Customers
16684.0,3,8,1357.74,79.86705882352942,330,-0.9615876124895706,2.155201559642129,1.4085021820727524,3,0,1,3,Regular Average Customers
16685.0,60,1,227.82,4.2188888888888885,338,-0.3403721057183256,-0.8594113484539994,-0.6595973170588769,2,0,2,2,New/Occasional Buyers
16686.0,46,9,2253.93,4.472083333333333,1674,-0.4929513529954735,2.585860546513004,3.048804230117547,3,0,3,3,Regular Average Customers
16688.0,0,4,1000.88,18.534814814814816,686,-0.9942831654775308,0.432565612158627,0.7553391375562261,0,0,2,0,Regular Average Customers
16689.0,75,3,226.02,20.547272727272727,114,-0.1768943407785242,0.0019066252877515,-0.6628918680876551,2,0,2,2,New/Occasional Buyers
16690.0,71,2,156.43,15.643,101,-0.2204884114291379,-0.4287523615831239,-0.79026287147247,2,0,2,2,New/Occasional Buyers
16693.0,68,2,361.86,7.095294117647059,193,-0.2531839644170982,-0.4287523615831239,-0.4142630837825356,2,0,2,2,New/Occasional Buyers
16696.0,134,4,462.3,51.36666666666667,122,0.4661182013180275,0.432565612158627,-0.2304271363767185,0,0,0,0,Regular Average Customers
16697.0,240,1,50.85,3.632142857142857,20,1.62136107355929,-0.8594113484539994,-0.9835065923715756,1,0,0,1,At-Risk Customers
16706.0,36,3,398.1,3.5230088495575225,238,-0.6019365296220077,0.0019066252877515,-0.3479327897364702,2,0,2,2,New/Occasional Buyers
16708.0,45,1,571.03,23.792916666666667,277,-0.5038498706581269,-0.8594113484539994,-0.0314179511772513,2,0,2,2,New/Occasional Buyers
16709.0,84,5,1667.8300000000002,30.885740740740744,569,-0.0788076818146435,0.8632245990295024,1.9760618090248612,3,0,1,3,Regular Average Customers
16710.0,18,10,2122.44,5.674973262032085,1596,-0.7981098475497693,3.0165195333838795,2.8081372774653084,3,0,3,3,Regular Average Customers
16711.0,2,3,273.03000000000003,39.00428571428572,105,-0.972486130152224,0.0019066252877515,-0.576849177052734,2,0,2,2,New/Occasional Buyers
16714.0,316,1,806.41,9.834268292682928,579,2.44964841592095,-0.8594113484539994,0.399399505019296,1,0,0,1,At-Risk Customers
16715.0,77,1,99.4,7.646153846153846,234,-0.1550973054532174,-0.8594113484539994,-0.8946452299009223,2,0,2,2,New/Occasional Buyers
16716.0,266,1,166.8,166.8,24,1.904722532788279,-0.8594113484539994,-0.771282596934454,1,0,0,1,At-Risk Customers
16719.0,14,8,1260.22,7.731411042944785,914,-0.841703918200383,2.155201559642129,1.230010728558064,3,0,1,3,Regular Average Customers
16720.0,25,1,114.28,5.441904761904762,129,-0.7218202239111954,-0.8594113484539994,-0.8674102747296901,2,0,2,2,New/Occasional Buyers
16721.0,261,1,292.47,7.904594594594595,172,1.850229944475012,-0.8594113484539994,-0.5412680259419307,1,0,0,1,At-Risk Customers
16723.0,107,1,246.99,7.484545454545454,174,0.1718582244263851,-0.8594113484539994,-0.6245103486023903,2,0,2,2,New/Occasional Buyers
16725.0,301,8,573.98,4.415230769230769,238,2.286170650981149,2.155201559642129,-0.0260185481023094,1,-1,3,1,At-Risk Customers
16726.0,25,5,1132.15,6.820180722891567,882,-0.7218202239111954,0.8632245990295024,0.9956034228605036,0,0,1,0,Regular Average Customers
16728.0,45,4,838.78,3.36859437751004,649,-0.5038498706581269,0.432565612158627,0.4586465143534886,0,0,2,0,Regular Average Customers
16730.0,51,3,627.87,8.3716,672,-0.4384587646822064,0.0019066252877515,0.0726166490870522,0,0,2,0,Regular Average Customers
16732.0,31,1,540.33,22.51375,263,-0.6564291179352748,-0.8594113484539994,-0.0876083492791885,2,0,2,2,New/Occasional Buyers
16734.0,51,3,462.16,10.046956521739132,293,-0.4384587646822064,0.0019066252877515,-0.2306833792345123,2,0,2,2,New/Occasional Buyers
16735.0,78,7,1917.7,17.756481481481483,1193,-0.144198787790564,1.7245425727712531,2.4334004010030723,3,0,1,3,Regular Average Customers
16738.0,297,1,3.75,3.75,3,2.242576580330535,-0.8594113484539994,-1.0697140109579355,1,0,0,1,At-Risk Customers
16739.0,171,2,228.3,17.56153846153846,98,0.8693633548362042,-0.4287523615831239,-0.6587187701178695,1,0,0,1,At-Risk Customers
16742.0,46,1,-7.5,-7.5,-2,-0.4929513529954735,-0.8594113484539994,-1.0903049548877983,2,0,2,2,New/Occasional Buyers
16743.0,28,8,2056.4,11.055913978494624,1814,-0.6891246709232351,2.155201559642129,2.6872638608316946,3,0,3,3,Regular Average Customers
16744.0,10,7,1034.02,4.678823529411765,694,-0.8852979888509966,1.7245425727712531,0.8159954826082848,3,0,1,3,Regular Average Customers
16747.0,24,4,581.63,16.156388888888888,348,-0.7327187415738488,0.432565612158627,-0.0120167062300025,0,0,2,0,Regular Average Customers
16748.0,17,5,1515.9,21.969565217391303,880,-0.8090083652124227,0.8632245990295024,1.69798339913472,3,0,1,3,Regular Average Customers
16750.0,44,5,414.13,4.760114942528736,197,-0.5147483883207804,0.8632245990295024,-0.3185929825190743,0,0,2,0,Regular Average Customers
16751.0,30,1,216.02,11.369473684210526,277,-0.6673276355979283,-0.8594113484539994,-0.6811949293586445,2,0,2,2,New/Occasional Buyers
16753.0,57,1,198.92,6.2162500000000005,186,-0.3730676587062859,-0.8594113484539994,-0.7124931641320361,2,0,2,2,New/Occasional Buyers
16755.0,113,5,1144.34,7.479346405228758,768,0.2372493304023057,0.8632245990295024,1.017914854549839,0,0,1,0,Regular Average Customers
16756.0,214,1,213.9,17.825,104,1.3379996143303012,-0.8594113484539994,-0.6850751783480942,1,0,0,1,At-Risk Customers
16757.0,318,1,106.83,15.261428571428572,81,2.471445451246257,-0.8594113484539994,-0.8810460553765771,1,0,0,1,At-Risk Customers
16758.0,64,1,207.86,12.99125,120,-0.2967780350677119,-0.8594113484539994,-0.6961302273557717,2,0,2,2,New/Occasional Buyers
16759.0,7,3,643.1,18.91470588235294,514,-0.917993541838957,0.0019066252877515,0.100492211402769,0,0,2,0,Regular Average Customers
16761.0,96,1,195.9,19.59,173,0.0519745301371975,-0.8594113484539994,-0.718020688635875,2,0,2,2,New/Occasional Buyers
16762.0,19,3,1110.34,18.20229508196721,476,-0.7872113298871158,0.0019066252877515,0.9556844462284758,0,0,2,0,Regular Average Customers
16763.0,198,1,287.45,16.908823529411762,263,1.1636233317278466,-0.8594113484539994,-0.5504561626999674,1,0,0,1,At-Risk Customers
16766.0,272,2,989.0,32.96666666666667,452,1.9701136387641995,-0.4287523615831239,0.7335951007662908,1,0,0,1,At-Risk Customers
16768.0,47,5,211.59,4.702,90,-0.4820528353328201,0.8632245990295024,-0.6893031855016926,0,0,2,0,Regular Average Customers
16769.0,259,1,206.19,6.873,64,1.828432909149705,-0.8594113484539994,-0.6991868385880269,1,0,0,1,At-Risk Customers
16770.0,57,6,657.85,4.837132352941176,439,-0.3730676587062859,1.293883585900378,0.1274892267774783,0,0,1,0,Regular Average Customers
16771.0,32,5,1819.19,7.97890350877193,1221,-0.6455306002726214,0.8632245990295024,2.253096944422556,3,0,1,3,Regular Average Customers
16773.0,56,1,106.89,4.858636363636363,49,-0.3839661763689393,-0.8594113484539994,-0.8809362370089512,2,0,2,2,New/Occasional Buyers
16774.0,67,5,583.52,12.41531914893617,234,-0.2640824820797516,0.8632245990295024,-0.0085574276497856,0,0,2,0,Regular Average Customers
16775.0,9,11,1271.11,9.48589552238806,398,-0.8961965065136501,3.447178520254755,1.2499427622821715,3,0,3,3,Regular Average Customers
16776.0,59,1,356.59000000000003,5.094142857142858,253,-0.351270623380979,-0.8594113484539994,-0.4239087970723469,2,0,2,2,New/Occasional Buyers
16777.0,79,2,134.32,3.444102564102564,52,-0.1333002701279106,-0.4287523615831239,-0.8307309399426275,2,0,2,2,New/Occasional Buyers
16778.0,73,2,228.94,15.262666666666666,192,-0.1986913761038311,-0.4287523615831239,-0.6575473741965261,2,0,2,2,New/Occasional Buyers
16780.0,99,2,386.79,6.906964285714286,267,0.0846700831251578,-0.4287523615831239,-0.3686335520339591,2,0,2,2,New/Occasional Buyers
16784.0,19,1,107.6,35.86666666666667,24,-0.7872113298871158,-0.8594113484539994,-0.8796367196587109,2,0,2,2,New/Occasional Buyers
16788.0,122,2,575.94,3.9447945205479455,302,0.3353359893661865,-0.4287523615831239,-0.0224311480931954,2,0,2,2,New/Occasional Buyers
16789.0,7,1,80.8,16.16,32,-0.917993541838957,-0.8594113484539994,-0.9286889238649624,2,0,2,2,New/Occasional Buyers
16790.0,3,8,1459.88,15.86826086956522,852,-0.9615876124895706,2.155201559642129,1.5954496498946378,3,0,1,3,Regular Average Customers
16791.0,28,8,1398.88,4.725945945945947,725,-0.6891246709232351,2.155201559642129,1.483800976141603,3,0,1,3,Regular Average Customers
16792.0,281,1,87.68,8.768,42,2.0682002977280805,-0.8594113484539994,-0.9160964177105216,1,0,0,1,At-Risk Customers
16793.0,56,1,226.84,15.122666666666667,144,-0.3839661763689393,-0.8594113484539994,-0.6613910170634338,2,0,2,2,New/Occasional Buyers
16796.0,88,1,305.62,16.97888888888889,186,-0.0352136111640298,-0.8594113484539994,-0.5171995003705797,2,0,2,2,New/Occasional Buyers
16800.0,10,1,817.98,6.196818181818182,398,-0.8852979888509966,-0.8594113484539994,0.4205761469098308,2,0,2,2,New/Occasional Buyers
16801.0,162,5,502.33,7.728153846153845,223,0.7712766958723234,0.8632245990295024,-0.1571599821089482,0,0,0,0,Regular Average Customers
16803.0,64,1,332.3,13.845833333333331,245,-0.2967780350677119,-0.8594113484539994,-0.4683669328995801,2,0,2,2,New/Occasional Buyers
16804.0,22,3,445.84,8.106181818181819,202,-0.7545157768991556,0.0019066252877515,-0.260553975228767,2,0,2,2,New/Occasional Buyers
16805.0,173,2,365.31,4.014395604395604,277,0.8911603901615109,-0.4287523615831239,-0.4079485276440443,1,0,0,1,At-Risk Customers
16806.0,102,4,607.16,7.143058823529412,341,0.117365636113118,0.432565612158627,0.0347110091948331,0,0,0,0,Regular Average Customers
16807.0,142,3,934.69,16.398070175438594,723,0.5533063426192549,0.0019066252877515,0.6341911750035475,0,0,0,0,Regular Average Customers
16808.0,98,2,222.97,10.617619047619048,161,0.0737715654625044,-0.4287523615831239,-0.6684743017753068,2,0,2,2,New/Occasional Buyers
16809.0,22,6,880.64,6.031780821917808,647,-0.7545157768991556,1.293883585900378,0.5352631288338501,0,0,1,0,Regular Average Customers
16810.0,191,1,289.64,20.68857142857143,112,1.0873337080892729,-0.8594113484539994,-0.5464477922816208,1,0,0,1,At-Risk Customers
16811.0,4,2,464.23,19.342916666666667,259,-0.9506890948269172,-0.4287523615831239,-0.2268946455514175,2,0,2,2,New/Occasional Buyers
16813.0,7,10,1385.57,3.404348894348894,1118,-0.917993541838957,3.0165195333838795,1.4594396015899156,3,0,3,3,Regular Average Customers
16816.0,102,4,401.16,14.85777777777778,272,0.117365636113118,0.432565612158627,-0.3423320529875474,0,0,0,0,Regular Average Customers
16820.0,95,1,415.94,19.806666666666665,254,0.0410760124745441,-0.8594113484539994,-0.3152801284290252,2,0,2,2,New/Occasional Buyers
16823.0,226,1,269.68,8.4275,126,1.4687818262821422,-0.8594113484539994,-0.5829807025785155,1,0,0,1,At-Risk Customers
16824.0,15,2,402.74,17.510434782608694,230,-0.8308054005377296,-0.4287523615831239,-0.3394401693067311,2,0,2,2,New/Occasional Buyers
16825.0,38,2,521.48,23.703636363636363,270,-0.5801394942967009,-0.4287523615831239,-0.1221096197750035,2,0,2,2,New/Occasional Buyers
16826.0,50,1,279.45,15.525,151,-0.4493572823448598,-0.8594113484539994,-0.5650986117167589,2,0,2,2,New/Occasional Buyers
16828.0,111,1,113.5,16.214285714285715,58,0.2154522950769988,-0.8594113484539994,-0.8688379135088272,2,0,0,2,New/Occasional Buyers
16829.0,156,1,181.32,18.132,97,0.7058855898964028,-0.8594113484539994,-0.7447065519689775,1,0,0,1,At-Risk Customers
16830.0,38,1,325.91,14.170000000000002,264,-0.5801394942967009,-0.8594113484539994,-0.4800625890517423,2,0,2,2,New/Occasional Buyers
16832.0,216,1,39.0,7.8,18,1.3597966496556082,-0.8594113484539994,-1.005195719977698,1,0,0,1,At-Risk Customers
16833.0,0,4,1021.53,23.216590909090908,430,-0.9942831654775308,0.432565612158627,0.7931349590808191,0,0,2,0,Regular Average Customers
16834.0,227,1,413.46,17.2275,358,1.4796803439447956,-0.8594113484539994,-0.3198192876242306,1,0,0,1,At-Risk Customers
16835.0,127,2,133.15,19.02142857142857,55,0.3898285776794536,-0.4287523615831239,-0.8328723981113332,2,0,0,2,New/Occasional Buyers
16836.0,39,2,175.55,17.555,93,-0.5692409766340475,-0.4287523615831239,-0.7552674183223382,2,0,2,2,New/Occasional Buyers
16837.0,30,10,2080.0,16.0,1274,-0.6673276355979283,3.0165195333838795,2.7304590854312294,3,0,3,3,Regular Average Customers
16838.0,196,3,347.95,15.81590909090909,179,1.1418262964025396,0.0019066252877515,-0.4397226420104818,1,0,0,1,At-Risk Customers
16841.0,36,6,1692.7,16.75940594059406,1510,-0.6019365296220077,1.293883585900378,2.021581522405812,3,0,1,3,Regular Average Customers
16842.0,63,4,931.74,16.940727272727273,658,-0.3076765527303653,0.432565612158627,0.6287917719286057,0,0,2,0,Regular Average Customers
16846.0,49,1,197.82,19.782,133,-0.4602558000075132,-0.8594113484539994,-0.714506500871845,2,0,2,2,New/Occasional Buyers
16847.0,42,1,176.94,16.085454545454546,76,-0.5365454236460871,-0.8594113484539994,-0.7527232928056707,2,0,2,2,New/Occasional Buyers
16848.0,52,1,281.42,20.10142857142857,182,-0.427560247019553,-0.8594113484539994,-0.561492908646374,2,0,2,2,New/Occasional Buyers
16849.0,186,1,84.77,14.128333333333332,29,1.0328411197760057,-0.8594113484539994,-0.9214226085403796,1,0,0,1,At-Risk Customers
16850.0,333,1,317.29,17.627222222222223,213,2.634923216186058,-0.8594113484539994,-0.4958398278673351,1,0,0,1,At-Risk Customers
16851.0,3,3,322.29,16.962631578947367,223,-0.9615876124895706,0.0019066252877515,-0.4866882972318406,2,0,2,2,New/Occasional Buyers
16852.0,9,2,70.96000000000001,11.826666666666668,51,-0.8961965065136501,-0.4287523615831239,-0.946699136155616,2,0,2,2,New/Occasional Buyers
16855.0,23,2,285.8,17.8625,160,-0.7436172592365022,-0.4287523615831239,-0.5534761678096807,2,0,2,2,New/Occasional Buyers
16856.0,14,1,35.400000000000006,17.700000000000003,12,-0.841703918200383,-0.8594113484539994,-1.011784822035254,2,0,2,2,New/Occasional Buyers
16859.0,105,4,401.66,6.694333333333334,543,0.1500611891010783,0.432565612158627,-0.3414168999239979,0,0,0,0,Regular Average Customers
16861.0,59,3,90.69,15.115000000000002,37,-0.351270623380979,0.0019066252877515,-0.910587196267954,2,0,2,2,New/Occasional Buyers
16863.0,30,3,437.43,17.4972,320,-0.6673276355979283,0.0019066252877515,-0.2759468497576691,2,0,2,2,New/Occasional Buyers
16866.0,140,3,108.24,13.53,50,0.5315093072939481,0.0019066252877515,-0.8784653237373676,2,0,0,2,New/Occasional Buyers
16869.0,22,5,670.99,5.734957264957265,422,-0.7545157768991556,0.8632245990295024,0.1515394492875583,0,0,1,0,Regular Average Customers
16871.0,21,6,2267.24,19.213898305084747,1196,-0.7654142945618091,1.293883585900378,3.0731656046692346,3,0,1,3,Regular Average Customers
16875.0,63,9,1600.17,15.843267326732674,999,-0.3076765527303653,2.585860546513004,1.8522232964653476,3,0,3,3,Regular Average Customers
16877.0,11,6,772.77,5.1518,451,-0.8743994711883433,1.293883585900378,0.3378280069036879,0,0,1,0,Regular Average Customers
16878.0,24,2,0.0,0.0,0,-0.7327187415738488,-0.4287523615831239,-1.0765776589345564,2,0,2,2,New/Occasional Buyers
16880.0,30,7,809.37,6.131590909090909,623,-0.6673276355979283,1.7245425727712531,0.404817211155509,0,0,1,0,Regular Average Customers
16882.0,66,3,529.47,15.57264705882353,405,-0.2749809997424051,0.0019066252877515,-0.107485473819483,2,0,2,2,New/Occasional Buyers
16883.0,186,2,208.78,6.524375,97,1.0328411197760057,-0.4287523615831239,-0.6944463457188407,1,0,0,1,At-Risk Customers
16884.0,37,2,399.96,15.998399999999998,284,-0.5910380119593543,-0.4287523615831239,-0.3445284203400662,2,0,2,2,New/Occasional Buyers
16885.0,14,3,326.26,3.930843373493976,164,-0.841703918200383,0.0019066252877515,-0.4794219819072577,2,0,2,2,New/Occasional Buyers
16887.0,34,1,167.58,4.9288235294117655,153,-0.6237335649473146,-0.8594113484539994,-0.7698549581553168,2,0,2,2,New/Occasional Buyers
16889.0,194,3,1273.84,10.70453781512605,869,1.1200292610772329,0.0019066252877515,1.2549394980091515,0,0,0,0,Regular Average Customers
16891.0,1,5,615.9300000000001,3.539827586206897,252,-0.9833846478148774,0.8632245990295024,0.050762793929491,0,0,1,0,Regular Average Customers
16892.0,0,6,355.24,4.130697674418605,221,-0.9942831654775308,1.293883585900378,-0.4263797103439306,0,0,1,0,Regular Average Customers
16895.0,64,1,175.12,2.9681355932203397,88,-0.2967780350677119,-0.8594113484539994,-0.7560544499569909,2,0,2,2,New/Occasional Buyers
16897.0,298,3,122.88,4.096,48,2.253475097993189,0.0019066252877515,-0.8516696420366392,1,0,0,1,At-Risk Customers
16898.0,25,3,441.54,2.924105960264901,371,-0.7218202239111954,0.0019066252877515,-0.2684242915752924,2,0,2,2,New/Occasional Buyers
16899.0,7,6,811.56,7.879223300970874,422,-0.917993541838957,1.293883585900378,0.4088255815738555,0,0,1,0,Regular Average Customers
16900.0,11,4,749.49,10.266986301369863,565,-0.8743994711883433,0.432565612158627,0.2952184802648247,0,0,2,0,Regular Average Customers
16902.0,115,1,1094.69,30.40805555555556,507,0.2590463657276126,-0.8594113484539994,0.9270401553393772,2,0,0,2,New/Occasional Buyers
16903.0,28,1,326.8,6.2846153846153845,243,-0.6891246709232351,-0.8594113484539994,-0.4784336165986242,2,0,2,2,New/Occasional Buyers
16905.0,4,7,2036.51,12.57104938271605,1039,-0.9506890948269172,1.7245425727712531,2.650859071963697,3,0,1,3,Regular Average Customers
16906.0,81,4,332.58000000000004,4.376052631578948,155,-0.1115032348026037,0.432565612158627,-0.4678544471839924,0,0,2,0,Regular Average Customers
16907.0,28,5,733.21,5.86568,268,-0.6891246709232351,0.8632245990295024,0.2654210965156541,0,0,1,0,Regular Average Customers
16909.0,63,2,198.72,14.194285714285714,176,-0.3076765527303653,-0.4287523615831239,-0.7128592253574559,2,0,2,2,New/Occasional Buyers
16910.0,3,8,1136.41,2.237027559055118,844,-0.9615876124895706,2.155201559642129,1.003400526961945,3,0,1,3,Regular Average Customers
16913.0,289,1,53.44,7.634285714285714,34,2.155388439029308,-0.8594113484539994,-0.9787660995023892,1,0,0,1,At-Risk Customers
16914.0,35,1,113.86,4.217037037037037,70,-0.6128350472846611,-0.8594113484539994,-0.8681790033030716,2,0,2,2,New/Occasional Buyers
16915.0,8,5,305.63,7.2769047619047615,111,-0.9070950241763036,0.8632245990295024,-0.5171811973093088,0,0,2,0,Regular Average Customers
16916.0,23,2,498.18,3.89203125,353,-0.7436172592365022,-0.4287523615831239,-0.1647557525364087,2,0,2,2,New/Occasional Buyers
16917.0,276,1,121.9,24.380000000000003,106,2.0137077094148133,-0.8594113484539994,-0.8534633420411962,1,0,0,1,At-Risk Customers
16918.0,49,7,898.04,7.3011382113821135,640,-0.4602558000075132,1.7245425727712531,0.5671104554453715,0,0,1,0,Regular Average Customers
16919.0,155,11,1592.8,5.98796992481203,1279,0.6949870722337494,3.447178520254755,1.838733940308628,3,-1,3,3,Regular Average Customers
16921.0,60,1,145.93,2.702407407407408,153,-0.3403721057183256,-0.8594113484539994,-0.8094810858070087,2,0,2,2,New/Occasional Buyers
16924.0,20,3,681.39,9.207972972972971,449,-0.7763128122244625,0.0019066252877515,0.1705746330093872,0,0,2,0,Regular Average Customers
16927.0,275,2,139.85,34.9625,33,2.00280919175216,-0.4287523615831239,-0.8206093470597703,1,0,0,1,At-Risk Customers
16929.0,3,7,1211.81,17.06774647887324,751,-0.9615876124895706,1.7245425727712531,1.1414056089452045,3,0,1,3,Regular Average Customers
16930.0,25,3,292.17,5.8434,283,-0.7218202239111954,0.0019066252877515,-0.5418171177800604,2,0,2,2,New/Occasional Buyers
16932.0,52,1,133.73000000000002,2.907173913043479,80,-0.427560247019553,-0.8594113484539994,-0.8318108205576158,2,0,2,2,New/Occasional Buyers
16933.0,0,4,444.16,11.104,237,-0.9942831654775308,0.432565612158627,-0.2636288895222932,0,0,2,0,Regular Average Customers
16934.0,54,2,786.38,14.29781818181818,382,-0.4057632116942461,-0.4287523615831239,0.3627384732935044,2,0,2,2,New/Occasional Buyers
16936.0,25,1,246.11,4.557592592592592,134,-0.7218202239111954,-0.8594113484539994,-0.6261210179942374,2,0,2,2,New/Occasional Buyers
16938.0,8,4,1712.49,7.6793273542600895,932,-0.9070950241763036,0.432565612158627,2.0578032806610995,3,0,1,3,Regular Average Customers
16942.0,12,10,1497.61,5.99044,758,-0.8635009535256898,3.0165195333838795,1.6645071000700802,3,0,3,3,Regular Average Customers
16943.0,211,3,431.18,19.599090909090908,106,1.305304061342341,0.0019066252877515,-0.2873862630520374,1,0,0,1,At-Risk Customers
16947.0,235,1,339.48,18.86,260,1.5668684852460228,-0.8594113484539994,-0.4552253349070098,1,0,0,1,At-Risk Customers
16948.0,138,3,212.9,17.741666666666667,170,0.5097122719686412,0.0019066252877515,-0.6869054844751931,2,0,0,2,New/Occasional Buyers
16949.0,3,6,674.72,12.975384615384616,661,-0.9615876124895706,1.293883585900378,0.1583664911416373,0,0,1,0,Regular Average Customers
16950.0,56,3,741.3000000000001,23.165625,350,-0.3839661763689393,0.0019066252877515,0.2802282730838846,0,0,2,0,Regular Average Customers
16951.0,122,4,1110.06,14.051392405063291,1083,0.3353359893661865,0.432565612158627,0.9551719605128878,0,0,0,0,Regular Average Customers
16952.0,108,2,101.76,10.175999999999998,86,0.1827567420890386,-0.4287523615831239,-0.8903257074409687,2,0,2,2,New/Occasional Buyers
16953.0,29,1,20.8,20.8,10,-0.6782261532605817,-0.8594113484539994,-1.0385072914908986,2,0,2,2,New/Occasional Buyers
16954.0,0,7,1026.71,26.32589743589744,671,-0.9942831654775308,1.7245425727712531,0.8026159448191917,3,0,1,3,Regular Average Customers
16955.0,184,4,373.87,19.67736842105263,209,1.0110440844506987,0.432565612158627,-0.3922811071960774,1,0,0,1,At-Risk Customers
16956.0,8,2,223.59,14.906,107,-0.9070950241763036,-0.4287523615831239,-0.6673395119765054,2,0,2,2,New/Occasional Buyers
16957.0,238,2,376.84,25.122666666666667,168,1.5995640382339833,-0.4287523615831239,-0.3868450979985935,1,0,0,1,At-Risk Customers
16959.0,86,1,117.35,16.764285714285716,49,-0.0570106464893366,-0.8594113484539994,-0.8617912349194963,2,0,2,2,New/Occasional Buyers
16960.0,38,3,488.6,4.935353535353536,302,-0.5801394942967009,0.0019066252877515,-0.1822900852340165,2,0,2,2,New/Occasional Buyers
16961.0,115,1,234.17,16.72642857142857,125,0.2590463657276126,-0.8594113484539994,-0.6479748731517988,2,0,2,2,New/Occasional Buyers
16963.0,186,1,110.55,15.792857142857144,35,1.0328411197760057,-0.8594113484539994,-0.8742373165837691,1,0,0,1,At-Risk Customers
16965.0,226,1,117.4,5.590476190476191,102,1.4687818262821422,-0.8594113484539994,-0.8616997196131414,1,0,0,1,At-Risk Customers
16966.0,42,5,109.55,18.258333333333333,46,-0.5365454236460871,0.8632245990295024,-0.876067622710868,0,0,2,0,Regular Average Customers
16967.0,188,1,305.1,15.255,285,1.0546381551013122,-0.8594113484539994,-0.5181512595566713,1,0,0,1,At-Risk Customers
16968.0,3,2,370.73,13.73074074074074,318,-0.9615876124895706,-0.4287523615831239,-0.398028268435168,2,0,2,2,New/Occasional Buyers
16969.0,38,3,522.2,14.920000000000002,460,-0.5801394942967009,0.0019066252877515,-0.1207917993634922,2,0,2,2,New/Occasional Buyers
16971.0,37,1,116.21,3.8736666666666655,61,-0.5910380119593543,-0.8594113484539994,-0.8638777839043892,2,0,2,2,New/Occasional Buyers
16978.0,77,1,294.43,8.412285714285714,160,-0.1550973054532174,-0.8594113484539994,-0.5376806259328168,2,0,2,2,New/Occasional Buyers
16979.0,3,6,1137.33,17.497384615384615,468,-0.9615876124895706,1.293883585900378,1.0050844085988755,0,0,1,0,Regular Average Customers
16980.0,254,2,738.51,9.717236842105264,512,1.773940320836438,-0.4287523615831239,0.2751217189892784,1,0,0,1,At-Risk Customers
16982.0,60,1,384.06,17.457272727272727,182,-0.3403721057183256,-0.8594113484539994,-0.3736302877609392,2,0,2,2,New/Occasional Buyers
16983.0,12,8,1518.82,11.86578125,938,-0.8635009535256898,2.155201559642129,1.7033278930258486,3,0,1,3,Regular Average Customers
16986.0,29,1,20.8,20.8,10,-0.6782261532605817,-0.8594113484539994,-1.0385072914908986,2,0,2,2,New/Occasional Buyers
16987.0,2,6,879.6,9.88314606741573,319,-0.972486130152224,1.293883585900378,0.5333596104616672,0,0,1,0,Regular Average Customers
16988.0,4,1,67.87,16.9675,37,-0.9506890948269172,-0.8594113484539994,-0.9523547820883516,2,0,2,2,New/Occasional Buyers
16989.0,6,3,110.54999999999998,36.85,67,-0.9288920595016104,0.0019066252877515,-0.8742373165837692,2,0,2,2,New/Occasional Buyers
16992.0,10,6,1299.66,16.662307692307692,736,-0.8852979888509966,1.293883585900378,1.302198002210846,3,0,1,3,Regular Average Customers
16996.0,29,9,1305.78,33.48153846153846,462,-0.6782261532605817,2.585860546513004,1.3133994757086915,3,0,3,3,Regular Average Customers
16997.0,287,2,117.0,23.4,60,2.133591403704001,-0.4287523615831239,-0.8624318420639809,1,0,0,1,At-Risk Customers
16998.0,149,5,97.42,19.484,25,0.6295959662578289,0.8632245990295024,-0.8982692360325781,1,0,0,1,At-Risk Customers
16999.0,22,2,289.92,13.805714285714286,192,-0.7545157768991556,-0.4287523615831239,-0.5459353065660331,2,0,2,2,New/Occasional Buyers
17002.0,72,4,795.35,22.093055555555555,423,-0.2095898937664845,0.432565612158627,0.3791563192535819,0,0,2,0,Regular Average Customers
17004.0,45,2,665.64,19.57764705882353,348,-0.5038498706581269,-0.4287523615831239,0.1417473115075789,2,0,2,2,New/Occasional Buyers
17006.0,4,4,703.9300000000001,17.59825,264,-0.9506890948269172,0.432565612158627,0.2118297331141973,0,0,2,0,Regular Average Customers
17007.0,50,7,663.41,15.79547619047619,435,-0.4493572823448598,1.7245425727712531,0.1376657288441483,0,0,1,0,Regular Average Customers
17010.0,16,2,162.06,14.732727272727272,80,-0.8199068828750762,-0.4287523615831239,-0.7799582479769029,2,0,2,2,New/Occasional Buyers
17011.0,29,1,270.9,18.06,186,-0.6782261532605817,-0.8594113484539994,-0.5807477291034548,2,0,2,2,New/Occasional Buyers
17014.0,7,4,464.23,6.727971014492754,229,-0.917993541838957,0.432565612158627,-0.2268946455514175,0,0,2,0,Regular Average Customers
17015.0,28,3,1743.84,8.383846153846154,1859,-0.6891246709232351,0.0019066252877515,2.1151833777456512,0,0,1,0,Regular Average Customers
17018.0,40,2,748.5,57.57692307692308,126,-0.558342458971394,-0.4287523615831239,0.2934064771989967,2,0,2,2,New/Occasional Buyers
17019.0,10,4,1115.28,5.139539170506913,805,-0.8852979888509966,0.432565612158627,0.9647261584963442,0,0,1,0,Regular Average Customers
17022.0,30,1,71.0,10.142857142857142,108,-0.6673276355979283,-0.8594113484539994,-0.946625923910532,2,0,2,2,New/Occasional Buyers
17024.0,44,3,95.85,31.95,69,-0.5147483883207804,0.0019066252877515,-0.9011428166521234,2,0,2,2,New/Occasional Buyers
17025.0,60,3,236.45,33.778571428571425,127,-0.3403721057183256,0.0019066252877515,-0.6438017751820132,2,0,2,2,New/Occasional Buyers
17027.0,78,7,784.51,5.524718309859155,404,-0.144198787790564,1.7245425727712531,0.3593158008358294,0,0,1,0,Regular Average Customers
17030.0,63,1,115.95,12.883333333333333,96,-0.3076765527303653,-0.8594113484539994,-0.8643536634974349,2,0,2,2,New/Occasional Buyers
17031.0,11,2,317.95,15.140476190476187,205,-0.8743994711883433,-0.4287523615831239,-0.4946318258234499,2,0,2,2,New/Occasional Buyers
17033.0,85,3,617.76,28.08,320,-0.06790916415199,0.0019066252877515,0.0541122541420819,0,0,2,0,Regular Average Customers
17034.0,15,4,574.12,22.9648,348,-0.8308054005377296,0.432565612158627,-0.0257623052445155,0,0,2,0,Regular Average Customers
17035.0,245,3,311.83,11.993461538461538,163,1.6758536618725572,0.0019066252877515,-0.5058332993212954,1,0,0,1,At-Risk Customers
17037.0,77,2,1168.22,16.225277777777777,642,-0.1550973054532174,-0.4287523615831239,1.061622564864962,0,0,2,0,Regular Average Customers
17038.0,29,1,88.25,4.644736842105263,25,-0.6782261532605817,-0.8594113484539994,-0.9150531432180754,2,0,2,2,New/Occasional Buyers
17040.0,137,1,159.78,13.315,152,0.4988137543059878,-0.8594113484539994,-0.7841313459466885,2,0,0,2,New/Occasional Buyers
17041.0,26,4,938.77,14.442615384615385,807,-0.7109217062485419,0.432565612158627,0.6416588240021112,0,0,2,0,Regular Average Customers
17042.0,2,5,959.68,10.66311111111111,853,-0.972486130152224,0.8632245990295024,0.6799305251197498,0,0,1,0,Regular Average Customers
17043.0,31,4,1144.98,13.630714285714284,752,-0.6564291179352748,0.432565612158627,1.0190862504711828,0,0,1,0,Regular Average Customers
17044.0,8,2,-34.1,-11.366666666666667,-16,-0.9070950241763036,-0.4287523615831239,-1.1389910978686302,2,0,2,2,New/Occasional Buyers
17045.0,112,2,210.24,11.065263157894735,98,0.2263508127396523,-0.4287523615831239,-0.6917740987732762,2,0,0,2,New/Occasional Buyers
17046.0,156,1,248.6,17.757142857142856,240,0.7058855898964028,-0.8594113484539994,-0.621563555737761,1,0,0,1,At-Risk Customers
17047.0,84,3,882.9,16.658490566037734,508,-0.0788076818146435,0.0019066252877515,0.5393996206810937,0,0,2,0,Regular Average Customers
17048.0,117,5,751.1700000000001,17.885,439,0.2808434010529194,0.8632245990295024,0.2982933945583511,0,0,0,0,Regular Average Customers
17051.0,193,1,230.94,5.632682926829268,178,1.1091307434145794,-0.8594113484539994,-0.6538867619423283,1,0,0,1,At-Risk Customers
17052.0,27,1,350.08,4.376,217,-0.7000231885858885,-0.8594113484539994,-0.4358240899597611,2,0,2,2,New/Occasional Buyers
17053.0,128,2,370.98,30.915000000000003,109,0.400727095342107,-0.4287523615831239,-0.3975706919033933,2,0,0,2,New/Occasional Buyers
17054.0,27,6,792.78,14.414181818181818,702,-0.7000231885858885,1.293883585900378,0.3744524325069376,0,0,1,0,Regular Average Customers
17058.0,81,3,965.54,17.88037037037037,541,-0.1115032348026037,0.0019066252877515,0.6906561190245497,0,0,2,0,Regular Average Customers
17060.0,265,1,50.400000000000006,16.8,24,1.8938240151256256,-0.8594113484539994,-0.98433023012877,1,0,0,1,At-Risk Customers
17061.0,73,8,1612.5,31.009615384615383,570,-0.1986913761038311,2.155201559642129,1.874790971012477,3,0,1,3,Regular Average Customers
17062.0,313,5,489.14,7.300597014925373,376,2.4169528629329897,0.8632245990295024,-0.1813017199253831,1,0,0,1,At-Risk Customers
17063.0,8,10,1247.1,16.628,668,-0.9070950241763036,3.0165195333838795,1.2059971121705262,3,0,3,3,Regular Average Customers
17064.0,58,3,681.3000000000001,12.387272727272729,300,-0.3621691410436324,0.0019066252877515,0.1704099054579484,0,0,2,0,Regular Average Customers
17070.0,113,1,284.34,4.661311475409836,129,0.2372493304023057,-0.8594113484539994,-0.5561484147552451,2,0,2,2,New/Occasional Buyers
17073.0,17,4,1143.02,7.569668874172185,680,-0.8090083652124227,0.432565612158627,1.0154988504620688,0,0,1,0,Regular Average Customers
17075.0,17,5,612.12,9.136119402985075,267,-0.8090083652124227,0.8632245990295024,0.0437893275852439,0,0,1,0,Regular Average Customers
17076.0,35,3,386.9599999999999,29.76615384615384,136,-0.6128350472846611,0.0019066252877515,-0.3683223999923525,2,0,2,2,New/Occasional Buyers
17078.0,35,2,262.28,13.804210526315789,292,-0.6128350472846611,-0.4287523615831239,-0.5965249679190476,2,0,2,2,New/Occasional Buyers
17079.0,77,1,118.8,59.400000000000006,24,-0.1550973054532174,-0.8594113484539994,-0.8591372910352029,2,0,2,2,New/Occasional Buyers
17080.0,21,2,123.28,20.546666666666663,82,-0.7654142945618091,-0.4287523615831239,-0.8509375195857997,2,0,2,2,New/Occasional Buyers
17081.0,24,2,210.51,3.759107142857143,69,-0.7327187415738488,-0.4287523615831239,-0.6912799161189596,2,0,2,2,New/Occasional Buyers
17082.0,32,2,1408.1,20.407246376811592,866,-0.6455306002726214,-0.4287523615831239,1.5006763986334544,0,0,1,0,Regular Average Customers
17083.0,108,3,1219.0,25.93617021276596,666,0.1827567420890386,0.0019066252877515,1.154565509999046,0,0,0,0,Regular Average Customers
17084.0,34,2,2101.58,16.547874015748032,1168,-0.6237335649473146,-0.4287523615831239,2.769957091654024,3,0,1,3,Regular Average Customers
17085.0,122,6,1365.05,7.845114942528736,687,0.3353359893661865,1.293883585900378,1.4218817198618454,3,0,1,3,Regular Average Customers
17086.0,6,6,1307.9,16.555696202531646,1048,-0.9288920595016104,1.293883585900378,1.3172797246981414,3,0,1,3,Regular Average Customers
17088.0,27,4,1651.61,16.352574257425744,835,-0.7000231885858885,0.432565612158627,1.946374243643317,3,0,1,3,Regular Average Customers
17090.0,3,6,1344.64,25.37056603773585,594,-0.9615876124895706,1.293883585900378,1.384525171807756,3,0,1,3,Regular Average Customers
17092.0,49,4,1634.44,13.851186440677967,927,-0.4602558000075132,0.432565612158627,1.914947887441028,3,0,1,3,Regular Average Customers
17094.0,321,1,254.3,19.56153846153846,146,2.504141004234217,-0.8594113484539994,-0.6111308108132971,1,0,0,1,At-Risk Customers
17095.0,21,4,1167.06,16.91391304347826,568,-0.7654142945618091,0.432565612158627,1.0594994097575272,0,0,1,0,Regular Average Customers
17096.0,8,7,762.2900000000001,18.149761904761903,279,-0.9070950241763036,1.7245425727712531,0.3186463986916912,0,0,1,0,Regular Average Customers
17097.0,1,9,795.97,3.9210344827586208,445,-0.9833846478148774,2.585860546513004,0.3802911090523833,3,0,1,3,Regular Average Customers
17100.0,17,2,948.34,14.8178125,764,-0.8090083652124227,-0.4287523615831239,0.6591748536384481,0,0,2,0,Regular Average Customers
17101.0,29,3,1067.18,31.38764705882353,410,-0.6782261532605817,0.0019066252877515,0.8766884337828856,0,0,2,0,Regular Average Customers
17105.0,158,2,560.98,6.8412195121951225,582,0.7276826252217097,-0.4287523615831239,-0.0498125277545955,1,0,0,1,At-Risk Customers
17109.0,28,8,797.59,6.9355652173913045,531,-0.6891246709232351,2.155201559642129,0.3832562049782835,0,0,1,0,Regular Average Customers
17110.0,164,1,76.1,9.5125,42,0.7930737311976302,-0.8594113484539994,-0.9372913626623274,1,0,0,1,At-Risk Customers
17111.0,46,1,183.39,7.3356,133,-0.4929513529954735,-0.8594113484539994,-0.7409178182858827,2,0,2,2,New/Occasional Buyers
17114.0,5,9,416.57,4.527934782608695,173,-0.9397905771642638,2.585860546513004,-0.3141270355689529,0,0,1,0,Regular Average Customers
17115.0,7,4,555.8000000000001,18.526666666666667,260,-0.917993541838957,0.432565612158627,-0.0592935134929679,0,0,2,0,Regular Average Customers
17117.0,287,1,73.35,12.225,63,2.133591403704001,-0.8594113484539994,-0.9423247045118496,1,0,0,1,At-Risk Customers
17118.0,317,1,157.02,15.702000000000002,154,2.460546933583604,-0.8594113484539994,-0.7891829908574816,1,0,0,1,At-Risk Customers
17119.0,2,3,464.49,14.983548387096777,268,-0.972486130152224,0.0019066252877515,-0.2264187659583718,2,0,2,2,New/Occasional Buyers
17120.0,232,1,222.96,15.925714285714289,112,1.5341729322580626,-0.8594113484539994,-0.6684926048365777,1,0,0,1,At-Risk Customers
17122.0,118,1,138.32,19.76,80,0.2917419187155728,-0.8594113484539994,-0.8234097154342317,2,0,0,2,New/Occasional Buyers
17123.0,161,1,263.7,32.9625,150,0.7603781782096699,-0.8594113484539994,-0.5939259332185671,1,0,0,1,At-Risk Customers
17124.0,184,1,262.44,9.372857142857145,125,1.0110440844506987,-0.8594113484539994,-0.5962321189387118,1,0,0,1,At-Risk Customers
17125.0,49,1,158.78,5.670714285714285,80,-0.4602558000075132,-0.8594113484539994,-0.7859616520737875,2,0,2,2,New/Occasional Buyers
17126.0,151,6,914.21,3.793402489626556,641,0.6513930015831357,1.293883585900378,0.5967065055205615,0,0,0,0,Regular Average Customers
17128.0,334,1,131.59,11.962727272727273,73,2.645821733848712,-0.8594113484539994,-0.8357276756696075,1,0,0,1,At-Risk Customers
17131.0,4,4,1839.12,15.85448275862069,896,-0.9506890948269172,0.432565612158627,2.2895749455356382,3,0,1,3,Regular Average Customers
17133.0,15,3,32.400000000000006,10.800000000000002,18,-0.8308054005377296,0.0019066252877515,-1.0172757404165509,2,0,2,2,New/Occasional Buyers
17134.0,106,2,232.35,17.873076923076926,77,0.1609597067637317,-0.4287523615831239,-0.6513060303031187,2,0,2,2,New/Occasional Buyers
17135.0,15,5,635.77,17.182972972972973,478,-0.8308054005377296,0.8632245990295024,0.0870760674911337,0,0,1,0,Regular Average Customers
17138.0,275,1,288.3,16.016666666666666,116,2.00280919175216,-0.8594113484539994,-0.5489004024919333,1,0,0,1,At-Risk Customers
17140.0,246,1,115.42,8.244285714285715,62,1.6867521795352105,-0.8594113484539994,-0.8653237257447972,1,0,0,1,At-Risk Customers
17142.0,238,1,119.7,19.95,54,1.5995640382339833,-0.8594113484539994,-0.8574900155208138,1,0,0,1,At-Risk Customers
17144.0,0,2,537.1800000000001,18.523448275862076,206,-0.9942831654775308,-0.4287523615831239,-0.0933738135795501,2,0,2,2,New/Occasional Buyers
17146.0,262,2,400.98,16.7075,190,1.8611284621376651,-0.4287523615831239,-0.3426615080904252,1,0,0,1,At-Risk Customers
17147.0,22,5,1266.32,17.587777777777777,754,-0.7545157768991556,0.8632245990295024,1.2411755959333677,0,0,1,0,Regular Average Customers
17148.0,51,1,124.88,13.875555555555556,82,-0.4384587646822064,-0.8594113484539994,-0.8480090297824414,2,0,2,2,New/Occasional Buyers
17152.0,194,3,408.8,40.88,127,1.1200292610772329,0.0019066252877515,-0.3283485141765115,1,0,0,1,At-Risk Customers
17153.0,23,1,213.78,15.27,104,-0.7436172592365022,-0.8594113484539994,-0.685294815083346,2,0,2,2,New/Occasional Buyers
17154.0,74,1,299.1,14.242857142857144,346,-0.1877928584411777,-0.8594113484539994,-0.5291330963192648,2,0,2,2,New/Occasional Buyers
17155.0,17,2,78.2,5.585714285714286,142,-0.8090083652124227,-0.4287523615831239,-0.9334477197954196,2,0,2,2,New/Occasional Buyers
17157.0,7,3,306.55,20.436666666666667,169,-0.917993541838957,0.0019066252877515,-0.5154973156723778,2,0,2,2,New/Occasional Buyers
17158.0,31,3,954.77,18.360961538461535,680,-0.6564291179352748,0.0019066252877515,0.6709437220356942,0,0,2,0,Regular Average Customers
17159.0,21,4,1432.3,14.765979381443298,1053,-0.7654142945618091,0.432565612158627,1.5449698069092488,0,0,1,0,Regular Average Customers
17162.0,28,10,1293.26,16.370379746835443,953,-0.6891246709232351,3.0165195333838795,1.290484042997413,3,0,3,3,Regular Average Customers
17163.0,21,2,293.1,58.620000000000005,66,-0.7654142945618091,-0.4287523615831239,-0.5401149330818584,2,0,2,2,New/Occasional Buyers
17164.0,32,8,2335.25,16.800359712230215,1487,-0.6455306002726214,2.155201559642129,3.1976447243732324,3,0,1,3,Regular Average Customers
17165.0,283,1,122.88,15.36,96,2.089997333053387,-0.8594113484539994,-0.8516696420366392,1,0,0,1,At-Risk Customers
17166.0,38,3,189.49,13.535,75,-0.5801394942967009,0.0019066252877515,-0.7297529509105791,2,0,2,2,New/Occasional Buyers
17169.0,49,4,741.81,13.737222222222222,476,-0.4602558000075132,0.432565612158627,0.2811617292087048,0,0,2,0,Regular Average Customers
17171.0,288,1,199.41,13.294,183,2.144489921366654,-0.8594113484539994,-0.7115963141297578,1,0,0,1,At-Risk Customers
17172.0,74,2,219.78,19.98,227,-0.1877928584411777,-0.4287523615831239,-0.6743129783207524,2,0,2,2,New/Occasional Buyers
17174.0,217,1,59.9,14.975,41,1.3706951673182617,-0.8594113484539994,-0.9669423219213302,1,0,0,1,At-Risk Customers
17175.0,43,4,968.98,19.3796,582,-0.5256469059834338,0.432565612158627,0.6969523721017701,0,0,2,0,Regular Average Customers
17176.0,201,1,208.03,16.002307692307692,136,1.1963188847158068,-0.8594113484539994,-0.695819075314165,1,0,0,1,At-Risk Customers
17179.0,177,3,701.84,8.884050632911393,289,0.9347544608121248,0.0019066252877515,0.2080043933085605,1,0,0,1,At-Risk Customers
17180.0,55,6,658.16,5.5307563025210085,565,-0.3948646940315927,1.293883585900378,0.1280566216768789,0,0,1,0,Regular Average Customers
17181.0,56,1,44.6,2.477777777777778,21,-0.3839661763689393,-0.8594113484539994,-0.9949460056659438,2,0,2,2,New/Occasional Buyers
17183.0,7,7,2320.46,41.43678571428571,814,-0.917993541838957,1.7245425727712531,3.1705744967534395,3,0,1,3,Regular Average Customers
17187.0,226,1,114.35,16.335714285714285,80,1.4687818262821422,-0.8594113484539994,-0.8672821533007932,1,0,0,1,At-Risk Customers
17188.0,10,8,1391.31,20.16391304347826,754,-0.8852979888509966,2.155201559642129,1.4699455587594634,3,0,1,3,Regular Average Customers
17189.0,105,2,264.9,4.905555555555555,211,0.1500611891010783,-0.4287523615831239,-0.5917295658660484,2,0,2,2,New/Occasional Buyers
17190.0,58,1,228.74,13.45529411764706,110,-0.3621691410436324,-0.8594113484539994,-0.6579134354219459,2,0,2,2,New/Occasional Buyers
17191.0,27,7,1795.56,8.051838565022422,1027,-0.7000231885858885,1.7245425727712531,2.209846810639208,3,0,1,3,Regular Average Customers
17193.0,35,9,1064.02,40.92384615384616,338,-0.6128350472846611,2.585860546513004,0.8709046664212529,3,0,1,3,Regular Average Customers
17197.0,29,1,463.81,23.1905,129,-0.6782261532605817,-0.8594113484539994,-0.2276633741247991,2,0,2,2,New/Occasional Buyers
17198.0,23,3,354.97,4.437125,256,-0.7436172592365022,0.0019066252877515,-0.4268738929982472,2,0,2,2,New/Occasional Buyers
17201.0,53,1,155.07999999999998,4.430857142857143,85,-0.4166617293568995,-0.8594113484539994,-0.7927337847440535,2,0,2,2,New/Occasional Buyers
17203.0,35,6,899.04,8.027142857142858,626,-0.6128350472846611,1.293883585900378,0.5689407615724704,0,0,1,0,Regular Average Customers
17204.0,168,9,928.66,17.521886792452833,500,0.8366678018482439,2.585860546513004,0.6231544290571411,3,0,3,3,Regular Average Customers
17205.0,53,1,20.5,10.25,33,-0.4166617293568995,-0.8594113484539994,-1.0390563833290285,2,0,2,2,New/Occasional Buyers
17206.0,52,1,204.24,29.177142857142854,76,-0.427560247019553,-0.8594113484539994,-0.7027559355358698,2,0,2,2,New/Occasional Buyers
17211.0,26,9,1781.38,9.951843575418994,1104,-0.7109217062485419,2.585860546513004,2.1838930697569454,3,0,3,3,Regular Average Customers
17212.0,252,1,3.95,3.95,5,1.7521432855111312,-0.8594113484539994,-1.0693479497325156,1,0,0,1,At-Risk Customers
17213.0,39,11,2151.9500000000003,16.302651515151517,1068,-0.5692409766340475,3.447178520254755,2.8621496112759983,3,0,3,3,Regular Average Customers
17214.0,59,6,720.07,8.6755421686747,247,-0.351270623380979,1.293883585900378,0.2413708740055741,0,0,1,0,Regular Average Customers
17217.0,233,1,97.6,12.2,22,1.545071449920716,-0.8594113484539994,-0.8979397809297003,1,0,0,1,At-Risk Customers
17218.0,3,10,1554.88,6.295060728744939,823,-0.9615876124895706,3.0165195333838795,1.7693287319690365,3,0,3,3,Regular Average Customers
17219.0,31,1,105.98,4.4158333333333335,88,-0.6564291179352748,-0.8594113484539994,-0.8826018155846113,2,0,2,2,New/Occasional Buyers
17221.0,6,2,245.66,4.094333333333333,214,-0.9288920595016104,-0.4287523615831239,-0.626944655751432,2,0,2,2,New/Occasional Buyers
17222.0,64,1,273.0,10.5,115,-0.2967780350677119,-0.8594113484539994,-0.576904086236547,2,0,2,2,New/Occasional Buyers
17223.0,309,2,225.09,5.62725,95,2.373358792282376,-0.4287523615831239,-0.664594052785857,1,0,0,1,At-Risk Customers
17226.0,308,1,148.99,9.311875,152,2.3624602746197225,-0.8594113484539994,-0.803880349058086,1,0,0,1,At-Risk Customers
17227.0,18,6,369.86,9.733157894736843,295,-0.7981098475497693,1.293883585900378,-0.3996206347657441,0,0,1,0,Regular Average Customers
17228.0,15,8,1798.95,8.950000000000001,1346,-0.8308054005377296,2.155201559642129,2.2160515484100736,3,0,3,3,Regular Average Customers
17229.0,95,2,308.81,6.713260869565217,184,0.0410760124745441,-0.4287523615831239,-0.5113608238251341,2,0,2,2,New/Occasional Buyers
17230.0,263,8,1504.5,35.82142857142857,582,1.8720269798003188,2.155201559642129,1.677117909285792,3,-1,3,3,Regular Average Customers
17232.0,2,2,417.77,11.936285714285711,202,-0.972486130152224,-0.4287523615831239,-0.3119306682164341,2,0,2,2,New/Occasional Buyers
17233.0,34,1,131.07,5.957727272727272,96,-0.6237335649473146,-0.8594113484539994,-0.836679434855699,2,0,2,2,New/Occasional Buyers
17234.0,182,1,114.04,8.772307692307693,52,0.9892470491253916,-0.8594113484539994,-0.8678495482001938,1,0,0,1,At-Risk Customers
17235.0,24,2,357.46,14.894166666666663,176,-0.7327187415738488,-0.4287523615831239,-0.422316430741771,2,0,2,2,New/Occasional Buyers
17236.0,12,6,787.58,7.875800000000001,374,-0.8635009535256898,1.293883585900378,0.3649348406460233,0,0,1,0,Regular Average Customers
17237.0,10,2,306.74,17.04111111111111,104,-0.8852979888509966,-0.4287523615831239,-0.515149557508229,2,0,2,2,New/Occasional Buyers
17239.0,312,2,292.45,22.496153846153845,139,2.4060543452703365,-0.4287523615831239,-0.5413046320644728,1,0,0,1,At-Risk Customers
17242.0,107,2,915.04,25.417777777777776,435,0.1718582244263851,-0.4287523615831239,0.5982256596060535,0,0,2,0,Regular Average Customers
17244.0,52,1,532.53,22.18875,299,-0.427560247019553,-0.8594113484539994,-0.1018847370705603,2,0,2,2,New/Occasional Buyers
17245.0,204,1,171.45,19.05,75,1.229014437703767,-0.8594113484539994,-0.762771673443444,1,0,0,1,At-Risk Customers
17247.0,14,1,205.99,4.291458333333334,99,-0.841703918200383,-0.8594113484539994,-0.6995528998134467,2,0,2,2,New/Occasional Buyers
17248.0,119,1,277.85,4.086029411764706,165,0.3026404363782262,-0.8594113484539994,-0.5680271015201172,2,0,2,2,New/Occasional Buyers
17250.0,3,2,282.62,5.4350000000000005,158,-0.9615876124895706,-0.4287523615831239,-0.5592965412938553,2,0,2,2,New/Occasional Buyers
17252.0,116,2,294.31,3.678875,186,0.2699448833902659,-0.4287523615831239,-0.5379002626680687,2,0,0,2,New/Occasional Buyers
17253.0,17,1,113.01,8.693076923076923,37,-0.8090083652124227,-0.8594113484539994,-0.8697347635111058,2,0,2,2,New/Occasional Buyers
17254.0,4,2,235.04,2.1563302752293576,214,-0.9506890948269172,-0.4287523615831239,-0.6463825068212227,2,0,2,2,New/Occasional Buyers
17255.0,40,2,253.45,3.6207142857142856,182,-0.558342458971394,-0.4287523615831239,-0.6126865710213313,2,0,2,2,New/Occasional Buyers
17256.0,106,2,150.29999999999998,10.02,95,0.1609597067637317,-0.4287523615831239,-0.8014826480315865,2,0,2,2,New/Occasional Buyers
17259.0,147,2,485.33,4.412090909090909,348,0.607798930932522,-0.4287523615831239,-0.1882751862696301,1,0,2,1,At-Risk Customers
17262.0,51,3,391.81,55.97285714285714,70,-0.4384587646822064,0.0019066252877515,-0.3594454152759225,2,0,2,2,New/Occasional Buyers
17263.0,207,1,63.440000000000005,2.758260869565217,36,1.2617099906917273,-0.8594113484539994,-0.9604630382314,1,0,0,1,At-Risk Customers
17265.0,138,2,497.21,4.286293103448275,383,0.5097122719686412,-0.4287523615831239,-0.1665311494796947,2,0,2,2,New/Occasional Buyers
17266.0,1,3,226.03,3.373582089552239,145,-0.9833846478148774,0.0019066252877515,-0.6628735650263841,2,0,2,2,New/Occasional Buyers
17267.0,126,2,209.35,6.753225806451613,99,0.3789300600168002,-0.4287523615831239,-0.6934030712263942,2,0,0,2,New/Occasional Buyers
17268.0,149,1,35.0,17.5,28,0.6295959662578289,-0.8594113484539994,-1.0125169444860938,1,0,0,1,At-Risk Customers
17272.0,45,4,1864.57,17.757809523809524,1400,-0.5038498706581269,0.432565612158627,2.336156236470305,3,0,1,3,Regular Average Customers
17274.0,34,1,81.25999999999999,3.385833333333333,45,-0.6237335649473146,-0.8594113484539994,-0.9278469830464968,2,0,2,2,New/Occasional Buyers
17277.0,227,2,958.05,14.73923076923077,418,1.4796803439447956,-0.4287523615831239,0.6769471261325788,1,0,0,1,At-Risk Customers
17278.0,240,1,206.09,14.720714285714283,178,1.62136107355929,-0.8594113484539994,-0.6993698692007367,1,0,0,1,At-Risk Customers
17279.0,57,1,25.43,5.086,12,-0.3730676587062859,-0.8594113484539994,-1.0300329741224306,2,0,2,2,New/Occasional Buyers
17282.0,173,2,355.25,5.003521126760563,191,0.8911603901615109,-0.4287523615831239,-0.4263614072826596,1,0,0,1,At-Risk Customers
17284.0,59,7,1575.18,5.469375,1254,-0.351270623380979,1.7245425727712531,1.8064839463491449,3,0,1,3,Regular Average Customers
17286.0,21,1,142.87,3.322558139534884,116,-0.7654142945618091,-0.8594113484539994,-0.8150818225559315,2,0,2,2,New/Occasional Buyers
17287.0,25,7,694.46,6.551509433962265,484,-0.7218202239111954,1.7245425727712531,0.1944967340905703,0,0,1,0,Regular Average Customers
17288.0,8,6,797.35,6.933478260869565,635,-0.9070950241763036,1.293883585900378,0.3828169315077798,0,0,1,0,Regular Average Customers
17289.0,31,3,877.57,8.864343434343434,507,-0.6564291179352748,0.0019066252877515,0.5296440890236565,0,0,2,0,Regular Average Customers
17290.0,3,2,410.49,4.718275862068966,291,-0.9615876124895706,-0.4287523615831239,-0.3252552968217144,2,0,2,2,New/Occasional Buyers
17293.0,7,8,1387.14,11.37,810,-0.917993541838957,2.155201559642129,1.462313182209461,3,0,1,3,Regular Average Customers
17295.0,28,3,400.12,6.781694915254238,245,-0.6891246709232351,0.0019066252877515,-0.3442355713597304,2,0,2,2,New/Occasional Buyers
17297.0,16,1,91.83,2.040666666666666,61,-0.8199068828750762,-0.8594113484539994,-0.9085006472830612,2,0,2,2,New/Occasional Buyers
17298.0,100,2,270.68,11.768695652173914,197,0.0955686007878112,-0.4287523615831239,-0.5811503964514165,2,0,2,2,New/Occasional Buyers
17299.0,11,4,532.25,10.43627450980392,508,-0.8743994711883433,0.432565612158627,-0.102397222786148,0,0,2,0,Regular Average Customers
17301.0,20,1,152.84,2.635172413793104,136,-0.7763128122244625,-0.8594113484539994,-0.7968336704687551,2,0,2,2,New/Occasional Buyers
17302.0,14,6,1041.53,13.704342105263157,565,-0.841703918200383,1.293883585900378,0.8297410816227978,0,0,1,0,Regular Average Customers
17306.0,10,5,79.34,13.223333333333334,11,-0.8852979888509966,0.8632245990295024,-0.9313611708105268,0,0,2,0,Regular Average Customers
17309.0,94,1,82.75,6.895833333333333,41,0.0301774948118907,-0.8594113484539994,-0.9251198269171196,2,0,2,2,New/Occasional Buyers
17311.0,77,2,727.84,18.662564102564104,458,-0.1550973054532174,-0.4287523615831239,0.2555923526131328,2,0,2,2,New/Occasional Buyers
17312.0,154,2,96.35,9.635000000000002,59,0.684088554571096,-0.4287523615831239,-0.900227663588574,1,0,0,1,At-Risk Customers
17313.0,17,2,169.89,21.23625,78,-0.8090083652124227,-0.4287523615831239,-0.7656269510017183,2,0,2,2,New/Occasional Buyers
17314.0,24,11,2023.08,16.719669421487602,1302,-0.7327187415738488,3.447178520254755,2.626278060676758,3,0,3,3,Regular Average Customers
17320.0,99,3,815.88,16.3176,486,0.0846700831251578,0.0019066252877515,0.416732504042923,0,0,2,0,Regular Average Customers
17321.0,67,1,411.74,4.678863636363636,303,-0.2640824820797516,-0.8594113484539994,-0.3229674141628407,2,0,2,2,New/Occasional Buyers
17323.0,14,9,894.44,4.494673366834171,754,-0.841703918200383,2.585860546513004,0.5605213533878155,3,0,1,3,Regular Average Customers
17324.0,17,4,414.84,10.636923076923075,390,-0.8090083652124227,0.432565612158627,-0.317293465168834,0,0,2,0,Regular Average Customers
17325.0,279,1,96.8,16.133333333333333,60,2.046403262402773,-0.8594113484539994,-0.8994040258313795,1,0,0,1,At-Risk Customers
17329.0,13,2,466.56,16.662857142857142,135,-0.8526024358630364,-0.4287523615831239,-0.222630032275277,2,0,2,2,New/Occasional Buyers
17330.0,22,2,273.9,68.475,48,-0.7545157768991556,-0.4287523615831239,-0.5752568107221581,2,0,2,2,New/Occasional Buyers
17333.0,85,1,479.13,17.745555555555555,339,-0.06790916415199,-0.8594113484539994,-0.1996230842576434,2,0,2,2,New/Occasional Buyers
17334.0,300,3,215.4,21.54,156,2.2752721333184955,0.0019066252877515,-0.6823297191574458,1,0,0,1,At-Risk Customers
17337.0,150,6,1552.26,3.1422267206477734,1149,0.6404944839204822,1.293883585900378,1.764533329916037,3,0,1,3,Regular Average Customers
17339.0,93,2,199.2,28.45714285714286,56,0.0192789771492372,-0.4287523615831239,-0.7119806784164484,2,0,2,2,New/Occasional Buyers
17341.0,156,3,516.3000000000001,3.46510067114094,313,0.7058855898964028,0.0019066252877515,-0.1315906055133759,1,0,0,1,At-Risk Customers
17344.0,45,1,132.62,4.4206666666666665,63,-0.5038498706581269,-0.8594113484539994,-0.8338424603586956,2,0,2,2,New/Occasional Buyers
17345.0,14,4,375.74,5.0098666666666665,238,-0.841703918200383,0.432565612158627,-0.3888584347384023,0,0,2,0,Regular Average Customers
17348.0,14,5,987.76,4.9388,939,-0.841703918200383,0.8632245990295024,0.7313255211686881,0,0,1,0,Regular Average Customers
17349.0,178,1,35.05,7.01,50,0.945652978474778,-0.8594113484539994,-1.0124254291797388,1,0,0,1,At-Risk Customers
17350.0,7,4,952.0,14.875,650,-0.917993541838957,0.432565612158627,0.6658737740636301,0,0,2,0,Regular Average Customers
17351.0,35,3,253.5,19.5,72,-0.6128350472846611,0.0019066252877515,-0.6125950557149763,2,0,2,2,New/Occasional Buyers
17354.0,50,1,56.690000000000005,14.1725,65,-0.4493572823448598,-0.8594113484539994,-0.9728176045893177,2,0,2,2,New/Occasional Buyers
17356.0,311,1,178.22,9.38,166,2.395155827607683,-0.8594113484539994,-0.7503805009629841,1,0,0,1,At-Risk Customers
17357.0,23,2,331.04,8.488205128205129,147,-0.7436172592365022,-0.4287523615831239,-0.4706731186197248,2,0,2,2,New/Occasional Buyers
17358.0,302,2,342.36,6.113571428571428,188,2.297069168643802,-0.4287523615831239,-0.4499540532609648,1,0,0,1,At-Risk Customers
17359.0,10,1,56.15,5.104545454545455,50,-0.8852979888509966,-0.8594113484539994,-0.9738059698979512,2,0,2,2,New/Occasional Buyers
17360.0,16,3,486.79,4.160598290598291,319,-0.8199068828750762,0.0019066252877515,-0.1856029393240655,2,0,2,2,New/Occasional Buyers
17361.0,48,3,430.85,17.952083333333334,152,-0.4711543176701667,0.0019066252877515,-0.28799026407398,2,0,2,2,New/Occasional Buyers
17362.0,238,2,276.28,8.125882352941176,190,1.5995640382339833,-0.4287523615831239,-0.5709006821396626,1,0,0,1,At-Risk Customers
17367.0,237,1,148.61,4.793870967741935,112,1.5886655205713298,-0.8594113484539994,-0.8045758653863836,1,0,0,1,At-Risk Customers
17368.0,22,8,580.49,6.993855421686747,349,-0.7545157768991556,2.155201559642129,-0.0141032552148953,0,0,1,0,Regular Average Customers
17370.0,72,4,398.22,13.731724137931034,418,-0.2095898937664845,0.432565612158627,-0.3477131530012184,0,0,2,0,Regular Average Customers
17371.0,16,3,205.15,2.7353333333333336,102,-0.8199068828750762,0.0019066252877515,-0.7010903569602098,2,0,2,2,New/Occasional Buyers
17372.0,40,8,1227.3,5.09253112033195,701,-0.558342458971394,2.155201559642129,1.169757050853967,3,0,1,3,Regular Average Customers
17373.0,39,4,623.07,11.12625,405,-0.5692409766340475,0.432565612158627,0.0638311796769773,0,0,2,0,Regular Average Customers
17374.0,218,2,109.07,18.17833333333333,37,1.381593684980915,-0.4287523615831239,-0.8769461696518756,1,0,0,1,At-Risk Customers
17375.0,189,4,305.46,4.848571428571428,291,1.0655366727639657,0.432565612158627,-0.5174923493509156,1,0,0,1,At-Risk Customers
17376.0,70,2,185.0,8.409090909090908,84,-0.2313869290917914,-0.4287523615831239,-0.7379710254212534,2,0,2,2,New/Occasional Buyers
17379.0,10,1,342.16,4.687123287671233,331,-0.8852979888509966,-0.8594113484539994,-0.4503201144863846,2,0,2,2,New/Occasional Buyers
17381.0,150,6,629.13,52.4275,182,0.6404944839204822,1.293883585900378,0.0749228348071968,0,0,0,0,Regular Average Customers
17382.0,64,1,50.400000000000006,50.400000000000006,24,-0.2967780350677119,-0.8594113484539994,-0.98433023012877,2,0,2,2,New/Occasional Buyers
17383.0,3,1,193.39,3.946734693877551,148,-0.9615876124895706,-0.8594113484539994,-0.7226147570148933,2,0,2,2,New/Occasional Buyers
17384.0,18,2,122.2,8.72857142857143,52,-0.7981098475497693,-0.4287523615831239,-0.8529142502030665,2,0,2,2,New/Occasional Buyers
17385.0,14,1,246.16,5.594545454545455,196,-0.841703918200383,-0.8594113484539994,-0.6260295026878825,2,0,2,2,New/Occasional Buyers
17386.0,7,3,154.70000000000002,19.3375,66,-0.917993541838957,0.0019066252877515,-0.793429301072351,2,0,2,2,New/Occasional Buyers
17387.0,19,2,591.82,8.83313432835821,379,-0.7872113298871158,-0.4287523615831239,0.0066341132051356,2,0,2,2,New/Occasional Buyers
17388.0,77,2,128.48,14.275555555555554,56,-0.1550973054532174,-0.4287523615831239,-0.8414199277248852,2,0,2,2,New/Occasional Buyers
17392.0,306,2,332.52,6.52,272,2.340663239294416,-0.4287523615831239,-0.4679642655516184,1,0,0,1,At-Risk Customers
17394.0,218,1,38.4,19.2,24,1.381593684980915,-0.8594113484539994,-1.006293903653957,1,0,0,1,At-Risk Customers
17396.0,148,2,108.75,54.375,29,0.6186974485951755,-0.4287523615831239,-0.8775318676125472,1,0,0,1,At-Risk Customers
17397.0,21,2,532.36,6.413975903614458,233,-0.7654142945618091,-0.4287523615831239,-0.1021958891121671,2,0,2,2,New/Occasional Buyers
17398.0,114,3,378.78,14.56846153846154,282,0.2481478480649591,0.0019066252877515,-0.3832943041120216,2,0,0,2,New/Occasional Buyers
17400.0,125,5,1545.62,8.78193181818182,908,0.3680315423541467,0.8632245990295024,1.7523800972321004,3,0,1,3,Regular Average Customers
17402.0,4,9,619.91,19.3721875,248,-0.9506890948269172,2.585860546513004,0.0580474123153446,3,0,1,3,Regular Average Customers
17403.0,35,1,238.17,7.939000000000001,108,-0.6128350472846611,-0.8594113484539994,-0.6406536486434029,2,0,2,2,New/Occasional Buyers
17404.0,25,8,1172.14,36.629375,426,-0.7218202239111954,2.155201559642129,1.06879736488319,3,0,1,3,Regular Average Customers
17405.0,0,5,690.07,8.625875,675,-0.9942831654775308,0.8632245990295024,0.186461690192606,0,0,1,0,Regular Average Customers
17406.0,329,3,1162.97,11.867040816326533,647,2.5913291455354446,0.0019066252877515,1.0520134576976927,1,-1,0,1,At-Risk Customers
17409.0,184,2,111.55,22.31,35,1.0110440844506987,-0.4287523615831239,-0.8724070104566701,1,0,0,1,At-Risk Customers
17410.0,15,5,900.27,16.671666666666667,457,-0.8308054005377296,0.8632245990295024,0.5711920381088021,0,0,1,0,Regular Average Customers
17411.0,11,4,600.7,17.66764705882353,250,-0.8743994711883433,0.432565612158627,0.0228872316137742,0,0,2,0,Regular Average Customers
17412.0,2,7,1178.74,19.32360655737705,612,-0.972486130152224,1.7245425727712531,1.0808773853220428,3,0,1,3,Regular Average Customers
17414.0,184,1,28.0,9.333333333333334,60,1.0110440844506987,-0.8594113484539994,-1.0253290873757863,1,0,0,1,At-Risk Customers
17415.0,79,1,138.44,17.305,100,-0.1333002701279106,-0.8594113484539994,-0.8231900786989798,2,0,2,2,New/Occasional Buyers
17418.0,41,2,349.76,13.452307692307691,275,-0.5474439413087406,-0.4287523615831239,-0.4364097879204328,2,0,2,2,New/Occasional Buyers
17420.0,49,3,485.08,19.4032,256,-0.4602558000075132,0.0019066252877515,-0.1887327628014048,2,0,2,2,New/Occasional Buyers
17422.0,15,10,1493.05,12.339256198347108,1387,-0.8308054005377296,3.0165195333838795,1.6561609041305092,3,0,3,3,Regular Average Customers
17423.0,45,2,425.29,18.49086956521739,283,-0.5038498706581269,-0.4287523615831239,-0.2981667661406501,2,0,2,2,New/Occasional Buyers
17425.0,60,1,655.97,16.399250000000002,367,-0.3403721057183256,-0.8594113484539994,0.1240482512585323,2,0,2,2,New/Occasional Buyers
17427.0,71,1,100.8,50.4,34,-0.2204884114291379,-0.8594113484539994,-0.8920828013229837,2,0,2,2,New/Occasional Buyers
17429.0,120,4,388.92,11.438823529411764,408,0.3135389540408796,0.432565612158627,-0.3647349999832384,0,0,0,0,Regular Average Customers
17430.0,32,2,242.36,18.64307692307693,154,-0.6455306002726214,-0.4287523615831239,-0.6329846659708585,2,0,2,2,New/Occasional Buyers
17431.0,312,1,357.4,8.717073170731707,254,2.4060543452703365,-0.8594113484539994,-0.4224262491093969,1,0,0,1,At-Risk Customers
17432.0,17,2,349.36,7.594782608695652,205,-0.8090083652124227,-0.4287523615831239,-0.4371419103712723,2,0,2,2,New/Occasional Buyers
17433.0,87,1,283.26,5.447307692307692,183,-0.0461121288266832,-0.8594113484539994,-0.558125145372512,2,0,2,2,New/Occasional Buyers
17434.0,1,9,1991.27,16.593916666666665,1383,-0.9833846478148774,2.585860546513004,2.568056022773741,3,0,3,3,Regular Average Customers
17436.0,1,2,216.3,24.03333333333333,90,-0.9833846478148774,-0.4287523615831239,-0.6806824436430567,2,0,2,2,New/Occasional Buyers
17438.0,246,2,272.90000000000003,19.492857142857144,88,1.6867521795352105,-0.4287523615831239,-0.5770871168492568,1,0,0,1,At-Risk Customers
17440.0,147,4,13.3,2.66,28,0.607798930932522,0.432565612158627,-1.0522345874441408,1,0,0,1,At-Risk Customers
17442.0,28,9,2087.14,15.811666666666666,1432,-0.6891246709232351,2.585860546513004,2.7435274711787154,3,0,3,3,Regular Average Customers
17444.0,151,2,1789.94,16.125585585585586,1398,0.6513930015831357,-0.4287523615831239,2.199560490204912,0,-1,0,0,Regular Average Customers
17446.0,176,2,120.9,13.433333333333334,198,0.9238559431494712,-0.4287523615831239,-0.8552936481682951,1,0,0,1,At-Risk Customers
17447.0,39,2,541.53,15.0425,443,-0.5692409766340475,-0.4287523615831239,-0.0854119819266699,2,0,2,2,New/Occasional Buyers
17449.0,1,8,2149.81,8.739065040650406,1074,-0.9833846478148774,2.155201559642129,2.8582327561640057,3,0,3,3,Regular Average Customers
17451.0,0,9,1576.3,15.763,979,-0.9942831654775308,2.585860546513004,1.8085338892114955,3,0,3,3,Regular Average Customers
17453.0,17,2,457.47,26.91,216,-0.8090083652124227,-0.4287523615831239,-0.2392675149706064,2,0,2,2,New/Occasional Buyers
17454.0,191,4,451.88,7.79103448275862,236,1.0873337080892729,0.432565612158627,-0.2494989262210894,1,0,0,1,At-Risk Customers
17455.0,203,1,111.8,15.971428571428572,64,1.2181159200411136,-0.8594113484539994,-0.8719494339248954,1,0,0,1,At-Risk Customers
17457.0,126,4,216.49,30.927142857142854,107,0.3789300600168002,0.432565612158627,-0.6803346854789079,2,0,0,2,New/Occasional Buyers
17458.0,14,1,300.40000000000003,5.776923076923078,168,-0.841703918200383,-0.8594113484539994,-0.5267536983540362,2,0,2,2,New/Occasional Buyers
17459.0,42,2,551.99,5.307596153846154,423,-0.5365454236460871,-0.4287523615831239,-0.066266979837215,2,0,2,2,New/Occasional Buyers
17460.0,78,6,386.98,12.899333333333336,169,-0.144198787790564,1.293883585900378,-0.3682857938698103,0,0,0,0,Regular Average Customers
17461.0,22,3,612.01,6.510744680851063,627,-0.7545157768991556,0.0019066252877515,0.043587993911263,0,0,2,0,Regular Average Customers
17462.0,50,3,599.69,24.98708333333333,217,-0.4493572823448598,0.0019066252877515,0.0210386224254042,0,0,2,0,Regular Average Customers
17463.0,15,6,1626.26,8.213434343434344,1058,-0.8308054005377296,1.293883585900378,1.8999759833213583,3,0,1,3,Regular Average Customers
17464.0,157,1,248.2,31.025,76,0.7167841075590563,-0.8594113484539994,-0.6222956781886005,1,0,0,1,At-Risk Customers
17466.0,9,2,531.88,16.62125,286,-0.8961965065136501,-0.4287523615831239,-0.1030744360531746,2,0,2,2,New/Occasional Buyers
17468.0,9,2,137.0,27.4,116,-0.8961965065136501,-0.4287523615831239,-0.8258257195220022,2,0,2,2,New/Occasional Buyers
17469.0,15,6,1668.06,20.097108433734935,758,-0.8308054005377296,1.293883585900378,1.9764827794340936,3,0,1,3,Regular Average Customers
17470.0,44,5,734.41,12.447627118644068,861,-0.5147483883207804,0.8632245990295024,0.2676174638681727,0,0,1,0,Regular Average Customers
17472.0,190,3,656.14,3.882485207100592,450,1.0764351904266192,0.0019066252877515,0.124359403300139,1,0,0,1,At-Risk Customers
17475.0,78,1,194.37,13.883571428571427,178,-0.144198787790564,-0.8594113484539994,-0.7208210570103363,2,0,2,2,New/Occasional Buyers
17480.0,73,2,506.51,16.339032258064517,336,-0.1986913761038311,-0.4287523615831239,-0.1495093024976746,2,0,2,2,New/Occasional Buyers
17481.0,3,5,1085.71,14.671756756756755,739,-0.9615876124895706,0.8632245990295024,0.9106040063180288,0,0,1,0,Regular Average Customers
17483.0,64,3,381.64,20.086315789473684,187,-0.2967780350677119,0.0019066252877515,-0.3780596285885187,2,0,2,2,New/Occasional Buyers
17486.0,260,1,376.97,16.39,189,1.8393314268123584,-0.8594113484539994,-0.3866071582020706,1,0,0,1,At-Risk Customers
17489.0,58,2,361.52,12.911428571428573,392,-0.3621691410436324,-0.4287523615831239,-0.4148853878657493,2,0,2,2,New/Occasional Buyers
17490.0,0,11,1092.11,16.547121212121215,594,-0.9942831654775308,3.447178520254755,0.9223179655314624,3,0,3,3,Regular Average Customers
17491.0,0,10,2138.03,25.452738095238097,1175,-0.9942831654775308,3.0165195333838795,2.836671749986781,3,0,3,3,Regular Average Customers
17492.0,247,1,288.62,28.862,146,1.697650697197864,-0.8594113484539994,-0.5483147045312616,1,0,0,1,At-Risk Customers
17495.0,7,2,432.26,18.79391304347826,222,-0.917993541838957,-0.4287523615831239,-0.2854095324347706,2,0,2,2,New/Occasional Buyers
17498.0,75,1,235.74,15.716,202,-0.1768943407785242,-0.8594113484539994,-0.6451012925322533,2,0,2,2,New/Occasional Buyers
17499.0,289,1,460.1,13.532352941176471,525,2.155388439029308,-0.8594113484539994,-0.2344538098563361,1,0,0,1,At-Risk Customers
17501.0,220,2,259.35,16.209375,157,1.4033907203062217,-0.4287523615831239,-0.6018877648714475,1,0,0,1,At-Risk Customers
17502.0,8,4,633.36,24.36,326,-0.9070950241763036,0.432565612158627,0.0826650297248253,0,0,2,0,Regular Average Customers
17503.0,2,2,478.91,14.512424242424244,443,-0.972486130152224,-0.4287523615831239,-0.2000257516056051,2,0,2,2,New/Occasional Buyers
17504.0,205,10,1710.47,16.290190476190478,1128,1.2399129553664203,3.0165195333838795,2.05410606228436,3,-1,3,3,Regular Average Customers
17505.0,161,2,1006.94,20.549795918367348,542,0.7603781782096699,-0.4287523615831239,0.7664307926864458,1,0,0,1,At-Risk Customers
17506.0,69,2,294.29,18.393125,136,-0.2422854467544448,-0.4287523615831239,-0.5379368687906106,2,0,2,2,New/Occasional Buyers
17507.0,261,2,574.73,6.761529411764706,356,1.850229944475012,-0.4287523615831239,-0.0246458185069852,1,0,0,1,At-Risk Customers
17508.0,280,1,387.31,17.605,289,2.0573017800654267,-0.8594113484539994,-0.3676817928478677,1,0,0,1,At-Risk Customers
17510.0,24,1,282.98,14.893684210526317,212,-0.7327187415738488,-0.8594113484539994,-0.5586376310880996,2,0,2,2,New/Occasional Buyers
17512.0,50,9,1697.66,18.86288888888889,1034,-0.4493572823448598,2.585860546513004,2.0306598407962224,3,0,3,3,Regular Average Customers
17513.0,71,1,140.39999999999998,46.79999999999999,58,-0.2204884114291379,-0.8594113484539994,-0.8196026786898659,2,0,2,2,New/Occasional Buyers
17514.0,127,1,200.15,5.1320512820512825,134,0.3898285776794536,-0.8594113484539994,-0.7102418875957045,2,0,0,2,New/Occasional Buyers
17515.0,30,4,403.17,5.599583333333333,222,-0.6673276355979283,0.432565612158627,-0.3386531376720786,0,0,2,0,Regular Average Customers
17516.0,14,5,651.71,5.131574803149607,359,-0.841703918200383,0.8632245990295024,0.1162511471570908,0,0,1,0,Regular Average Customers
17517.0,308,1,128.44,12.844,100,2.3624602746197225,-0.8594113484539994,-0.8414931399699691,1,0,0,1,At-Risk Customers
17519.0,16,7,1146.15,18.789344262295085,575,-0.8199068828750762,1.7245425727712531,1.0212277086398889,3,0,1,3,Regular Average Customers
17520.0,53,1,441.29,17.651600000000002,309,-0.4166617293568995,-0.8594113484539994,-0.2688818681070671,2,0,2,2,New/Occasional Buyers
17521.0,23,4,683.34,15.530454545454546,468,-0.7436172592365022,0.432565612158627,0.1741437299572302,0,0,2,0,Regular Average Customers
17522.0,1,5,649.76,11.202758620689655,548,-0.9833846478148774,0.8632245990295024,0.1126820502092478,0,0,1,0,Regular Average Customers
17523.0,10,2,263.43,9.408214285714283,143,-0.8852979888509966,-0.4287523615831239,-0.5944201158728838,2,0,2,2,New/Occasional Buyers
17526.0,4,4,140.20000000000002,14.02,90,-0.9506890948269172,0.432565612158627,-0.8199687399152856,2,0,2,2,New/Occasional Buyers
17527.0,53,4,712.4200000000001,16.962380952380954,467,-0.4166617293568995,0.432565612158627,0.2273690321332673,0,0,2,0,Regular Average Customers
17530.0,0,10,2088.79,5.585,1375,-0.9942831654775308,3.0165195333838795,2.7465474762884288,3,0,3,3,Regular Average Customers
17531.0,120,2,229.85,20.895454545454545,127,0.3135389540408796,-0.4287523615831239,-0.655881795620866,2,0,0,2,New/Occasional Buyers
17534.0,53,1,223.36,24.817777777777778,103,-0.4166617293568995,-0.8594113484539994,-0.6677604823857382,2,0,2,2,New/Occasional Buyers
17535.0,279,1,164.4,12.646153846153847,136,2.046403262402773,-0.8594113484539994,-0.7756753316394914,1,0,0,1,At-Risk Customers
17537.0,29,2,777.16,11.599402985074626,458,-0.6782261532605817,-0.4287523615831239,0.3458630508016522,2,0,2,2,New/Occasional Buyers
17538.0,25,1,92.66,11.5825,86,-0.7218202239111954,-0.8594113484539994,-0.9069814931975692,2,0,2,2,New/Occasional Buyers
17540.0,24,2,544.9,22.704166666666666,190,-0.7327187415738488,-0.4287523615831239,-0.0792438502783465,2,0,2,2,New/Occasional Buyers
17542.0,269,1,141.55,6.4340909090909095,131,1.9374180857762395,-0.8594113484539994,-0.8174978266437021,1,0,0,1,At-Risk Customers
17545.0,42,3,409.94,3.20265625,282,-0.5365454236460871,0.0019066252877515,-0.3262619651916188,2,0,2,2,New/Occasional Buyers
17548.0,217,3,-51.0,-4.25,-12,1.3706951673182617,0.0019066252877515,-1.169923271416602,1,0,0,1,At-Risk Customers
17549.0,23,2,16.439999999999998,8.219999999999999,36,-0.7436172592365022,-0.4287523615831239,-1.04648742620505,2,0,2,2,New/Occasional Buyers
17550.0,196,3,198.41,4.96025,81,1.1418262964025396,0.0019066252877515,-0.7134266202568567,1,0,0,1,At-Risk Customers
17552.0,42,6,838.8199999999999,17.84723404255319,574,-0.5365454236460871,1.293883585900378,0.4587197265985725,0,0,1,0,Regular Average Customers
17554.0,0,5,1220.91,19.37952380952381,583,-0.9942831654775308,0.8632245990295024,1.158061394701805,0,0,1,0,Regular Average Customers
17555.0,19,2,471.81,4.536634615384616,347,-0.7872113298871158,-0.4287523615831239,-0.2130209251080076,2,0,2,2,New/Occasional Buyers
17556.0,205,1,67.95,16.9875,40,1.2399129553664203,-0.8594113484539994,-0.9522083575981836,1,0,0,1,At-Risk Customers
17557.0,13,3,525.01,16.4065625,304,-0.8526024358630364,0.0019066252877515,-0.1156486391463443,2,0,2,2,New/Occasional Buyers
17560.0,154,3,294.67,24.555833333333336,115,0.684088554571096,0.0019066252877515,-0.5372413524623131,1,0,0,1,At-Risk Customers
17561.0,18,1,137.5,3.197674418604651,107,-0.7981098475497693,-0.8594113484539994,-0.8249105664584528,2,0,2,2,New/Occasional Buyers
17562.0,13,8,1063.82,17.43967213114754,669,-0.8526024358630364,2.155201559642129,0.870538605195833,3,0,1,3,Regular Average Customers
17564.0,23,3,409.36,8.89913043478261,141,-0.7436172592365022,0.0019066252877515,-0.3273235427453361,2,0,2,2,New/Occasional Buyers
17566.0,7,2,773.87,5.73237037037037,488,-0.917993541838957,-0.4287523615831239,0.3398413436434968,2,0,2,2,New/Occasional Buyers
17569.0,331,1,242.6,10.108333333333333,118,2.6131261808607515,-0.8594113484539994,-0.6325453925003547,1,0,0,1,At-Risk Customers
17571.0,49,3,1017.81,4.205826446280992,745,-0.4602558000075132,0.0019066252877515,0.786326220288011,0,0,2,0,Regular Average Customers
17572.0,70,4,206.85,18.80454545454546,93,-0.2313869290917914,0.432565612158627,-0.6979788365441416,2,0,2,2,New/Occasional Buyers
17573.0,28,4,318.74,13.280833333333334,206,-0.6891246709232351,0.432565612158627,-0.4931858839830417,0,0,2,0,Regular Average Customers
17574.0,242,1,155.8,22.25714285714286,74,1.643158108884597,-0.8594113484539994,-0.7914159643325422,1,0,0,1,At-Risk Customers
17578.0,217,1,96.3,32.1,54,1.3706951673182617,-0.8594113484539994,-0.900319178894929,1,0,0,1,At-Risk Customers
17579.0,4,4,418.95,8.379,254,-0.9506890948269172,0.432565612158627,-0.3097709069864574,0,0,2,0,Regular Average Customers
17580.0,311,2,160.07,3.722558139534884,81,2.395155827607683,-0.4287523615831239,-0.7836005571698298,1,0,0,1,At-Risk Customers
17582.0,235,1,99.37,3.821923076923077,73,1.5668684852460228,-0.8594113484539994,-0.8947001390847352,1,0,0,1,At-Risk Customers
17584.0,6,3,756.7,27.025,294,-0.9288920595016104,0.0019066252877515,0.3084149874412081,0,0,2,0,Regular Average Customers
17585.0,108,4,816.77,4.344521276595745,891,0.1827567420890386,0.432565612158627,0.418361476496041,0,0,0,0,Regular Average Customers
17588.0,99,2,428.5,47.61111111111112,70,0.0846700831251578,-0.4287523615831239,-0.2922914834726626,2,0,2,2,New/Occasional Buyers
17589.0,59,4,2086.87,8.731673640167363,1326,-0.351270623380979,0.432565612158627,2.743033288524398,3,0,1,3,Regular Average Customers
17590.0,1,3,1200.19,6.630883977900552,689,-0.9833846478148774,0.0019066252877515,1.1201374517483151,0,0,1,0,Regular Average Customers
17591.0,72,7,1541.47,12.33176,899,-0.2095898937664845,1.7245425727712531,1.7447843268046397,3,0,1,3,Regular Average Customers
17594.0,84,2,993.18,19.8636,550,-0.0788076818146435,-0.4287523615831239,0.7412457803775642,0,0,2,0,Regular Average Customers
17595.0,11,2,302.84000000000003,3.984736842105264,218,-0.8743994711883433,-0.4287523615831239,-0.5222877514039147,2,0,2,2,New/Occasional Buyers
17596.0,22,7,1236.59,5.916698564593301,808,-0.7545157768991556,1.7245425727712531,1.186760594774716,3,0,1,3,Regular Average Customers
17597.0,213,1,1093.74,26.676585365853654,559,1.3271010966676478,-0.8594113484539994,0.9253013645186332,1,0,0,1,At-Risk Customers
17600.0,17,1,115.68,11.568,105,-0.8090083652124227,-0.8594113484539994,-0.8648478461517516,2,0,2,2,New/Occasional Buyers
17601.0,238,1,108.45,13.55625,67,1.5995640382339833,-0.8594113484539994,-0.8780809594506769,1,0,0,1,At-Risk Customers
17603.0,49,2,140.97,12.815454545454545,71,-0.4602558000075132,-0.4287523615831239,-0.8185594041974195,2,0,2,2,New/Occasional Buyers
17604.0,216,2,266.02,4.433666666666666,129,1.3597966496556082,-0.4287523615831239,-0.5896796230036977,1,0,0,1,At-Risk Customers
17608.0,32,2,191.99,3.428392857142857,229,-0.6455306002726214,-0.4287523615831239,-0.7251771855928318,2,0,2,2,New/Occasional Buyers
17609.0,40,6,951.39,4.2855405405405405,668,-0.558342458971394,1.293883585900378,0.6647572873260997,0,0,1,0,Regular Average Customers
17612.0,52,10,1510.8,13.137391304347826,1307,-0.427560247019553,3.0165195333838795,1.6886488378865152,3,0,3,3,Regular Average Customers
17614.0,56,1,346.72,3.6885106382978727,231,-0.3839661763689393,-0.8594113484539994,-0.4419739185468134,2,0,2,2,New/Occasional Buyers
17615.0,129,3,195.05,19.505000000000003,87,0.4116256130047604,0.0019066252877515,-0.719576448843909,2,0,0,2,New/Occasional Buyers
17618.0,5,3,644.63,11.309298245614036,299,-0.9397905771642638,0.0019066252877515,0.1032925797772303,0,0,2,0,Regular Average Customers
17619.0,311,1,198.47,2.718767123287672,122,2.395155827607683,-0.8594113484539994,-0.7133168018892306,1,0,0,1,At-Risk Customers
17620.0,59,1,47.44,15.813333333333333,56,-0.351270623380979,-0.8594113484539994,-0.9897479362649828,2,0,2,2,New/Occasional Buyers
17621.0,20,3,692.9,38.49444444444444,262,-0.7763128122244625,0.0019066252877515,0.1916414565322959,0,0,2,0,Regular Average Customers
17623.0,32,1,455.45,14.691935483870967,257,-0.6455306002726214,-0.8594113484539994,-0.2429647333473462,2,0,2,2,New/Occasional Buyers
17624.0,14,2,747.43,16.609555555555556,544,-0.841703918200383,-0.4287523615831239,0.2914480496430008,2,0,2,2,New/Occasional Buyers
17625.0,17,4,1885.15,6.390338983050848,1164,-0.8090083652124227,0.432565612158627,2.373823936566002,3,0,1,3,Regular Average Customers
17628.0,80,1,75.75,15.15,79,-0.1224017524652572,-0.8594113484539994,-0.937931969806812,2,0,2,2,New/Occasional Buyers
17629.0,5,9,1437.32,13.43289719626168,1164,-0.9397905771642638,2.585860546513004,1.5541579436672854,3,0,3,3,Regular Average Customers
17630.0,169,2,219.4,16.876923076923074,134,0.8475663195108973,-0.4287523615831239,-0.67500849464905,1,0,0,1,At-Risk Customers
17631.0,1,3,445.29,13.493636363636364,291,-0.9833846478148774,0.0019066252877515,-0.2615606435986714,2,0,2,2,New/Occasional Buyers
17633.0,30,6,1160.84,17.32597014925373,620,-0.6673276355979283,1.293883585900378,1.0481149056469716,0,0,1,0,Regular Average Customers
17634.0,35,9,1588.89,6.432753036437247,753,-0.6128350472846611,2.585860546513004,1.8315774433516716,3,0,3,3,Regular Average Customers
17636.0,8,2,265.93,11.080416666666666,176,-0.9070950241763036,-0.4287523615831239,-0.5898443505551365,2,0,2,2,New/Occasional Buyers
17637.0,30,2,464.51,15.483666666666666,271,-0.6673276355979283,-0.4287523615831239,-0.2263821598358299,2,0,2,2,New/Occasional Buyers
17639.0,275,1,60.2,15.05,44,2.00280919175216,-0.8594113484539994,-0.9663932300832004,1,0,0,1,At-Risk Customers
17640.0,86,1,114.3,57.15,42,-0.0570106464893366,-0.8594113484539994,-0.867373668607148,2,0,2,2,New/Occasional Buyers
17642.0,119,2,635.49,17.175405405405407,434,0.3026404363782262,-0.4287523615831239,0.0865635817755461,2,0,2,2,New/Occasional Buyers
17646.0,218,4,798.0600000000001,18.137727272727275,298,1.381593684980915,0.432565612158627,0.3841164488580201,1,0,0,1,At-Risk Customers
17647.0,64,1,82.11,20.5275,25,-0.2967780350677119,-0.8594113484539994,-0.9262912228384628,2,0,2,2,New/Occasional Buyers
17648.0,60,3,1224.6,19.43809523809524,424,-0.3403721057183256,0.0019066252877515,1.1648152243108003,0,0,1,0,Regular Average Customers
17649.0,134,2,774.74,16.140416666666667,390,0.4661182013180275,-0.4287523615831239,0.3414337099740728,2,0,2,2,New/Occasional Buyers
17650.0,20,1,166.08,20.76,150,-0.7763128122244625,-0.8594113484539994,-0.7726004173459652,2,0,2,2,New/Occasional Buyers
17653.0,28,4,508.04,13.730810810810812,333,-0.6891246709232351,0.432565612158627,-0.1467089341232132,0,0,2,0,Regular Average Customers
17654.0,276,1,80.65,4.244736842105263,37,2.0137077094148133,-0.8594113484539994,-0.9289634697840272,1,0,0,1,At-Risk Customers
17655.0,10,7,1342.44,23.145517241379316,660,-0.8852979888509966,1.7245425727712531,1.3804984983281383,3,0,1,3,Regular Average Customers
17656.0,72,5,1177.25,18.98790322580645,911,-0.2095898937664845,0.8632245990295024,1.0781502291926657,0,0,1,0,Regular Average Customers
17658.0,25,2,200.22,22.246666666666663,138,-0.7218202239111954,-0.4287523615831239,-0.7101137661668075,2,0,2,2,New/Occasional Buyers
17660.0,140,1,168.8,4.562162162162163,120,0.5315093072939481,-0.8594113484539994,-0.7676219846802561,2,0,0,2,New/Occasional Buyers
17663.0,25,8,1535.67,19.195875,773,-0.7218202239111954,2.155201559642129,1.734168551267466,3,0,1,3,Regular Average Customers
17664.0,18,2,547.94,13.36439024390244,554,-0.7981098475497693,-0.4287523615831239,-0.0736797196519656,2,0,2,2,New/Occasional Buyers
17666.0,3,2,110.58,18.43,66,-0.9615876124895706,-0.4287523615831239,-0.8741824073999561,2,0,2,2,New/Occasional Buyers
17667.0,65,5,1708.07,17.25323232323232,939,-0.2858795174050585,0.8632245990295024,2.049713327579322,3,0,1,3,Regular Average Customers
17668.0,0,2,145.25,20.75,75,-0.9942831654775308,-0.4287523615831239,-0.8107256939734361,2,0,2,2,New/Occasional Buyers
17669.0,42,7,880.52,18.734468085106386,566,-0.5365454236460871,1.7245425727712531,0.5350434920985983,0,0,1,0,Regular Average Customers
17670.0,227,1,173.9,17.39,106,1.4796803439447956,-0.8594113484539994,-0.7582874234320516,1,0,0,1,At-Risk Customers
17671.0,15,5,1095.11,21.47274509803922,532,-0.8308054005377296,0.8632245990295024,0.9278088839127592,0,0,1,0,Regular Average Customers
17672.0,43,3,1977.12,21.25935483870968,1343,-0.5256469059834338,0.0019066252877515,2.542157191075291,3,0,1,3,Regular Average Customers
17673.0,0,7,1380.35,6.541943127962085,1064,-0.9942831654775308,1.7245425727712531,1.449885403606459,3,0,1,3,Regular Average Customers
17674.0,73,2,271.32,11.796521739130435,348,-0.1986913761038311,-0.4287523615831239,-0.5799790005300732,2,0,2,2,New/Occasional Buyers
17676.0,3,7,1287.19,17.162533333333332,843,-0.9615876124895706,1.7245425727712531,1.2793740848059223,3,0,1,3,Regular Average Customers
17678.0,263,1,298.11,18.631875,207,1.8720269798003188,-0.8594113484539994,-0.5309450993850927,1,0,0,1,At-Risk Customers
17679.0,52,2,892.86,52.52117647058824,286,-0.427560247019553,-0.4287523615831239,0.5576294697069991,0,0,2,0,Regular Average Customers
17680.0,23,1,151.4,15.14,92,-0.7436172592365022,-0.8594113484539994,-0.7994693112917777,2,0,2,2,New/Occasional Buyers
17682.0,9,7,2338.49,20.694601769911507,1309,-0.8961965065136501,1.7245425727712531,3.2035749162250338,3,0,1,3,Regular Average Customers
17684.0,43,1,201.01,15.462307692307691,141,-0.5256469059834338,-0.8594113484539994,-0.7086678243263994,2,0,2,2,New/Occasional Buyers
17692.0,126,5,603.54,14.720487804878047,472,0.3789300600168002,0.8632245990295024,0.028085301014735,0,0,0,0,Regular Average Customers
17693.0,135,2,161.52,10.768,226,0.477016718980681,-0.4287523615831239,-0.7809466132855364,2,0,0,2,New/Occasional Buyers
17694.0,141,1,251.92,17.994285714285716,136,0.5424078249566016,-0.8594113484539994,-0.6154869393957926,2,0,0,2,New/Occasional Buyers
17695.0,131,2,607.94,20.96344827586207,471,0.4334226483300673,-0.4287523615831239,0.0361386479739705,2,0,2,2,New/Occasional Buyers
17697.0,235,1,298.25,18.640625,89,1.5668684852460228,-0.8594113484539994,-0.5306888565272989,1,0,0,1,At-Risk Customers
17698.0,260,1,154.95,19.36875,93,1.8393314268123584,-0.8594113484539994,-0.7929717245405764,1,0,0,1,At-Risk Customers
17700.0,16,5,2125.54,15.981503759398496,1118,-0.8199068828750762,0.8632245990295024,2.8138112264593147,3,0,1,3,Regular Average Customers
17701.0,252,1,193.65,16.1375,83,1.7521432855111312,-0.8594113484539994,-0.7221388774218476,1,0,0,1,At-Risk Customers
17702.0,29,6,988.84,14.331014492753624,742,-0.6782261532605817,1.293883585900378,0.733302251785955,0,0,1,0,Regular Average Customers
17703.0,34,3,798.74,14.522545454545456,590,-0.6237335649473146,0.0019066252877515,0.3853610570244473,0,0,2,0,Regular Average Customers
17704.0,168,2,729.99,28.076538461538465,239,0.8366678018482439,-0.4287523615831239,0.2595275107863955,1,0,0,1,At-Risk Customers
17705.0,2,10,1489.22,16.01311827956989,923,-0.972486130152224,3.0165195333838795,1.6491508316637202,3,0,3,3,Regular Average Customers
17707.0,184,2,50.400000000000006,16.8,24,1.0110440844506987,-0.4287523615831239,-0.98433023012877,1,0,0,1,At-Risk Customers
17708.0,187,2,254.83,7.722121212121212,89,1.043739637438659,-0.4287523615831239,-0.6101607485659347,1,0,0,1,At-Risk Customers
17709.0,169,1,58.25,14.5625,13,0.8475663195108973,-0.8594113484539994,-0.9699623270310436,1,0,0,1,At-Risk Customers
17711.0,10,2,369.8,16.80909090909091,244,-0.8852979888509966,-0.4287523615831239,-0.3997304531333701,2,0,2,2,New/Occasional Buyers
17712.0,44,1,403.21,15.508076923076922,209,-0.5147483883207804,-0.8594113484539994,-0.3385799254269946,2,0,2,2,New/Occasional Buyers
17714.0,320,1,153.0,15.3,92,2.493242486571564,-0.8594113484539994,-0.7965408214884193,1,0,0,1,At-Risk Customers
17718.0,231,1,113.85,22.77,81,1.5232744145954094,-0.8594113484539994,-0.8681973063643426,1,0,0,1,At-Risk Customers
17720.0,25,4,860.54,25.31,416,-0.7218202239111954,0.432565612158627,0.4984739756791614,0,0,2,0,Regular Average Customers
17722.0,95,6,1516.86,15.637731958762888,1098,0.0410760124745441,1.293883585900378,1.699740493016735,3,0,1,3,Regular Average Customers
17723.0,172,2,163.9,40.975,42,0.8802618724988576,-0.4287523615831239,-0.7765904847030409,1,0,0,1,At-Risk Customers
17724.0,57,4,782.85,20.601315789473684,265,-0.3730676587062859,0.432565612158627,0.3562774926648452,0,0,2,0,Regular Average Customers
17727.0,8,2,905.65,15.35,624,-0.9070950241763036,-0.4287523615831239,0.5810390850725945,0,0,2,0,Regular Average Customers
17731.0,78,5,715.85,12.342241379310344,401,-0.144198787790564,0.8632245990295024,0.2336469821492166,0,0,2,0,Regular Average Customers
17733.0,38,2,471.63,16.84392857142857,361,-0.5801394942967009,-0.4287523615831239,-0.2133503802108854,2,0,2,2,New/Occasional Buyers
17734.0,53,3,567.91,15.348918918918915,361,-0.4166617293568995,0.0019066252877515,-0.0371285062938,0,0,2,0,Regular Average Customers
17736.0,8,2,215.59,11.977222222222222,225,-0.9070950241763036,-0.4287523615831239,-0.6819819609932969,2,0,2,2,New/Occasional Buyers
17737.0,8,2,137.64,15.293333333333337,72,-0.9070950241763036,-0.4287523615831239,-0.8246543236006589,2,0,2,2,New/Occasional Buyers
17738.0,18,5,1348.86,16.449512195121955,858,-0.7981098475497693,0.8632245990295024,1.3922490636641138,0,0,1,0,Regular Average Customers
17739.0,11,8,2126.05,51.85487804878049,458,-0.8743994711883433,2.155201559642129,2.814744682584136,3,0,3,3,Regular Average Customers
17742.0,112,2,200.86,25.1075,78,0.2263508127396523,-0.4287523615831239,-0.7089423702454642,2,0,0,2,New/Occasional Buyers
17744.0,3,6,1613.26,15.364380952380952,1726,-0.9615876124895706,1.293883585900378,1.876182003669072,3,0,1,3,Regular Average Customers
17746.0,234,2,63.35,10.558333333333334,23,1.5559699675833696,-0.4287523615831239,-0.9606277657828388,1,0,0,1,At-Risk Customers
17747.0,99,2,64.65,32.325,11,0.0846700831251578,-0.4287523615831239,-0.9582483678176102,2,0,2,2,New/Occasional Buyers
17749.0,177,2,478.95,19.158,255,0.9347544608121248,-0.4287523615831239,-0.1999525393605213,1,0,0,1,At-Risk Customers
17750.0,4,9,1109.66,7.159096774193549,2216,-0.9506890948269172,2.585860546513004,0.9544398380620484,3,0,1,3,Regular Average Customers
17754.0,0,5,982.55,12.437341772151898,1092,-0.9942831654775308,0.8632245990295024,0.7217896262465026,0,0,1,0,Regular Average Customers
17759.0,16,3,665.46,8.115365853658536,452,-0.8199068828750762,0.0019066252877515,0.1414178564047012,0,0,2,0,Regular Average Customers
17760.0,21,2,218.25,9.920454545454543,130,-0.7654142945618091,-0.4287523615831239,-0.6771133466952137,2,0,2,2,New/Occasional Buyers
17761.0,32,1,285.64,25.967272727272725,160,-0.6455306002726214,-0.8594113484539994,-0.5537690167900166,2,0,2,2,New/Occasional Buyers
17763.0,262,1,15.0,15.0,12,1.8611284621376651,-0.8594113484539994,-1.0491230670280725,1,0,0,1,At-Risk Customers
17764.0,50,2,679.35,10.61484375,341,-0.4493572823448598,-0.4287523615831239,0.1668408085101054,2,0,2,2,New/Occasional Buyers
17765.0,158,3,259.58,5.7684444444444445,131,0.7276826252217097,0.0019066252877515,-0.6014667944622147,1,0,0,1,At-Risk Customers
17767.0,14,1,262.95,13.1475,127,-0.841703918200383,-0.8594113484539994,-0.5952986628138913,2,0,2,2,New/Occasional Buyers
17768.0,7,3,1360.91,18.90152777777778,807,-0.917993541838957,0.0019066252877515,1.414304252495656,0,0,1,0,Regular Average Customers
17770.0,198,3,286.57,13.646190476190476,188,1.1636233317278466,0.0019066252877515,-0.5520668320918145,1,0,0,1,At-Risk Customers
17771.0,56,2,213.71,4.2742,283,-0.3839661763689393,-0.4287523615831239,-0.6854229365122428,2,0,2,2,New/Occasional Buyers
17772.0,10,2,125.0,2.717391304347826,51,-0.8852979888509966,-0.4287523615831239,-0.8477893930471895,2,0,2,2,New/Occasional Buyers
17774.0,96,4,985.74,7.14304347826087,406,0.0519745301371975,0.432565612158627,0.7276283027919482,0,0,2,0,Regular Average Customers
17775.0,254,1,56.4,18.8,72,1.773940320836438,-0.8594113484539994,-0.9733483933661764,1,0,0,1,At-Risk Customers
17777.0,24,3,629.11,3.3463297872340427,499,-0.7327187415738488,0.0019066252877515,0.0748862286846549,0,0,2,0,Regular Average Customers
17779.0,20,4,490.96,6.818888888888889,341,-0.7763128122244625,0.432565612158627,-0.1779705627740631,0,0,2,0,Regular Average Customers
17781.0,158,1,62.17,8.881428571428572,23,0.7276826252217097,-0.8594113484539994,-0.9627875270128156,1,0,0,1,At-Risk Customers
17783.0,71,2,274.97,4.166212121212122,353,-0.2204884114291379,-0.4287523615831239,-0.5732983831661621,2,0,2,2,New/Occasional Buyers
17785.0,52,1,123.44,10.286666666666669,66,-0.427560247019553,-0.8594113484539994,-0.8506446706054638,2,0,2,2,New/Occasional Buyers
17786.0,84,2,226.78,3.5434375,156,-0.0788076818146435,-0.4287523615831239,-0.6615008354310599,2,0,2,2,New/Occasional Buyers
17787.0,152,4,1630.29,13.473471074380164,834,0.6622915192457891,0.432565612158627,1.907352117013567,0,0,1,0,Regular Average Customers
17788.0,129,1,8.2,4.1,2,0.4116256130047604,-0.8594113484539994,-1.061569148692345,2,0,0,2,New/Occasional Buyers
17789.0,280,1,191.65,15.970833333333331,71,2.0573017800654267,-0.8594113484539994,-0.7257994896760455,1,0,0,1,At-Risk Customers
17791.0,29,1,106.1,10.61,46,-0.6782261532605817,-0.8594113484539994,-0.8823821788493593,2,0,2,2,New/Occasional Buyers
17793.0,24,1,162.37,3.776046511627907,75,-0.7327187415738488,-0.8594113484539994,-0.7793908530775022,2,0,2,2,New/Occasional Buyers
17795.0,179,2,311.48,7.416190476190477,232,0.9565514961374316,-0.4287523615831239,-0.5064739064657799,1,0,0,1,At-Risk Customers
17796.0,39,4,578.05,7.811486486486486,164,-0.5692409766340475,0.432565612158627,-0.0185692021650168,0,0,2,0,Regular Average Customers
17797.0,21,3,644.63,6.319901960784314,484,-0.7654142945618091,0.0019066252877515,0.1032925797772303,0,0,2,0,Regular Average Customers
17800.0,36,9,952.36,9.920416666666666,534,-0.6019365296220077,2.585860546513004,0.6665326842693858,3,0,1,3,Regular Average Customers
17802.0,81,4,1129.32,8.124604316546762,628,-0.1115032348026037,0.432565612158627,0.9904236565208132,0,0,2,0,Regular Average Customers
17805.0,73,1,211.83,30.26142857142857,70,-0.1986913761038311,-0.8594113484539994,-0.6888639120311888,2,0,2,2,New/Occasional Buyers
17806.0,10,1,445.11,11.413076923076924,556,-0.8852979888509966,-0.8594113484539994,-0.2618900987015492,2,0,2,2,New/Occasional Buyers
17809.0,15,5,728.39,26.01392857142857,304,-0.8308054005377296,0.8632245990295024,0.2565990209830371,0,0,1,0,Regular Average Customers
17812.0,12,4,547.26,4.485737704918033,317,-0.8635009535256898,0.432565612158627,-0.074924327818393,0,0,2,0,Regular Average Customers
17813.0,13,6,1138.49,3.637348242811502,663,-0.8526024358630364,1.293883585900378,1.0072075637063107,0,0,1,0,Regular Average Customers
17816.0,36,4,36.56,2.150588235294118,30,-0.6019365296220077,0.432565612158627,-1.0096616669278196,2,0,2,2,New/Occasional Buyers
17817.0,3,2,114.43,4.086785714285715,60,-0.9615876124895706,-0.4287523615831239,-0.8671357288106252,2,0,2,2,New/Occasional Buyers
17819.0,71,6,676.81,27.0724,325,-0.2204884114291379,1.293883585900378,0.162191830947274,0,0,1,0,Regular Average Customers
17820.0,190,2,-11.3,-2.825,-4,1.0764351904266192,-0.4287523615831239,-1.0972601181707744,1,0,0,1,At-Risk Customers
17824.0,50,1,235.84,21.44,232,-0.4493572823448598,-0.8594113484539994,-0.6449182619195434,2,0,2,2,New/Occasional Buyers
17827.0,4,5,1751.36,8.585098039215687,1059,-0.9506890948269172,0.8632245990295024,2.1289472798214355,3,0,1,3,Regular Average Customers
17828.0,8,8,861.65,13.256153846153843,525,-0.9070950241763036,2.155201559642129,0.5005056154802413,3,0,1,3,Regular Average Customers
17829.0,298,1,765.34,28.34592592592593,350,2.253475097993189,-0.8594113484539994,0.3242288323793429,1,0,0,1,At-Risk Customers
17830.0,1,3,200.75,16.729166666666668,69,-0.9833846478148774,0.0019066252877515,-0.7091437039194451,2,0,2,2,New/Occasional Buyers
17831.0,32,1,35.400000000000006,17.700000000000003,12,-0.6455306002726214,-0.8594113484539994,-1.011784822035254,2,0,2,2,New/Occasional Buyers
17832.0,49,1,148.53,2.4755,172,-0.4602558000075132,-0.8594113484539994,-0.8047222898765516,2,0,2,2,New/Occasional Buyers
17835.0,2,3,279.54,4.991785714285714,222,-0.972486130152224,0.0019066252877515,-0.56493388416532,2,0,2,2,New/Occasional Buyers
17836.0,46,1,110.21,4.592083333333334,88,-0.4929513529954735,-0.8594113484539994,-0.8748596206669826,2,0,2,2,New/Occasional Buyers
17837.0,41,9,1079.63,7.65695035460993,465,-0.5474439413087406,2.585860546513004,0.8994757450652675,3,0,1,3,Regular Average Customers
17838.0,26,6,1762.26,18.550105263157896,1076,-0.7109217062485419,1.293883585900378,2.148897616606813,3,0,1,3,Regular Average Customers
17839.0,41,1,318.15,6.11826923076923,257,-0.5474439413087406,-0.8594113484539994,-0.4942657645980301,2,0,2,2,New/Occasional Buyers
17843.0,302,1,178.63,5.253823529411765,110,2.297069168643802,-0.8594113484539994,-0.7496300754508736,1,0,0,1,At-Risk Customers
17844.0,106,1,51.56,10.312,52,0.1609597067637317,-0.8594113484539994,-0.9822070750213354,2,0,0,2,New/Occasional Buyers
17848.0,147,6,331.02,8.487692307692308,224,0.607798930932522,1.293883585900378,-0.4707097247422668,0,0,0,0,Regular Average Customers
17849.0,263,3,64.60000000000001,5.872727272727274,22,1.8720269798003188,0.0019066252877515,-0.9583398831239652,1,0,0,1,At-Risk Customers
17852.0,11,2,114.34,4.764166666666667,53,-0.8743994711883433,-0.4287523615831239,-0.8673004563620641,2,0,2,2,New/Occasional Buyers
17854.0,184,2,120.01,9.23153846153846,69,1.0110440844506987,-0.4287523615831239,-0.8569226206214132,1,0,0,1,At-Risk Customers
17856.0,232,4,106.76,17.793333333333333,40,1.5341729322580626,0.432565612158627,-0.881174176805474,1,0,0,1,At-Risk Customers
17858.0,5,9,2056.11,15.695496183206108,601,-0.9397905771642638,2.585860546513004,2.686733072054836,3,0,3,3,Regular Average Customers
17859.0,304,1,118.52,5.387272727272728,66,2.318866203969109,-0.8594113484539994,-0.8596497767507906,1,0,0,1,At-Risk Customers
17861.0,2,8,1606.44,8.323523316062177,1622,-0.972486130152224,2.155201559642129,1.8636993158822577,3,0,1,3,Regular Average Customers
17862.0,323,1,260.0,37.142857142857146,92,2.525938039559524,-0.8594113484539994,-0.6006980658888332,1,0,0,1,At-Risk Customers
17864.0,12,3,495.75,5.901785714285714,543,-0.8635009535256898,0.0019066252877515,-0.1692033964252591,2,0,2,2,New/Occasional Buyers
17866.0,142,2,166.85,23.835714285714285,62,0.5533063426192549,-0.4287523615831239,-0.771191081628099,2,0,0,2,New/Occasional Buyers
17867.0,29,3,201.54,3.250645161290323,137,-0.6782261532605817,0.0019066252877515,-0.7076977620790369,2,0,2,2,New/Occasional Buyers
17869.0,106,5,275.03,9.167666666666666,100,0.1609597067637317,0.8632245990295024,-0.5731885647985363,0,0,0,0,Regular Average Customers
17871.0,204,1,131.42000000000002,16.427500000000002,86,1.229014437703767,-0.8594113484539994,-0.8360388277112143,1,0,0,1,At-Risk Customers
17873.0,79,5,1073.26,32.5230303030303,638,-0.1333002701279106,0.8632245990295024,0.8878166950356471,0,0,1,0,Regular Average Customers
17874.0,184,7,501.87,12.240731707317073,160,1.0110440844506987,1.7245425727712531,-0.1580019229274136,0,0,0,0,Regular Average Customers
17877.0,169,1,158.01,14.364545454545452,90,0.8475663195108973,-0.8594113484539994,-0.7873709877916536,1,0,0,1,At-Risk Customers
17878.0,43,1,244.83,12.885789473684213,175,-0.5256469059834338,-0.8594113484539994,-0.628463809836924,2,0,2,2,New/Occasional Buyers
17879.0,173,1,154.67,30.934,42,0.8911603901615109,-0.8594113484539994,-0.7934842102561641,1,0,0,1,At-Risk Customers
17881.0,303,1,133.35000000000002,16.668750000000003,32,2.307967686306456,-0.8594113484539994,-0.8325063368859134,1,0,0,1,At-Risk Customers
17883.0,2,4,493.34,3.7374242424242414,358,-0.972486130152224,0.432565612158627,-0.1736144341915676,0,0,2,0,Regular Average Customers
17884.0,3,4,537.22,5.215728155339806,395,-0.9615876124895706,0.432565612158627,-0.0933006013344662,0,0,2,0,Regular Average Customers
17885.0,11,1,139.59,2.737058823529412,108,-0.8743994711883433,-0.8594113484539994,-0.8210852266528159,2,0,2,2,New/Occasional Buyers
17886.0,31,3,468.23,5.381954022988506,290,-0.6564291179352748,0.0019066252877515,-0.2195734210430218,2,0,2,2,New/Occasional Buyers
17887.0,128,1,47.05,6.721428571428571,25,0.400727095342107,-0.8594113484539994,-0.9904617556545516,2,0,0,2,New/Occasional Buyers
17888.0,59,7,325.71000000000004,5.615689655172415,318,-0.351270623380979,1.7245425727712531,-0.4804286502771621,0,0,1,0,Regular Average Customers
17889.0,211,2,159.92,9.995,72,1.305304061342341,-0.4287523615831239,-0.7838751030888947,1,0,0,1,At-Risk Customers
17890.0,322,2,508.57,5.983176470588235,360,2.5150395218968704,-0.4287523615831239,-0.1457388718758508,1,0,0,1,At-Risk Customers
17891.0,161,1,203.86,5.995882352941176,393,0.7603781782096699,-0.8594113484539994,-0.7034514518641675,1,0,0,1,At-Risk Customers
17892.0,56,2,121.1,5.045833333333333,70,-0.3839661763689393,-0.4287523615831239,-0.8549275869428753,2,0,2,2,New/Occasional Buyers
17893.0,224,1,66.31,5.100769230769231,97,1.4469847909568354,-0.8594113484539994,-0.955210059646626,1,0,0,1,At-Risk Customers
17894.0,71,8,904.91,4.891405405405405,383,-0.2204884114291379,2.155201559642129,0.5796846585385412,3,0,1,3,Regular Average Customers
17895.0,43,1,80.36,6.181538461538461,90,-0.5256469059834338,-0.8594113484539994,-0.929494258560886,2,0,2,2,New/Occasional Buyers
17897.0,172,4,355.06,3.5506,205,0.8802618724988576,0.432565612158627,-0.4267091654468083,1,0,0,1,At-Risk Customers
17898.0,84,2,138.14,5.116296296296296,142,-0.0788076818146435,-0.4287523615831239,-0.8237391705371095,2,0,2,2,New/Occasional Buyers
17899.0,158,1,94.34,3.628461538461538,95,0.7276826252217097,-0.8594113484539994,-0.9039065789040428,1,0,0,1,At-Risk Customers
17900.0,164,4,34.8,3.866666666666666,24,0.7930737311976302,0.432565612158627,-1.0128830057115137,1,0,0,1,At-Risk Customers
17901.0,28,1,41.78,3.213846153846154,18,-0.6891246709232351,-0.8594113484539994,-1.000107468944363,2,0,2,2,New/Occasional Buyers
17904.0,20,1,91.62,3.272142857142857,50,-0.7763128122244625,-0.8594113484539994,-0.908885011569752,2,0,2,2,New/Occasional Buyers
17905.0,156,3,338.59000000000003,13.022692307692308,177,0.7058855898964028,0.0019066252877515,-0.4568543073601278,1,0,0,1,At-Risk Customers
17906.0,246,1,55.95,5.086363636363637,25,1.6867521795352105,-0.8594113484539994,-0.9741720311233708,1,0,0,1,At-Risk Customers
17911.0,8,1,294.35,8.176388888888889,182,-0.9070950241763036,-0.8594113484539994,-0.5378270504229847,2,0,2,2,New/Occasional Buyers
17912.0,309,6,188.73,6.507931034482758,124,2.373358792282376,1.293883585900378,-0.7311439835671742,1,0,0,1,At-Risk Customers
17913.0,58,2,339.39,6.170727272727272,198,-0.3621691410436324,-0.4287523615831239,-0.4553900624584487,2,0,2,2,New/Occasional Buyers
17914.0,3,1,230.68,3.392352941176471,271,-0.9615876124895706,-0.8594113484539994,-0.6543626415353739,2,0,2,2,New/Occasional Buyers
17917.0,44,3,318.08,3.4953846153846158,183,-0.5147483883207804,0.0019066252877515,-0.4943938860269271,2,0,2,2,New/Occasional Buyers
17919.0,87,1,615.48,47.34461538461539,276,-0.0461121288266832,-0.8594113484539994,0.0499391561722964,2,0,2,2,New/Occasional Buyers
17921.0,63,4,769.38,5.575217391304348,419,-0.3076765527303653,0.432565612158627,0.3316232691328225,0,0,2,0,Regular Average Customers
17924.0,0,9,643.71,33.87947368421053,204,-0.9942831654775308,2.585860546513004,0.1016086981402994,3,0,1,3,Regular Average Customers
17926.0,132,2,309.23,18.19,160,0.4443211659927207,-0.4287523615831239,-0.5105920952517525,2,0,0,2,New/Occasional Buyers
17928.0,44,2,155.56,7.778,66,-0.5147483883207804,-0.4287523615831239,-0.791855237803046,2,0,2,2,New/Occasional Buyers
17929.0,308,1,196.2,98.1,36,2.3624602746197225,-0.8594113484539994,-0.7174715967977452,1,0,0,1,At-Risk Customers
17930.0,35,5,707.4,24.393103448275863,550,-0.6128350472846611,0.8632245990295024,0.2181808953752305,0,0,1,0,Regular Average Customers
17931.0,133,2,255.0,4.473684210526316,127,0.4552196836553741,-0.4287523615831239,-0.6098495965243279,2,0,0,2,New/Occasional Buyers
17932.0,28,3,1188.92,14.499024390243903,774,-0.6891246709232351,0.0019066252877515,1.09950990169591,0,0,1,0,Regular Average Customers
17934.0,58,1,307.68,25.64,148,-0.3621691410436324,-0.8594113484539994,-0.5134290697487559,2,0,2,2,New/Occasional Buyers
17935.0,137,2,137.29,4.903214285714285,81,0.4988137543059878,-0.4287523615831239,-0.8252949307451436,2,0,0,2,New/Occasional Buyers
17936.0,4,1,327.53,4.888507462686567,251,-0.9506890948269172,-0.8594113484539994,-0.4770974931258421,2,0,2,2,New/Occasional Buyers
17937.0,8,4,172.5,43.125,78,-0.9070950241763036,0.432565612158627,-0.76084985200999,2,0,2,2,New/Occasional Buyers
17939.0,159,1,99.14,8.261666666666667,40,0.738581142884363,-0.8594113484539994,-0.895121109493968,1,0,0,1,At-Risk Customers
17942.0,7,1,1.9,1.9,2,-0.917993541838957,-0.8594113484539994,-1.0731000772930686,2,0,2,2,New/Occasional Buyers
17946.0,232,2,79.78,4.432222222222222,71,1.5341729322580626,-0.4287523615831239,-0.9305558361146034,1,0,0,1,At-Risk Customers
17947.0,36,1,136.68,17.085,136,-0.6019365296220077,-0.8594113484539994,-0.8264114174826739,2,0,2,2,New/Occasional Buyers
17949.0,7,4,258.29999999999995,64.57499999999999,87,-0.917993541838957,0.432565612158627,-0.6038095863049014,0,0,2,0,Regular Average Customers
17950.0,71,3,365.15,5.617692307692307,316,-0.2204884114291379,0.0019066252877515,-0.4082413766243802,2,0,2,2,New/Occasional Buyers
17951.0,39,4,190.68,17.334545454545456,156,-0.5692409766340475,0.432565612158627,-0.7275748866193315,2,0,2,2,New/Occasional Buyers
17955.0,219,2,55.6,7.942857142857142,40,1.3924922026435684,-0.4287523615831239,-0.9748126382678556,1,0,0,1,At-Risk Customers
17957.0,65,1,96.25,3.4375,185,-0.2858795174050585,-0.8594113484539994,-0.9004106942012838,2,0,2,2,New/Occasional Buyers
17958.0,116,1,136.16,22.69333333333333,50,0.2699448833902659,-0.8594113484539994,-0.8273631766687655,2,0,0,2,New/Occasional Buyers
17960.0,170,1,73.78,2.837692307692308,41,0.8584648371735507,-0.8594113484539994,-0.941537672877197,1,0,0,1,At-Risk Customers
17962.0,141,1,82.02,2.563125,90,0.5424078249566016,-0.8594113484539994,-0.9264559503899018,2,0,0,2,New/Occasional Buyers
17964.0,31,2,326.25,3.707386363636364,235,-0.6564291179352748,-0.4287523615831239,-0.4794402849685287,2,0,2,2,New/Occasional Buyers
17966.0,150,2,155.43,3.88575,193,0.6404944839204822,-0.4287523615831239,-0.7920931775995689,1,0,0,1,At-Risk Customers
17969.0,165,2,63.45,7.93125,26,0.8039722488602836,-0.4287523615831239,-0.9604447351701288,1,0,0,1,At-Risk Customers
17970.0,210,1,279.33,13.9665,191,1.2944055436796875,-0.8594113484539994,-0.5653182484520108,1,0,0,1,At-Risk Customers
17972.0,241,1,96.54,3.575555555555556,33,1.6322595912219435,-0.8594113484539994,-0.8998799054244252,1,0,0,1,At-Risk Customers
17973.0,51,1,299.48,23.03692307692308,124,-0.4384587646822064,-0.8594113484539994,-0.5284375799909672,2,0,2,2,New/Occasional Buyers
17974.0,24,3,651.1,4.069375,459,-0.7327187415738488,0.0019066252877515,0.1151346604195605,0,0,2,0,Regular Average Customers
17977.0,28,1,95.29,6.806428571428572,131,-0.6891246709232351,-0.8594113484539994,-0.9021677880832988,2,0,2,2,New/Occasional Buyers
17979.0,35,4,576.43,4.434076923076923,313,-0.6128350472846611,0.432565612158627,-0.0215342980909171,0,0,2,0,Regular Average Customers
17980.0,165,3,228.15,11.4075,105,0.8039722488602836,0.0019066252877515,-0.6589933160369343,1,0,0,1,At-Risk Customers
17984.0,144,1,131.68,2.862608695652174,96,0.5751033779445618,-0.8594113484539994,-0.8355629481181686,1,0,0,1,At-Risk Customers
17985.0,21,1,571.35,31.741666666666667,137,-0.7654142945618091,-0.8594113484539994,-0.0308322532165796,2,0,2,2,New/Occasional Buyers
17986.0,55,1,20.8,20.8,10,-0.3948646940315927,-0.8594113484539994,-1.0385072914908986,2,0,2,2,New/Occasional Buyers
17987.0,184,1,123.93,12.393,141,1.0110440844506987,-0.8594113484539994,-0.8497478206031853,1,0,0,1,At-Risk Customers
17988.0,11,7,99.92,3.223225806451613,36,-0.8743994711883433,1.7245425727712531,-0.8936934707148307,0,0,1,0,Regular Average Customers
17990.0,236,3,585.84,20.922857142857143,378,1.5777670029086763,0.0019066252877515,-0.004311117434916,1,0,0,1,At-Risk Customers
17991.0,224,2,67.85,16.9625,23,1.4469847909568354,-0.4287523615831239,-0.9523913882108936,1,0,0,1,At-Risk Customers
17994.0,121,5,522.03,6.779610389610389,381,0.3244374717035331,0.8632245990295024,-0.1211029514050991,0,0,0,0,Regular Average Customers
17995.0,281,1,23.6,23.6,8,2.0682002977280805,-0.8594113484539994,-1.0333824343350215,1,0,0,1,At-Risk Customers
17999.0,36,2,334.79,3.84816091954023,215,-0.6019365296220077,-0.4287523615831239,-0.4638094706431038,2,0,2,2,New/Occasional Buyers
18001.0,11,2,272.93,5.686041666666667,205,-0.8743994711883433,-0.4287523615831239,-0.5770322076654439,2,0,2,2,New/Occasional Buyers
18005.0,3,2,163.02,3.326938775510204,81,-0.9615876124895706,-0.4287523615831239,-0.778201154094888,2,0,2,2,New/Occasional Buyers
18006.0,22,1,251.53000000000003,13.23842105263158,89,-0.7545157768991556,-0.8594113484539994,-0.6162007587853612,2,0,2,2,New/Occasional Buyers
18008.0,69,4,71.53,5.502307692307692,57,-0.2422854467544448,0.432565612158627,-0.9456558616631696,2,0,2,2,New/Occasional Buyers
18009.0,234,2,177.19,6.815,117,1.5559699675833696,-0.4287523615831239,-0.752265716273896,1,0,0,1,At-Risk Customers
18010.0,256,1,61.6,6.844444444444445,48,1.795737356161745,-0.8594113484539994,-0.963830801505262,1,0,0,1,At-Risk Customers
18013.0,154,2,129.81,4.636071428571428,153,0.684088554571096,-0.4287523615831239,-0.8389856205758436,1,0,0,1,At-Risk Customers
18014.0,27,1,146.32,5.225714285714285,64,-0.7000231885858885,-0.8594113484539994,-0.8087672664174402,2,0,2,2,New/Occasional Buyers
18015.0,3,1,120.03,2.6093478260869567,157,-0.9615876124895706,-0.8594113484539994,-0.8568860144988713,2,0,2,2,New/Occasional Buyers
18016.0,31,5,949.6,9.496,540,-0.6564291179352748,0.8632245990295024,0.6614810393585927,0,0,1,0,Regular Average Customers
18018.0,107,2,53.59,2.2329166666666667,50,0.1718582244263851,-0.4287523615831239,-0.9784915535833244,2,0,2,2,New/Occasional Buyers
18019.0,51,1,28.5,7.125,6,-0.4384587646822064,-0.8594113484539994,-1.0244139343122367,2,0,2,2,New/Occasional Buyers
18022.0,35,1,542.25,3.453821656050956,482,-0.6128350472846611,-0.8594113484539994,-0.0840941615151586,2,0,2,2,New/Occasional Buyers
18024.0,152,1,67.63,4.226875,37,0.6622915192457891,-0.8594113484539994,-0.9527940555588554,1,0,0,1,At-Risk Customers
18027.0,98,1,115.31,5.490952380952381,78,0.0737715654625044,-0.8594113484539994,-0.8655250594187782,2,0,2,2,New/Occasional Buyers
18030.0,3,2,35.45,7.090000000000001,31,-0.9615876124895706,-0.4287523615831239,-1.0116933067288991,2,0,2,2,New/Occasional Buyers
18032.0,333,1,73.5,14.7,42,2.634923216186058,-0.8594113484539994,-0.9420501585927846,1,0,0,1,At-Risk Customers
18033.0,64,1,71.82,2.4765517241379307,44,-0.2967780350677119,-0.8594113484539994,-0.945125072886311,2,0,2,2,New/Occasional Buyers
18034.0,21,2,342.84,3.2343396226415093,367,-0.7654142945618091,-0.4287523615831239,-0.4490755063199574,2,0,2,2,New/Occasional Buyers
18035.0,35,3,240.93,6.340263157894737,196,-0.6128350472846611,0.0019066252877515,-0.63560200373261,2,0,2,2,New/Occasional Buyers
18036.0,31,3,403.12,4.288510638297873,232,-0.6564291179352748,0.0019066252877515,-0.3387446529784335,2,0,2,2,New/Occasional Buyers
18037.0,153,6,33.17,2.073125,17,0.6731900369084426,1.293883585900378,-1.0158664046986847,0,0,0,0,Regular Average Customers
18040.0,18,2,340.20000000000005,18.9,146,-0.7981098475497693,-0.4287523615831239,-0.4539075144954985,2,0,2,2,New/Occasional Buyers
18042.0,53,1,93.35,15.558333333333332,27,-0.4166617293568995,-0.8594113484539994,-0.9057185819698708,2,0,2,2,New/Occasional Buyers
18043.0,24,3,426.59,3.9868224299065433,255,-0.7327187415738488,0.0019066252877515,-0.2957873681754215,2,0,2,2,New/Occasional Buyers
18044.0,3,11,1385.75,14.742021276595745,960,-0.9615876124895706,3.447178520254755,1.4597690566927934,3,0,3,3,Regular Average Customers
18045.0,44,1,145.09,3.72025641025641,134,-0.5147483883207804,-0.8594113484539994,-0.8110185429537718,2,0,2,2,New/Occasional Buyers
18048.0,202,2,95.97,15.995,55,1.2072174023784603,-0.4287523615831239,-0.9009231799168717,1,0,0,1,At-Risk Customers
18053.0,65,2,280.07,14.0035,299,-0.2858795174050585,-0.4287523615831239,-0.5639638219179576,2,0,2,2,New/Occasional Buyers
18056.0,287,1,293.7,17.276470588235295,206,2.133591403704001,-0.8594113484539994,-0.5390167494055991,1,0,0,1,At-Risk Customers
18058.0,9,1,6.959999999999999,6.959999999999999,24,-0.8961965065136501,-0.8594113484539994,-1.0638387282899475,2,0,2,2,New/Occasional Buyers
18059.0,8,4,280.81,14.779473684210526,251,-0.9070950241763036,0.432565612158627,-0.5626093953839043,0,0,2,0,Regular Average Customers
18061.0,21,10,1053.39,37.62107142857143,327,-0.7654142945618091,3.0165195333838795,0.8514485122901914,3,0,3,3,Regular Average Customers
18062.0,172,3,282.45,23.5375,111,0.8802618724988576,0.0019066252877515,-0.5596076933354621,1,0,0,1,At-Risk Customers
18064.0,132,1,48.0,16.0,24,0.4443211659927207,-0.8594113484539994,-0.9887229648338076,2,0,0,2,New/Occasional Buyers
18066.0,74,1,318.0,31.8,108,-0.1877928584411777,-0.8594113484539994,-0.4945403105170949,2,0,2,2,New/Occasional Buyers
18067.0,39,1,319.03,9.115142857142857,182,-0.5692409766340475,-0.8594113484539994,-0.4926550952061831,2,0,2,2,New/Occasional Buyers
18069.0,25,7,1837.57,4.129370786516854,1241,-0.7218202239111954,1.7245425727712531,2.2867379710386344,3,0,1,3,Regular Average Customers
18071.0,257,2,369.4,17.59047619047619,220,1.8066358738243984,-0.4287523615831239,-0.4004625755842097,1,0,0,1,At-Risk Customers
18072.0,154,2,109.68,3.538064516129032,143,0.684088554571096,-0.4287523615831239,-0.8758296829143452,1,0,0,1,At-Risk Customers
18077.0,7,11,2404.95,10.93159090909091,1713,-0.917993541838957,3.447178520254755,3.325217061432028,3,0,3,3,Regular Average Customers
18078.0,216,2,185.98,7.749166666666666,106,1.3597966496556082,-0.4287523615831239,-0.7361773254166963,1,0,0,1,At-Risk Customers
18079.0,44,3,571.69,8.53268656716418,948,-0.5147483883207804,0.0019066252877515,-0.0302099491333659,0,0,2,0,Regular Average Customers
18081.0,35,3,290.58000000000004,20.755714285714287,156,-0.6128350472846611,0.0019066252877515,-0.5447273045221477,2,0,2,2,New/Occasional Buyers
18082.0,25,1,562.88,8.934603174603174,432,-0.7218202239111954,-0.8594113484539994,-0.0463349461131076,2,0,2,2,New/Occasional Buyers
18084.0,300,1,-2.95,-2.95,-1,2.2752721333184955,-0.8594113484539994,-1.0819770620094984,1,0,0,1,At-Risk Customers
18085.0,329,2,689.95,23.79137931034483,265,2.5913291455354446,-0.4287523615831239,0.1862420534573542,1,0,0,1,At-Risk Customers
18086.0,273,1,101.34,14.477142857142857,106,1.981012156426853,-0.8594113484539994,-0.8910944360143502,1,0,0,1,At-Risk Customers
18087.0,301,1,-10.2,-10.2,-12,2.286170650981149,-0.8594113484539994,-1.0952467814309657,1,0,0,1,At-Risk Customers
18088.0,60,1,132.03,3.883235294117647,104,-0.3403721057183256,-0.8594113484539994,-0.834922340973684,2,0,2,2,New/Occasional Buyers
18093.0,119,3,375.5,23.46875,233,0.3026404363782262,0.0019066252877515,-0.3892977082089061,2,0,0,2,New/Occasional Buyers
18094.0,81,6,1705.46,31.582592592592597,826,-0.1115032348026037,1.293883585900378,2.044936228587594,3,0,1,3,Regular Average Customers
18095.0,312,2,283.8,18.92,200,2.4060543452703365,-0.4287523615831239,-0.5571367800638786,1,0,0,1,At-Risk Customers
18096.0,11,3,724.54,3.937717391304348,550,-0.8743994711883433,0.0019066252877515,0.2495523423937062,0,0,2,0,Regular Average Customers
18097.0,7,7,1972.99,22.678045977011493,1103,-0.917993541838957,1.7245425727712531,2.5345980267703725,3,0,1,3,Regular Average Customers
18099.0,126,1,160.36,8.908888888888889,148,0.3789300600168002,-0.8594113484539994,-0.7830697683929712,2,0,0,2,New/Occasional Buyers
18101.0,10,2,162.7,4.281578947368421,81,-0.8852979888509966,-0.4287523615831239,-0.7787868520555596,2,0,2,2,New/Occasional Buyers
18104.0,36,1,424.64,15.165714285714284,322,-0.6019365296220077,-0.8594113484539994,-0.2993564651232644,2,0,2,2,New/Occasional Buyers
18105.0,37,1,103.53,6.09,45,-0.5910380119593543,-0.8594113484539994,-0.8870860655960037,2,0,2,2,New/Occasional Buyers
18106.0,329,1,196.05,7.001785714285715,77,2.5913291455354446,-0.8594113484539994,-0.7177461427168101,1,0,0,1,At-Risk Customers
18108.0,248,2,194.85,12.99,74,1.7085492148605177,-0.4287523615831239,-0.7199425100693289,1,0,0,1,At-Risk Customers
18110.0,18,2,150.65,3.9644736842105264,63,-0.7981098475497693,-0.4287523615831239,-0.8008420408871019,2,0,2,2,New/Occasional Buyers
18112.0,11,2,198.52,11.02888888888889,100,-0.8743994711883433,-0.4287523615831239,-0.7132252865828758,2,0,2,2,New/Occasional Buyers
18114.0,289,1,137.9,6.2681818181818185,48,2.155388439029308,-0.8594113484539994,-0.8241784440076133,1,0,0,1,At-Risk Customers
18116.0,67,8,1084.15,3.1243515850144097,693,-0.2640824820797516,2.155201559642129,0.9077487287597548,3,0,1,3,Regular Average Customers
18117.0,25,1,220.67,3.44796875,243,-0.7218202239111954,-0.8594113484539994,-0.6726840058676344,2,0,2,2,New/Occasional Buyers
18120.0,213,1,75.35,5.382142857142857,27,1.3271010966676478,-0.8594113484539994,-0.9386640922576516,1,0,0,1,At-Risk Customers
18121.0,148,2,615.8,20.526666666666664,408,0.6186974485951755,-0.4287523615831239,0.0505248541329679,1,0,2,1,At-Risk Customers
18122.0,7,6,1609.62,4.706491228070176,1043,-0.917993541838957,1.293883585900378,1.8695196893664323,3,0,1,3,Regular Average Customers
18123.0,23,2,374.16,12.902068965517245,282,-0.7436172592365022,-0.4287523615831239,-0.3917503184192187,2,0,2,2,New/Occasional Buyers
18125.0,29,5,1022.42,5.467486631016042,663,-0.6782261532605817,0.8632245990295024,0.7947639315339371,0,0,1,0,Regular Average Customers
18126.0,60,1,192.67,3.7778431372549024,134,-0.3403721057183256,-0.8594113484539994,-0.7239325774264045,2,0,2,2,New/Occasional Buyers
18127.0,18,3,257.09000000000003,6.427250000000001,145,-0.7981098475497693,0.0019066252877515,-0.6060242567186911,2,0,2,2,New/Occasional Buyers
18129.0,242,1,99.8,7.676923076923078,47,1.643158108884597,-0.8594113484539994,-0.8939131074500827,1,0,0,1,At-Risk Customers
18130.0,8,4,927.51,14.722380952380952,678,-0.9070950241763036,0.432565612158627,0.6210495770109772,0,0,2,0,Regular Average Customers
18135.0,28,4,206.25,13.75,75,-0.6891246709232351,0.432565612158627,-0.699077020220401,2,0,2,2,New/Occasional Buyers
18136.0,62,4,744.83,19.600789473684213,371,-0.3185750703930188,0.432565612158627,0.2866892537125438,0,0,2,0,Regular Average Customers
18138.0,294,1,67.80000000000001,16.950000000000003,28,2.209881027342574,-0.8594113484539994,-0.9524829035172488,1,0,0,1,At-Risk Customers
18142.0,150,3,129.78,16.2225,49,0.6404944839204822,0.0019066252877515,-0.8390405297596566,1,0,0,1,At-Risk Customers
18143.0,116,2,895.8100000000001,16.589074074074077,557,0.2699448833902659,-0.4287523615831239,0.563028872781941,0,0,2,0,Regular Average Customers
18144.0,30,11,912.15,36.486,271,-0.6673276355979283,3.447178520254755,0.5929360748987378,3,0,3,3,Regular Average Customers
18146.0,140,2,160.35000000000002,16.035000000000004,153,0.5315093072939481,-0.4287523615831239,-0.7830880714542421,2,0,0,2,New/Occasional Buyers
18147.0,45,2,147.83999999999995,24.64,128,-0.5038498706581269,-0.4287523615831239,-0.8059852011042499,2,0,2,2,New/Occasional Buyers
18149.0,50,3,323.7,26.975,148,-0.4493572823448598,0.0019066252877515,-0.484107565592631,2,0,2,2,New/Occasional Buyers
18150.0,31,3,566.58,15.312972972972974,332,-0.6564291179352748,0.0019066252877515,-0.0395628134428414,0,0,2,0,Regular Average Customers
18151.0,134,2,560.7,16.491176470588236,346,0.4661182013180275,-0.4287523615831239,-0.0503250134701832,2,0,2,2,New/Occasional Buyers
18154.0,2,2,360.94,18.99684210526316,252,-0.972486130152224,-0.4287523615831239,-0.4159469654194667,2,0,2,2,New/Occasional Buyers
18155.0,74,4,327.66,12.135555555555555,210,-0.1877928584411777,0.432565612158627,-0.4768595533293192,0,0,2,0,Regular Average Customers
18156.0,12,2,639.19,5.326583333333334,280,-0.8635009535256898,-0.4287523615831239,0.0933357144458122,2,0,2,2,New/Occasional Buyers
18158.0,8,3,451.75,12.907142857142857,353,-0.9070950241763036,0.0019066252877515,-0.2497368660176123,2,0,2,2,New/Occasional Buyers
18159.0,300,1,257.25,16.078125,113,2.2752721333184955,-0.8594113484539994,-0.6057314077383553,1,0,0,1,At-Risk Customers
18160.0,56,2,499.06,16.098709677419354,248,-0.3839661763689393,-0.4287523615831239,-0.1631450831445617,2,0,2,2,New/Occasional Buyers
18161.0,9,6,1275.42,18.22028571428572,719,-0.8961965065136501,1.293883585900378,1.257831381689968,3,0,1,3,Regular Average Customers
18164.0,30,2,332.45,15.83095238095238,176,-0.6673276355979283,-0.4287523615831239,-0.4680923869805153,2,0,2,2,New/Occasional Buyers
18165.0,176,1,177.66,19.74,134,0.9238559431494712,-0.8594113484539994,-0.7514054723941596,1,0,0,1,At-Risk Customers
18167.0,3,6,1230.11,30.002682926829277,347,-0.9615876124895706,1.293883585900378,1.1749002110711153,3,0,1,3,Regular Average Customers
18168.0,175,8,836.38,7.028403361344537,473,0.9129574254868178,2.155201559642129,0.4542537796484512,0,0,3,0,Regular Average Customers
18169.0,60,1,151.65,18.95625,57,-0.3403721057183256,-0.8594113484539994,-0.7990117347600029,2,0,2,2,New/Occasional Buyers
18170.0,32,3,490.51,18.16703703703704,237,-0.6455306002726214,0.0019066252877515,-0.1787942005312576,2,0,2,2,New/Occasional Buyers
18171.0,58,7,652.88,18.135555555555555,308,-0.3621691410436324,1.7245425727712531,0.1183926053257965,0,0,1,0,Regular Average Customers
18173.0,86,4,884.98,42.14190476190476,318,-0.0570106464893366,0.432565612158627,0.5432066574254595,0,0,2,0,Regular Average Customers
18177.0,30,7,1251.22,17.14,674,-0.6673276355979283,1.7245425727712531,1.2135379734141736,3,0,1,3,Regular Average Customers
18178.0,113,6,1503.82,15.99808510638298,878,0.2372493304023057,1.293883585900378,1.6758733011193645,3,0,1,3,Regular Average Customers
18179.0,8,5,1233.24,16.22684210526316,863,-0.9070950241763036,0.8632245990295024,1.1806290692489347,0,0,1,0,Regular Average Customers
18180.0,4,6,1637.38,15.160925925925929,1250,-0.9506890948269172,1.293883585900378,1.9203289874546987,3,0,1,3,Regular Average Customers
18181.0,23,1,324.40000000000003,8.536842105263158,129,-0.7436172592365022,-0.8594113484539994,-0.4828263513036617,2,0,2,2,New/Occasional Buyers
18183.0,217,6,481.3200000000001,12.666315789473686,290,1.3706951673182617,1.293883585900378,-0.1956147138392967,1,0,0,1,At-Risk Customers
18185.0,248,1,214.25,15.303571428571429,175,1.7085492148605177,-0.8594113484539994,-0.6844345712036095,1,0,0,1,At-Risk Customers
18188.0,14,4,1342.17,21.64790322580645,767,-0.841703918200383,0.432565612158627,1.380004315673822,0,0,1,0,Regular Average Customers
18189.0,77,3,885.44,15.5340350877193,540,-0.1550973054532174,0.0019066252877515,0.5440485982439252,0,0,2,0,Regular Average Customers
18190.0,191,2,219.16000000000005,18.263333333333332,134,1.0873337080892729,-0.4287523615831239,-0.6754477681195536,1,0,0,1,At-Risk Customers
18191.0,261,1,37.4,18.7,44,1.850229944475012,-0.8594113484539994,-1.0081242097810563,1,0,0,1,At-Risk Customers
18192.0,71,1,698.82,19.41166666666667,282,-0.2204884114291379,-0.8594113484539994,0.2024768688047217,2,0,2,2,New/Occasional Buyers
18193.0,164,2,188.06,12.537333333333333,118,0.7930737311976302,-0.4287523615831239,-0.7323702886723307,1,0,0,1,At-Risk Customers
18196.0,94,2,585.93,4.405488721804511,422,0.0301774948118907,-0.4287523615831239,-0.0041463898834772,2,0,2,2,New/Occasional Buyers
18200.0,105,1,150.35,5.011666666666667,104,0.1500611891010783,-0.8594113484539994,-0.8013911327252314,2,0,0,2,New/Occasional Buyers
18202.0,199,3,1058.99,19.98094339622641,547,1.1745218493905,0.0019066252877515,0.8616982266019453,1,0,0,1,At-Risk Customers
18203.0,156,1,126.07,7.879375,39,0.7058855898964028,-0.8594113484539994,-0.8458309654911936,1,0,0,1,At-Risk Customers
18204.0,70,4,1653.55,9.395170454545454,1151,-0.2313869290917914,0.432565612158627,1.949925037529888,3,0,1,3,Regular Average Customers
18205.0,35,2,408.86,16.354400000000002,180,-0.6128350472846611,-0.4287523615831239,-0.3282386958088856,2,0,2,2,New/Occasional Buyers
18209.0,28,1,139.10000000000002,17.387500000000003,58,-0.6891246709232351,-0.8594113484539994,-0.8219820766550945,2,0,2,2,New/Occasional Buyers
18210.0,1,6,1907.18,18.51631067961165,1052,-0.9833846478148774,1.293883585900378,2.4141455805459917,3,0,1,3,Regular Average Customers
18211.0,25,5,515.0699999999999,13.206923076923076,349,-0.7218202239111954,0.8632245990295024,-0.1338418820497078,0,0,1,0,Regular Average Customers
18212.0,325,1,175.47,5.660322580645161,88,2.547735074884831,-0.8594113484539994,-0.7554138428125061,1,0,0,1,At-Risk Customers
18213.0,236,1,232.48,15.498666666666669,232,1.5777670029086763,-0.8594113484539994,-0.6510680905065959,1,0,0,1,At-Risk Customers
18215.0,88,1,266.34000000000003,22.195000000000004,114,-0.0352136111640298,-0.8594113484539994,-0.5890939250430259,2,0,2,2,New/Occasional Buyers
18216.0,30,1,360.85,18.0425,189,-0.6673276355979283,-0.8594113484539994,-0.4161116929709055,2,0,2,2,New/Occasional Buyers
18217.0,28,2,515.67,18.416785714285712,347,-0.6891246709232351,-0.4287523615831239,-0.1327436983734484,2,0,2,2,New/Occasional Buyers
18218.0,205,4,278.9,16.405882352941177,166,1.2399129553664203,0.432565612158627,-0.5661052800866634,1,0,0,1,At-Risk Customers
18219.0,2,10,1616.92,16.842916666666667,839,-0.972486130152224,3.0165195333838795,1.8828809240942543,3,0,3,3,Regular Average Customers
18220.0,219,1,-7.5,-3.75,-6,1.3924922026435684,-0.8594113484539994,-1.0903049548877983,1,0,0,1,At-Risk Customers
18221.0,21,6,905.52,16.169999999999998,626,-0.7654142945618091,1.293883585900378,0.5808011452760716,0,0,1,0,Regular Average Customers
18222.0,92,1,333.87,23.847857142857144,228,0.0083804594865838,-0.8594113484539994,-0.4654933522800348,2,0,2,2,New/Occasional Buyers
18224.0,263,1,158.95000000000002,15.895,69,1.8720269798003188,-0.8594113484539994,-0.7856505000321805,1,0,0,1,At-Risk Customers
18227.0,217,1,30.0,15.0,16,1.3706951673182617,-0.8594113484539994,-1.0216684751215883,1,0,0,1,At-Risk Customers
18228.0,49,3,749.3000000000001,24.170967741935485,234,-0.4602558000075132,0.0019066252877515,0.294870722100676,0,0,2,0,Regular Average Customers
18230.0,8,10,1939.3,23.94197530864198,968,-0.9070950241763036,3.0165195333838795,2.4729350133484096,3,0,3,3,Regular Average Customers
18231.0,191,6,1463.42,14.48930693069307,684,1.0873337080892729,1.293883585900378,1.601928933584568,3,0,1,3,Regular Average Customers
18232.0,81,5,523.07,14.529722222222224,293,-0.1115032348026037,0.8632245990295024,-0.1191994330329161,0,0,2,0,Regular Average Customers
18235.0,71,3,1477.78,16.062826086956523,1272,-0.2204884114291379,0.0019066252877515,1.6282121295697085,0,0,0,0,Regular Average Customers
18236.0,29,6,818.64,18.192,395,-0.6782261532605817,1.293883585900378,0.4217841489537161,0,0,1,0,Regular Average Customers
18237.0,2,5,819.5699999999999,15.760961538461537,515,-0.972486130152224,0.8632245990295024,0.423486333651918,0,0,1,0,Regular Average Customers
18239.0,218,5,1457.81,17.354880952380952,785,1.381593684980915,0.8632245990295024,1.5916609162115427,0,0,1,0,Regular Average Customers
18240.0,45,1,125.58,25.116000000000003,66,-0.5038498706581269,-0.8594113484539994,-0.846727815493472,2,0,2,2,New/Occasional Buyers
18242.0,71,4,1629.92,24.695757575757572,750,-0.2204884114291379,0.432565612158627,1.9066749037465407,3,0,1,3,Regular Average Customers
18245.0,6,7,2266.43,14.077204968944098,1695,-0.9288920595016104,1.7245425727712531,3.071683056706284,3,0,1,3,Regular Average Customers
18246.0,232,1,29.5,29.5,10,1.5341729322580626,-0.8594113484539994,-1.022583628185138,1,0,0,1,At-Risk Customers
18248.0,113,4,578.84,14.118048780487806,415,0.2372493304023057,0.432565612158627,-0.0171232603246085,0,0,0,0,Regular Average Customers
18249.0,16,1,81.66,13.61,56,-0.8199068828750762,-0.8594113484539994,-0.9271148605956574,2,0,2,2,New/Occasional Buyers
18250.0,300,2,264.27,14.681666666666665,157,2.2752721333184955,-0.4287523615831239,-0.5928826587261208,1,0,0,1,At-Risk Customers
18252.0,50,2,377.27,4.438470588235294,222,-0.4493572823448598,-0.4287523615831239,-0.3860580663639411,2,0,2,2,New/Occasional Buyers
18255.0,88,1,103.3,17.216666666666665,74,-0.0352136111640298,-0.8594113484539994,-0.8875070360052364,2,0,2,2,New/Occasional Buyers
18257.0,38,11,1948.66,17.877614678899082,892,-0.5801394942967009,3.447178520254755,2.490066678698055,3,0,3,3,Regular Average Customers
18259.0,24,3,2203.6000000000004,53.746341463414645,678,-0.7327187415738488,0.0019066252877515,2.956684922740658,3,0,1,3,Regular Average Customers
18260.0,172,8,2099.46,17.792033898305085,1220,0.8802618724988576,2.155201559642129,2.7660768426645745,3,0,3,3,Regular Average Customers
18261.0,42,2,314.29,15.7145,145,-0.5365454236460871,-0.4287523615831239,-0.5013307462486319,2,0,2,2,New/Occasional Buyers
18262.0,139,1,149.48,11.498461538461536,182,0.5206107896312947,-0.8594113484539994,-0.8029834990558076,2,0,0,2,New/Occasional Buyers
18263.0,22,4,1040.32,20.39843137254902,1023,-0.7545157768991556,0.432565612158627,0.827526411209008,0,0,1,0,Regular Average Customers
18265.0,71,2,609.11,17.403142857142857,293,-0.2204884114291379,-0.4287523615831239,0.0382801061426761,2,0,2,2,New/Occasional Buyers
18270.0,37,3,238.95,21.722727272727276,97,-0.5910380119593543,0.0019066252877515,-0.6392260098642657,2,0,2,2,New/Occasional Buyers
18273.0,1,2,102.0,51.0,40,-0.9833846478148774,-0.4287523615831239,-0.889886433970465,2,0,2,2,New/Occasional Buyers
18274.0,17,2,14.220000000000002,0.7484210526315791,18,-0.8090083652124227,-0.4287523615831239,-1.0505507058072094,2,0,2,2,New/Occasional Buyers
18276.0,20,3,200.96,14.354285714285714,136,-0.7763128122244625,0.0019066252877515,-0.7087593396327543,2,0,2,2,New/Occasional Buyers
18277.0,57,1,110.38,13.7975,68,-0.3730676587062859,-0.8594113484539994,-0.8745484686253759,2,0,2,2,New/Occasional Buyers
18278.0,73,1,173.9,19.322222222222223,66,-0.1986913761038311,-0.8594113484539994,-0.7582874234320516,2,0,2,2,New/Occasional Buyers
18280.0,277,1,137.0,17.125,40,2.0246062270774665,-0.8594113484539994,-0.8258257195220022,1,0,0,1,At-Risk Customers
18281.0,180,1,46.92,9.384,52,0.9674500138000848,-0.8594113484539994,-0.9906996954510744,1,0,0,1,At-Risk Customers
18282.0,7,3,111.68,12.408888888888889,46,-0.917993541838957,0.0019066252877515,-0.8721690706601473,2,0,2,2,New/Occasional Buyers
18287.0,42,3,960.76,19.2152,778,-0.5365454236460871,0.0019066252877515,0.6819072557370168,0,0,2,0,Regular Average Customers
